id_proyek,P001_biaya,P002_biaya,F001_biaya,F002_biaya,F003_biaya,S001_biaya,S002_biaya,S003_biaya,D001_biaya,D002_biaya,A001_biaya,A002_biaya,FN001_biaya,FN002_biaya,FN003_biaya,M001_biaya,M002_biaya,M003_biaya,total_biaya
PROJ_0000,1234350.0,2279750.0,16430250.0,41454800.0,220863999.99999997,241955500.0,272587000.0,242500000.0,20471250.0,9131850.0,9517800.0,6433400.0,8495200.0,31731250.0,120361500.00000001,5950000.0,4225650.0,6828750.0,1262452300.0
PROJ_0001,3089400.0,5252500.0,39429000.0,107362900.0,562224000.0,551570000.0,558188400.0,443755600.0,45078750.0,17059500.0,29767050.0,20647300.0,15447250.0,50842500.0,219424500.0,21981000.000000004,12862850.0,17790000.0,2721772500.0
PROJ_0002,1878000.0,3091500.0,19002000.0,40762900.0,215772500.0,210738500.0,229045600.0,208996200.0,22207500.0,7750350.0,15596200.0,12548550.0,18221700.0,63922500.0,215752500.0,18656650.0,13472550.0,15992250.0,1333407950.0
PROJ_0003,1059900.0,2183000.0,13888500.0,29205950.0,141984000.0,189363500.0,204310400.0,176239300.0,18263750.0,6617700.0,12790450.0,7388150.0,4603550.0,15925000.0,70452000.0,6699699.999999999,4944550.0,6086250.0,912005650.0
PROJ_0004,5773050.0,10694000.0,71547000.0,186233950.0,1074026000.0,1346340000.0,1460533200.0,1386789600.0,130738750.00000001,37692450.0,52514650.0,32492849.999999996,41268150.0,166190000.0,477324000.0,32776000.000000004,22508200.0,24540750.0,6559982600.0
PROJ_0005,7902600.000000001,12347750.0,70782750.0,142250200.0,770882000.0,896638500.0,756128800.0,742787200.0,89983750.0,26089650.0,108141000.0,52045750.0,74975950.0,281447500.0,804694500.0,92869300.0,92493050.0,81525750.0,5103986000.0
PROJ_0006,6196350.0,10338250.0,57452250.0,174597450.0,801065500.0,845015500.0,1039133199.9999999,802859300.0,68146250.0,31471200.0,73803550.0,32924150.0,26275200.0,107053750.0,429921000.0,30186900.0,26467350.0,35025000.0,4597932150.0
PROJ_0007,2959650.0,4552750.0,13700249.999999998,37096200.0,175346500.0,248814500.00000003,236983600.0,238843100.0,24818750.0,7223850.0,28994200.0,23105900.0,6540100.000000001,28390000.0,103131000.0,14835900.0,13348400.0,13731750.0,1222416400.0
PROJ_0008,6262350.0,11767250.0,54671250.0,164699950.0,786913000.0,932539000.0,777777000.0,772595300.0,71790000.0,24472800.0,88341250.0,47227350.0,37187850.0,169946250.0,515636999.99999994,49570299.99999999,40269450.0,56722500.0,4608389850.0
PROJ_0009,6962850.0,9219500.0,87591750.00000001,211142350.0,969221000.0,776587000.0,737410800.0,1020663100.0,76921250.0,31452300.000000004,66752200.0,33725000.0,32469150.000000004,122536250.0,409585500.0,34612000.0,31188950.0,31618500.0,4689659450.0
PROJ_0010,4034850.0,6910250.000000001,20208000.0,41478850.0,176417500.0,229225500.0,264413800.0,261967900.0,25310000.0,8450100.0,39602400.0,27121550.0,7706300.0,33522500.0,118098000.0,21017100.0,13941200.0,20544750.0,1319970550.0
PROJ_0011,6245700.0,9570000.0,76944000.0,194109400.0,702933000.0,969342000.0,937683600.0,1120456700.0,73618750.0,30534749.999999996,63527400.0,33060000.0,51459800.0,157085000.0,707238000.0,51706349.99999999,31556850.0,43830000.0,5260901300.0
PROJ_0012,6085200.0,11311500.0,103840500.0,272625250.0,896180499.9999999,1208286000.0,1522528000.0,1424532300.0,129971250.0,38532600.0,59110700.0,47251100.0,37019150.0,156007500.0,690223500.0,30262549.999999996,31027750.0,29394000.0,6694189350.0
PROJ_0013,6790350.0,10841500.0,28482000.0,53949700.0,283152000.0,382213500.0,318588200.0,313232400.0,26677500.0,14016150.000000002,67226350.0,42834550.0,18958100.0,62467500.0,219955500.0,49321250.0,40655550.0,39112500.0,1978474600.0
PROJ_0014,9383250.0,15225750.0,50891250.0,137769500.0,525580500.00000006,897037500.0,903746200.0,900383100.0,67352500.0,22552200.0,74096450.0,45872650.0,53575200.0,186935000.0,971392500.0,76370800.0,60048300.0,91857750.0,5090070400.0
PROJ_0015,11286000.0,20225500.0,92061000.0,248771350.0,1046350000.0,1024727000.0000001,1136986200.0,1015299000.0,91215000.0,34539300.0,97856150.0,82635750.0,76909000.0,261653750.0,982552499.9999999,140887500.0,88333050.0,117487500.0,6569775550.0
PROJ_0016,8997750.0,10908250.0,87098250.0,179305700.0,791333000.0,1180156500.0,1317443400.0,1028491000.0,107891250.0,34622100.0,82963200.0,55793499.99999999,95929750.0,344340000.0,1008823500.0,96159650.0,73021000.0,84501750.0,6587779550.0
PROJ_0017,1567950.0,3083000.0,18212250.0,38912900.0,190408500.0,257117499.99999997,298047400.0,240608500.0,28523750.0,9238050.0,20173850.0,11838900.0,8817200.0,33008750.0,132813000.0,10675150.0,8283600.0,9835499.999999998,1321165750.0
PROJ_0018,5242950.0,6613249.999999999,20075250.0,48847400.00000001,264239500.0,277248000.0,283112200.0,336299000.0,26073750.0,8353799.999999999,44462800.0,27531950.0,11175150.0,48517500.0,198886500.0,44498350.0,25298000.0,36915000.0,1713390350.0
PROJ_0019,2074500.0000000002,4720500.0,20871750.0,62393100.0,253886500.0,354435500.0,333895800.0,378076900.0,28642500.0,13431600.0,24825450.0,17930300.0,32016600.0,120327500.0,321250500.0,24959400.0,18782400.0,21791250.0,2034312050.0
PROJ_0020,8627400.0,16668000.0,149848500.0,312333650.0,1498796500.0,1664086500.0,1760432800.0,1309325400.0,140788750.0,56783699.99999999,80579400.0,55924599.99999999,87275650.0,311638750.0,1092231000.0,79467350.0,49274550.0,58151250.0,8732233750.0
PROJ_0021,11095950.0,18591250.0,87312000.0,226643499.99999997,951150000.0,1112383500.0,974031800.0,962899600.0,82366250.0,30509100.0,128032100.0,71987200.0,75480300.0,333880000.0,1112512500.0,99780650.00000001,87447100.0,94830000.0,6460932800.0
PROJ_0022,10899750.0,15561250.000000002,56496750.0,138683400.0,800538500.0,770716000.0,1120296800.0,838972400.0,95087500.0,32105700.0,103373400.0,57439850.0,89463850.0,329807500.0,825322500.0,101331050.00000001,103286300.0,104631000.0,5594013500.0
PROJ_0023,3263700.0,5573000.0,72681750.0,183651350.0,804967000.0,936918500.0,816261600.0,745154000.0,75208750.0,25790400.0,32640950.000000004,19669750.0,24994550.0,102897500.0,275760000.0,20981400.0,17392050.0,19812750.0,4183619000.0
PROJ_0024,4998000.0,8431500.0,20337750.0,38901800.0,210375000.0,272051500.0,242069800.0,217939600.0,22236250.0,8837550.0,45502450.0,26882150.000000004,14828100.0,54856250.0,148590000.0,44822200.00000001,23608650.0,39486750.0,1444755300.0
PROJ_0025,4534200.0,5150750.0,21219750.0,56267749.99999999,252926000.0,317889000.0,281524600.0,227057600.0,29181250.0,9635400.0,38823750.0,23515350.0,9217600.0,27566250.0,126247500.0,18060800.0,18169450.0,21880500.0,1488867500.0
PROJ_0026,5287200.0,8945000.0,61805250.00000001,195789200.0,827976500.0,882303000.0,835557800.0,844055200.0,87813750.0,37754550.0,61227700.0,32501400.0,53505200.0,158923750.0,686038500.0,40746450.0,36398050.0,46938000.0,4903566500.0
PROJ_0027,3224250.0,6409250.0,21329250.0,37876900.0,168997000.0,266038000.00000003,240119600.0,210393000.0,23565000.0,9437850.0,31543300.0,21118500.0,9481850.0,29988750.0,121783500.0,19796500.0,18272800.0,18927000.0,1258302300.0
PROJ_0028,4164150.0,9463000.0,73482750.0,155945750.0,720205000.0,1105410500.0,868701400.0,960300000.0,84222500.0,34589250.0,45930200.0,31432650.0,31404100.0,99976250.0,463059000.0,26471550.0,22610900.0,20749500.000000004,4758118450.0
PROJ_0029,3262350.0,6070500.0,39795750.0,95667200.0,515975500.0,536721500.0,589205400.0,597733400.0,43671250.0,19557900.0,39167400.0,26498350.0,39695600.0,187840000.0,715005000.0,37128850.0,36523500.0,44774250.0,3574293700.0
PROJ_0030,3898800.0000000005,7927750.0,67377750.0,184937100.0,864756000.0,606983500.0,749572600.0,772896000.0,61053750.0,23919749.999999996,53389000.0,23605600.0,36618400.0,151585000.0,446121000.0,35967750.0,33031050.0,31673250.0,4155314050.0
PROJ_0031,4123350.0,6616750.0,68392500.0,129775650.0,658971000.0,563673000.0,674073400.0,806613200.0,64562500.0,27595800.0,45068900.0,32739850.0,64554000.0,197390000.0,661621500.0,62620350.0,40078350.0,48969749.99999999,4157439850.0
PROJ_0032,3937949.9999999995,4821250.0,30447750.000000004,66281799.99999999,358632000.0,405574000.0,509629400.0,410562200.0,47183750.0,14373900.0,32129100.0,20993100.0,41933150.0,135966250.0,468598499.99999994,42772000.0,29489850.0,29289000.0,2652614950.0
PROJ_0033,1740000.0,2342750.0,18351000.0,55379750.00000001,216639500.0,280706000.0,355367600.0,272822200.0,33683750.0,12687300.0,15117700.0,10298950.0,11397050.0,44892500.0,126441000.00000001,7353350.0,6550050.0,7599750.0,1479370200.0
PROJ_0034,5344650.0,10687500.0,24713250.0,88609450.0,314908000.0,348688000.0,371812000.0,391065200.0,37201250.0,11972250.0,54070500.0,34083150.0,13619900.0,48776250.0,172197000.0,32372250.000000004,22222200.0,24849000.0,2007191800.0
PROJ_0035,5298300.0,11054250.0,107938500.0,260703850.0,1024275500.0,1273142500.0,1200647000.0,1424251000.0,133039999.99999999,49271850.0,67343800.0,37094650.0,46599700.0,168805000.0,499873499.99999994,39937250.0,21835450.0,36021000.0,6407133100.0
PROJ_0036,6332400.0,7975250.0,60721500.0,114703700.0,717697500.0,891594000.0,855089200.0,929114500.0,63943750.0,24973200.0,56905250.0,31541900.0,65293900.0,215761250.0,820467000.0,62829450.0,57046600.0,51900000.0,5033890350.0
PROJ_0037,8292300.000000001,11586500.0,55587750.0,147408000.0,654338500.0,751089000.0,859009200.0,731040500.0,74885000.0,29410199.999999996,72424600.0,55521800.00000001,37723350.0,177295000.0,598491000.0,72283150.0,52864500.0,46038000.0,4435288350.0
PROJ_0038,6139350.0,8788500.0,45655500.0,103263299.99999999,415573500.0,661266500.0,492518600.0,590894900.0,58775000.0,16009650.0,65091950.0,46226050.0,39076100.0,169576250.0,548829000.0,73337150.0,44619250.0,71370000.0,3457010550.0
PROJ_0039,2605200.0,3279000.0,6969750.000000001,19149350.0,92412000.0,102106000.0,92982400.0,89802600.0,11998750.0,3535649.9999999995,26656800.0,15092650.0,10228400.0,26097500.0,95130000.0,29882600.0,22990500.0,20832750.0,671751900.0
PROJ_0040,3377250.0,5861250.0,51972000.0,116198500.0,706562500.0,675326500.0,836390800.0,632585500.0,58471250.0,27399150.0,32423450.000000004,24116700.0,21019950.0,105752500.0,354721500.0,23372450.000000004,13276250.0,16635750.0,3705463250.0
PROJ_0041,3609300.0,6444499.999999999,52506750.0,116194800.00000001,613725500.0,718114500.0,783951000.0,714502000.0,68942500.0,28825199.999999996,35182800.0,22637550.0,27031550.0,105607500.0,326286000.0,22345650.0,19589050.0,19217250.0,3684713400.0
PROJ_0042,1885500.0,3017250.0,13340250.0,38825950.0,198160500.0,269667000.0,228967200.0,192933000.0,22136250.0,6614550.0,18384550.0,10977250.0,20589100.0,77472500.0,255532500.0,19185350.0,15469350.0,18419250.0,1411577300.0
PROJ_0043,8521050.0,10080250.0,60735000.0,129890350.0,770236000.0,730635500.0,688773400.0,616367100.0,61750000.0,25696800.0,67506200.0,42005200.0,66713500.0,228047500.0,653337000.0,77159600.0,76501100.0,80433000.0,4394388550.0
PROJ_0044,1832550.0,2700000.0,10760250.0,23544950.0,144721000.0,133228000.00000001,134857800.0,181729500.0,18401250.0,6192000.0,17890100.0,11789500.0,13301400.0,45330000.0,177025500.0,19342600.0,15807350.0,20344500.0,978798250.0
PROJ_0045,3816900.0,4415250.0,30390750.0,68551750.0,339719500.0,338485000.0,331935800.0,417614100.0,35347500.0,14881050.0,27126600.0,18072800.0,17866100.0,55231250.0,216270000.0,32345900.0,18298150.0,21009750.0,1991378150.0
PROJ_0046,4563000.0,7381500.0,30501000.0,69295450.0,378675000.0,352203000.0,412570200.0,452311000.0,45203750.0,13444200.0,46942300.0,24783600.0,29928850.0,101905000.0,483655500.0,45976500.0,41852850.0,36637500.0,2577830200.0
PROJ_0047,2318700.0,3828000.0,8460000.0,20216800.0,94384000.0,161034500.0,130085200.00000001,146828900.0,13101250.0,5434650.0,19488000.0,12828800.0,5649350.0,14513750.0,68787000.0,9417150.0,8696350.0,11689500.000000002,736761900.0
PROJ_0048,9517950.0,15982499.999999998,101034750.00000001,266314900.0,1197301500.0,1568298000.0,1579828600.0,1477765900.0,137222500.0,48229650.0,88448550.0,52678450.0,89747350.0,290396250.0,857268000.0,81772550.0,66102400.0,59930250.00000001,7987840050.0
PROJ_0049,1858050.0,2892500.0,26532000.0,88304200.0,438761500.00000006,369255500.0,511903000.0,382005400.0,44792500.0,17145000.0,19704049.999999996,11003850.0,15695750.0,64611250.0,175554000.0,10719350.0,7952100.0,11038500.0,2199728500.0
PROJ_0050,10118400.0,18135750.0,35762250.0,92683150.0,413066000.0,406742500.0,477211000.0,424569000.0,40352500.0,18281250.0,107765450.0,78310400.0,36628200.0,137338750.0,484614000.00000006,93070750.0,75542350.0,98501999.99999999,3048693700.0
PROJ_0051,3200250.0,7563249.999999999,21918000.0,55951400.0,323433500.0,301520500.0,430210200.0,400183200.0,28463750.0,13334400.0,42005050.0,28835349.999999996,34051500.0,116888750.0,400338000.0,40745600.0,36186800.0,45774000.00000001,2330603500.0
PROJ_0052,2189100.0,3756750.0000000005,16494750.0,46011350.0,229933500.0,169774500.0,178536400.0,203758200.0,18660000.0,6961950.0,17874150.0,13740799.999999998,16996000.0,60752500.0,224811000.0,26081399.999999996,19368050.0,23605500.0,1279305900.0
PROJ_0053,7540350.0,12149500.0,112306500.0,223343100.0,1110151000.0,1264573500.0,1482877200.0,1368670000.0,100088750.0,44682300.0,66840650.00000001,53888750.0,71073450.0,232827500.0,837504000.0,57105550.0,45679400.0,61710000.0,7153011500.0
PROJ_0054,5514750.0,8504250.0,38365500.0,81932800.0,393456500.0,412509000.0,460531400.0,565451800.0,45092500.0,14481900.0,43968350.0,31988400.000000004,44347800.0,134062500.0,561433500.0,64322050.0,37044800.0,52825500.0,2995833300.0
PROJ_0055,8799150.0,11905000.0,25411500.0,89342050.0,404923000.0,435404000.0,454524000.0,389862400.0,46577500.0,14859450.0,63336000.0,54739000.00000001,25589550.0,87632500.0,253930499.99999997,51899300.0,56832100.0,65502000.0,2541069000.0
PROJ_0056,4353150.0,7570250.0,14110499.999999998,34200950.0,137640500.0,167399500.0,183887200.0,231238300.0,16393750.0,6124500.0,45173300.0,25724099.999999996,14460950.0,61198750.0,203539500.0,51163200.0,43386200.0,36975750.0,1284540350.0
PROJ_0057,1345950.0,2235000.0,19605750.000000004,44979050.0,205785000.0,254837500.0,267990799.99999997,198811200.0,27332500.0,8600850.0,12422150.0,6955900.0,6508250.0,28987500.0,104247000.0,6380100.0,4683900.0,5196750.000000001,1206905150.0
PROJ_0058,6533250.0,10232750.0,63972000.0,115451099.99999999,566278500.0,688474500.0,787410400.0,765882900.0,75928750.0,30500550.0,61858450.0,47755550.0,30533650.0,121830000.0,477616499.99999994,44622450.0,43980300.0,51921750.0,3990783350.0
PROJ_0059,2719200.0,4152250.0,30934500.0,70214900.0,274830500.0,289664500.0,377799800.0,421901500.0,26608750.0,12153600.0,28082150.0,18905000.0,29397200.0,108071250.0,400464000.0,32077300.0,18209100.0,28969500.0,2175155000.0
PROJ_0060,5725500.0,13358500.0,29344500.0,76491950.0,320900500.0,481412500.0,474094600.0,435413600.0,46178750.0,16294049.999999998,75607350.0,51781650.00000001,17490900.0,50030000.0,194602500.0,46653950.0,25578800.0,34008750.0,2394968350.0
PROJ_0061,6338100.0,10593000.0,62325000.0,170068650.0,719686500.0,826376500.0,628983600.0,657058600.0,75080000.0,23082750.000000004,55513250.0,32075800.0,29016400.0,101211250.0,322173000.0,33846150.0,21199100.0,26863500.0,3801491150.0
PROJ_0062,1489950.0,3232750.0,19140750.0,48534750.00000001,221102000.0,279585000.0,217158200.0,282793800.0,23243750.0,7883550.0,16780850.0,10059550.0,7241149.999999999,25326250.0,84712500.0,9591400.0,8484450.0,8916000.0,1275276650.0
PROJ_0063,3970500.0,6375000.0,38814000.0,85830750.0,503897000.00000006,482438500.0,614989200.0,618433200.0,54072500.0,21643650.0,37207000.0,30660300.0,50152900.0,183667500.0,629505000.0,50807050.0,40855750.0,38117250.0,3491437050.0
PROJ_0064,8028150.000000001,13050500.0,55984500.0,164785050.0,619369500.0,679877000.0,575720600.0,602273000.0,72040000.0,21879450.0,70427950.0,43287700.0,55288800.0,222361250.0,825988500.0,66934950.0,63664900.0,70391250.0,4231353050.0
PROJ_0065,1192050.0,1860000.0000000002,10938000.0,27803650.0,133441500.00000001,158906500.0,162033200.0,182806200.0,16693750.000000002,5124600.0,12345300.0,8241250.0,4582550.0,19628750.0,62527499.99999999,7077950.0,4423900.0,6090749.999999999,825717400.0
PROJ_0066,2611500.0,4846500.0,51218250.0,102029350.0,566117000.0,722902500.0,717752000.0,535226600.0,65303749.99999999,16943400.0,26790200.0,21053900.0,21795200.0,73322500.0,248863500.0,18454350.0,13596700.0,14292000.0,3223119200.0
PROJ_0067,11896800.0,15286250.000000002,59512500.0,178748850.0,923576000.0,858572000.0,886635400.0,834607400.0,104582500.0,29303099.999999996,106158850.0,83103150.0,64368500.0,292078750.0,1033303500.0,130865999.99999999,83956600.0,99137250.0,5795693400.0
PROJ_0068,3871050.0,8156750.0,20718000.0,39212600.0,201815500.0,299886500.0,214169200.0,243314800.0,25346250.0,8335350.0,42485000.0,30138750.0,11361350.0,47051250.0,181242000.0,39086400.0,24293750.0,38092500.0,1478577000.0
PROJ_0069,9493800.0,20114000.0,34346250.0,99874100.0,363817000.0,443298500.0,522212600.0,420815100.0,43171250.0,19024650.0,127704400.0,61358600.0,48923350.0,169600000.0,626310000.0,133491650.0,101163400.0,110220000.0,3354938650.0
PROJ_0070,2499000.0,4583000.0,29680500.0,80713650.0,331882500.0,579766000.0,496624800.0,537806800.0,53526250.0,20286000.0,19685200.0,16701950.0,19039650.0,48251250.0,233491500.0,12569800.0,10811450.0,11841000.0,2509760300.0
PROJ_0071,3308250.0,5210000.0,46488000.0,113932250.0,656489000.0,719473000.0,699651400.0,840990000.0,78671250.0,26764650.0,41535250.0,22117900.0,29061900.0,75950000.0,360999000.0,24791950.0,18058950.0,18883500.0,3782376250.0
PROJ_0072,1134750.0,1694250.0,6945000.0,17711900.0,88077000.0,75012000.0,63994000.0,79772800.0,6102500.0,2327400.0,9725149.999999998,7471750.000000001,2201150.0,7796250.0,26500500.0,7033750.0,5042050.0,4406250.0,412948450.0
PROJ_0073,6630150.0,13939750.0,37305750.0,104687800.0,450967499.99999994,554762000.0,447869800.0,519134300.00000006,37301250.0,19324350.0,102036500.0,61430800.0,23503200.0,75591250.0,344758500.0,76029100.0,47210150.0,60093750.0,2982575900.0
PROJ_0074,6419100.0,12278000.0,29146500.0,70805050.0,326145000.0,343558000.0,370214600.0,316055100.0,40355000.0,12682799.999999998,66550650.00000001,40153650.0,16796150.0,70258750.0,218209500.0,45731700.0,46885800.0,46455000.0,2078700350.0
PROJ_0075,3033300.0,5164000.0,44844000.0,91195750.0,497938499.99999994,652460000.0,609256200.0,551095800.0,58362500.0,18794250.0,32221900.0,22080850.0,25845050.0,83801250.0,346216500.0,23006100.000000004,19967350.0,24439500.0,3109722800.0
PROJ_0076,7622850.0,8827000.0,22728000.0,52560350.0,198509000.0,271747500.0,264002200.0,273433300.0,26293750.0,9993150.0,67826650.0,35159500.0,21867300.0,75630000.0,331587000.0,68656200.0,57445700.0,57789750.0,1851679200.0
PROJ_0077,5259000.0,12736000.0,27387000.000000004,68148450.0,316013000.0,539590500.0,488745600.0,482390700.0,51730000.0,13021650.0,74701100.0,36265300.0,15901200.0,52395000.0,185805000.0,43153650.0,24196250.0,38931750.0,2476371150.0
PROJ_0078,4522200.0,8391250.0,70517250.0,120592250.0,787066000.0,850088500.0,923581400.0,726481500.0,80257500.0,30491100.0,48892550.0,28104799.999999996,37324350.0,169551250.0,435051000.0,43766500.0,37057800.0,28618500.0,4430355700.0
PROJ_0079,3672000.0,7573250.0,17502000.0,54273450.0,258434000.00000003,255312500.0,240688000.0,271687300.0,24490000.0,7502400.0,45609750.0,33598650.0,13216700.0,43751250.0,147933000.0,30126550.0,24791650.0,25630500.0,1505792950.0
PROJ_0080,2171850.0,2693750.0,20469750.0,38899950.0,188207000.0,204193000.0,202458200.0,241258400.0,23898750.0,8363700.000000001,16400950.0,13853850.000000002,9111550.0,44137500.0,137326500.0,14441500.0,10195900.0,10972500.0,1189054600.0
PROJ_0081,5454450.0,11784250.0,56560500.0,148122100.0,481414500.0,730303000.0,655992400.0,731506100.0,62560000.0,22162500.0,65400800.0,36347000.0,34948200.0,133998750.0,387288000.0,60441800.0,39519350.0,51309750.0,3715113450.0
PROJ_0082,7394850.0,12585250.0,63068250.0,164674050.0,687794500.0,737076500.0,700709800.0,860952600.0,63973750.0,24980400.0,60131500.0,48729300.00000001,35114100.0,151533750.0,583236000.0,66834650.0,41829450.0,53268000.0,4363886700.0
PROJ_0083,845850.0,1360000.0,5257500.0,10794750.0,66852500.00000001,48231500.0,67100600.0,60896600.0,4938750.0,2174400.0,6649700.0,5798800.0,1994300.0,5805000.0,20587500.0,5144200.0,3278600.0,4767000.0,322477550.0
PROJ_0084,2038349.9999999998,3318750.0,10089750.0,29588900.0,147951000.0,107540000.0,123372200.0,117311800.0,11775000.0,4857300.0,17650850.0,12015600.0,3985100.0,13168750.0,50188500.0,11959499.999999998,8322599.999999999,8775000.0,683908950.0
PROJ_0085,1724100.0,2126500.0,20893500.0,50993400.0,313641500.0,349524000.0,348791800.0,264422000.00000003,26997500.0,11727000.000000002,14215800.0,11445600.0,11960200.000000002,37812500.0,152928000.0,10420150.0,6590350.0,8165250.0,1644379150.0
PROJ_0086,3073350.0,3946500.0000000005,20263500.0,36321050.0,210706500.0,272194000.0,263816000.0,249231800.0,24498750.0,7250400.0,24055500.0,16147150.0,21275800.0,71425000.0,236344500.00000003,34403750.0,21664500.0,25756500.0,1542374550.0
PROJ_0087,2494050.0,3763750.0000000005,9423750.0,20836550.0,78837500.0,142481000.0,139630400.0,133675700.0,13197500.0,4813650.0,24945800.0,18256150.0,10500350.0,32592500.0,114984000.0,24796200.000000004,23854350.0,28782750.0,827865950.0
PROJ_0088,8200049.999999999,11465500.0,78595500.0,215702600.0,1028712500.0,1207972500.0,1227224600.0,1232132800.0,112870000.0,42263100.0,70784650.0,38513000.0,28878150.0,118318750.0,402318000.0,36520250.0,38007450.0,32601750.0,5931081150.0
PROJ_0089,4176300.0000000005,6493500.0,37269000.0,93151200.0,372886500.0,433637000.0,369616800.0,491499000.0,36092500.0,12730050.0,40066400.0,25721250.0,20179250.0,77393750.0,228559500.0,32067100.0,20827950.0,24055500.0,2326422550.0
PROJ_0090,3347100.0,6017500.0,14435250.0,37484700.0,153714000.0,157671500.0,188512800.0,156276700.0,18500000.0,7291350.0,38735300.0,30338250.000000004,12631850.0,43923750.0,210636000.0,48438950.0,38142650.0,31839749.999999996,1197937400.0
PROJ_0091,9597000.0,13688749.999999998,66336000.0,154371400.0,977899500.0,828105500.0,1170247400.0,1081472400.0,105027500.0,37486800.0,103453150.0,51781650.00000001,40336450.0,187093750.0,610119000.0,62388300.0,49109450.0,60438750.0,5608952750.0
PROJ_0092,3130200.0,5183500.0,66135749.99999999,129348299.99999999,766555500.0,936766500.0,698446000.0,875997300.0,78648750.0,29291400.0,30638500.0,20957950.0,21979300.0,98436250.0,406417500.0,22893899.999999996,17760600.0,22563750.0,4231150950.0
PROJ_0093,1426800.0,1811750.0,7638000.0,15538149.999999998,60511500.0,77558000.0,93717400.0,71295000.0,7375000.0,2316600.0,11481100.000000002,7605700.0,4237800.0,15895000.0,42822000.0,10363200.0,7601750.0,8099250.0,447294000.0
PROJ_0094,7974300.0,14053000.0,66154499.99999999,147169350.0,723460500.0,607477500.0,644683200.0,868392500.0,76660000.0,29208600.0,93922300.0,55896100.0,71127000.0,209648750.0,625729500.0,73002250.0,57095350.0,65438250.0,4437092950.0
PROJ_0095,7975049.999999999,15267500.000000002,39432000.0,90280000.0,343731500.0,541006000.0,478249800.0,404654900.0,42966250.0,15807150.0,80766450.0,65424599.99999999,27298600.0,95220000.0,272016000.0,80936150.0,59012200.0,55823249.99999999,2715867400.0
PROJ_0096,5472000.0,8553250.0,42005250.00000001,89713900.0,491470000.00000006,503842000.0,535668000.0,522442000.0,67826250.0,18885600.0,50966050.0,32922250.0,34935600.0,110336250.0,452412000.0,40397100.0,28405650.0,39616500.0,3075869650.0
PROJ_0097,3356400.0,6682500.0,41204250.0,87277450.0,481899000.00000006,509038500.00000006,467087600.0,506718300.0,38872500.0,19260000.0,31006800.0,22319300.0,42828100.0,121812500.0,446323500.0,43725700.0,25694500.0,35447250.0,2930554150.0
PROJ_0098,4041300.0000000005,6416750.0,37821750.0,117787650.00000001,578034000.0,515289499.99999994,735098000.0,637891400.0,60863750.0,22477050.0,45168950.0,30859799.999999996,20026650.000000004,72961250.0,240934500.0,20615050.0,19953050.0,17570250.0,3183810650.0
PROJ_0099,3263250.0,5005250.0,15707250.0,46668100.0,213588000.0,241870000.0,215404000.0,248213300.0,22492500.0,9362700.0,35749750.0,22628050.0,8321600.0,35447500.0,118575000.0,20290350.0,15405650.0,14529750.0,1292522000.0
PROJ_0100,3601650.0,4731000.0,41418750.0,135838100.0,565709000.0,523744499.99999994,544115600.0,529067099.99999994,63638750.0,18256500.0,34707200.0,22766750.0,21814450.0,80068750.0,252476999.99999997,14315699.999999998,14519700.0,12863250.0,2883653750.0
PROJ_0101,8465250.0,15635499.999999998,54457500.0,162467000.0,830390500.0,1056210000.0,1012927999.9999999,1095973900.0,86826250.0,37002150.0,104903150.0,60957700.0,92946700.0,256502500.0,822433500.0,103167900.0,83255250.0,95441250.0,5979964000.0
PROJ_0102,3999000.0000000005,7611499.999999999,24207000.0,65660200.0,280066500.0,415188000.0,327486600.0,316016300.0,35242500.0,13543200.0,45659050.0,27711500.0,34174000.0,105278750.0,322006500.0,37988200.0,27987700.0,36890250.0,2126716750.0
PROJ_0103,1545150.0,2431750.0,15855000.0,37888000.0,187926500.0,191748000.0,171921400.0,172233200.0,17786250.0,6430950.0,15008950.0,9899950.0,9731049.999999998,34151250.0,99153000.0,12847750.0,11642800.0,9456750.0,1007657700.0
PROJ_0104,2338350.0,2952750.0,6844500.0,16326250.0,62194500.0,110893500.0,96334000.0,114741300.0,8323750.0,3756150.0,24679000.0,14146450.0,7015400.0,30545000.0,104382000.0,27330900.0,17314050.0,18579000.0,668696850.0
PROJ_0105,5249850.0,11042750.0,91275750.0,153550000.0,953181500.0000001,1251596500.0,915222000.0,921335100.0,110155000.0,39007800.0,53191800.0,47747000.0,54210800.00000001,223055000.0,794929500.0,58695050.0,40150500.0,41463000.0,5765058900.0
PROJ_0106,7081950.0,9894750.0,112708500.0,223132199.99999997,1206413500.0,1213387500.0,1401057000.0,1346098100.0,148083750.0,56703150.0,56202000.0,51014050.0,56591850.0,165481250.0,676291500.0,38475250.0,26380250.0,35730000.0,6830726550.0
PROJ_0107,1276800.0,2936000.0,14913750.0,35495950.0,148112500.0,181744500.0,218785000.0,163095800.0,14116250.0,6271650.0,14924850.000000002,9751750.0,7165200.0,33102500.0,103918500.0,11381500.0,8116550.0,10852500.0,985961550.0
PROJ_0108,12644400.0,17104500.0,39222000.0,99544800.00000001,386282500.0,575567000.0,566440000.0,533034400.0,39058750.0,14301000.0,135445950.0,82551200.0,50173550.0,177040000.0,443691000.0,138967350.0,93300350.0,122517750.0,3526886500.0
PROJ_0109,638100.0,1212750.0,4374750.0,10953850.0,47209000.0,50986500.0,52802400.0,67104600.00000001,5171250.0,1867500.0,7845950.0,4852600.0,1894200.0,6446250.0,26968500.0,5241950.0,4040400.0,4077000.0,303687550.0
PROJ_0110,4234650.0,7818250.0,49216500.0,109623599.99999999,530604000.0,664344500.0,667046800.0,677448000.0,51063750.0,20794500.0,43384000.0,21991550.0,23110500.0,75430000.0,221517000.0,27673450.0,20415850.0,23914500.0,3239631400.0
PROJ_0111,9063450.0,18024250.0,73173750.0,192196500.00000003,687293000.0,930876500.0,986889400.0,922528200.0,84083750.0,34069950.0,104758150.0,58310999.99999999,87203900.0,284940000.0,1132128000.0,127591800.0,95850950.0,104400750.0,5933383300.0
PROJ_0112,11319750.0,15704750.000000002,36777000.0,98634600.0,413117000.0,577885000.0,438471600.0,489801500.0,48315000.0,16882200.0,94316700.0,63110400.00000001,47870550.0,149683750.0,444366000.0,99138900.0,92992900.0,93891000.00000001,3232278600.0
PROJ_0113,7758300.0,13361750.0,63907500.0,183381250.0,700281000.0,920531000.0,1190837200.0,1038045500.0000001,110356250.0,30633750.0,64597500.0,44882750.0,33193300.0,143287500.0,363852000.0,46350499.99999999,35590100.0,36612750.0,5027459900.0
PROJ_0114,5468100.0,9794750.0,44565750.0,134223050.0,550417500.0,792509000.0,732824400.0,695373600.0,70271250.0,23364900.0,70955750.0,34963800.0,40461400.0,136672500.0,500512500.0,49232850.0,43020900.0,40359000.0,3974991000.0
PROJ_0115,2552100.0,3296250.0,31975499.999999996,83614450.0,364786000.0,460968500.0,561804600.0,444977800.0,50732500.0,13796100.0,24703650.0,16339050.0,15534050.0,62888750.0,242424000.0,14664200.0,9571250.0,11477250.0,2416106000.0
PROJ_0116,2381400.0,3273749.9999999995,10009500.0,20501700.0,113534500.0,103797000.0,104899200.0,152251200.0,13658750.0,4940100.0,26481350.0,14333600.0,5714800.0,19010000.0,80365500.0,16167850.0,16348800.0,12877500.0,720546500.0
PROJ_0117,720150.0,1258000.0,3694500.0,9224100.0,50575000.0,54482500.0,63141400.00000001,69083400.0,5830000.0,2173050.0,7683550.0,4596100.0,1819300.0,8300000.000000001,26428500.0,4336700.0,3568500.0,4764000.0,321678750.0
PROJ_0118,9318150.0,14903000.0,125937000.0,287741600.0,1307359500.0,1331795500.0,1321539800.0,1841331600.0,151253750.0,50613300.0,94677750.0,49399050.0,86230200.0,241891250.0,1101766500.0,75225000.0,51673700.0,53171250.0,8195827900.0
PROJ_0119,7585800.0,9772250.0,33165750.0,109880750.00000001,430508000.0,448438000.0,435051400.0,547914200.0,41260000.0,14290200.0,60137300.0,37590550.0,14568750.0,46762500.0,174451500.0,36898500.0,33614750.0,27711750.0,2509601950.0
PROJ_0120,6818550.0,14937250.0,133587750.0,305509000.0,1173722500.0,1298745000.0,1224265000.0,1166492900.0,122236250.0,47625749.99999999,76158350.0,55201650.00000001,61916050.0,225905000.0,967468499.9999999,75393300.0,46511400.0,59433000.00000001,7061927200.0
PROJ_0121,9226500.0,13860000.0,44353500.0,86753900.0,445357500.00000006,467818000.0,423879400.0,402278400.0,42263750.0,19130850.0,109208200.0,65155750.0,32112850.0,146265000.0,423684000.0,116702450.0,96593250.0,98155500.0,3042798800.0
PROJ_0122,5235750.0,7769750.000000001,15368250.0,45495200.0,248021500.00000003,237319500.0,280809200.0,289855400.0,20855000.0,7844400.0,54734600.0,41072300.0,21597800.0,86468750.0,326475000.0,71182400.0,59049250.0,62716500.0,1881870550.0
PROJ_0123,6742500.0,11159500.0,64543500.0,163379050.0,786258500.0,815290000.0,896455000.0,845820600.0,89865000.0,27589050.0,64436550.0,41912100.0,32675650.0,88607500.0,384331500.0,36931650.0,30079400.0,34359750.0,4420436800.0
PROJ_0124,3489750.0,5829000.0,29388750.0,99505950.0,346553500.0,514805000.0,544909400.0,470944700.0,39978750.0,14247450.0,37443350.0,21562150.0,13226500.0,61405000.0,183073500.0,22102549.999999996,13571350.0,14917500.0,2436954150.0
PROJ_0125,988199.9999999999,1984000.0,20910000.0,57903150.0,238314500.0,232189500.0,231133000.0,230442900.0,27756250.0,7388999.999999999,13692350.000000002,6985350.0,6929300.0,26647500.0,87813000.0,7493600.0,5161000.0,5538750.0,1209271350.0
PROJ_0126,4063350.0,6692250.0,18697500.0,46455350.0,193222000.0,249707500.00000003,255270400.00000003,225418300.0,22933750.0,6344550.0,44085800.0,31018450.0,9282350.0,45093750.0,167886000.0,28883850.0,25050350.0,33518250.000000004,1413623750.0
PROJ_0127,8347800.0,10001000.0,119235750.0,337828500.0,1278017500.0,1370175500.0,1230145000.0,1295958800.0,144515000.0,53868150.0,72210000.0,49621350.00000001,47677700.0,160281250.0,511555500.0,35262250.0,28257450.0,30712500.0,6783671000.0
PROJ_0128,727200.0,1294500.0,3999000.0,9729150.0,49903500.0,58482000.0,55360200.0,45619100.0,5128750.0,1484550.0,9164000.0,5904250.0,2549050.0,8548750.0,36256500.0,8692950.0,6478550.0,7095000.0,316417000.0
PROJ_0129,7694250.000000001,10261000.0,103172250.00000001,237860050.0,975103000.0,1228948500.0,1598752400.0,1414657700.0,125082500.0,47667150.0,76620900.0,51373150.0,60746000.0,231115000.0,915813000.0,52559750.0,55069950.0,51901500.0,7244398050.0
PROJ_0130,9222600.0,15142750.0,30399000.0,73726200.0,384327500.0,400520000.0,450065000.0,441088100.0,34170000.0,12559950.0,85929900.0,52900750.0,31643500.0,114168750.0,447606000.0,86496000.0,83556850.0,83802749.99999999,2837325600.0
PROJ_0131,5098500.0,6535750.0,69801000.0,141382550.0,857038000.0,922849000.0,1197961800.0,934401000.0,96603750.0,30621150.0,47718050.0,29436700.0,31263750.0,103793750.0,358029000.0,22632100.0,24484200.0,22724250.0,4902374300.0
PROJ_0132,1008900.0000000001,2480500.0,4072500.0,12026850.000000002,62092500.0,68229000.0,65512999.99999999,58879000.0,6662500.0,1644300.0,15522250.0,9701400.0,5740700.0,15783750.0,53991000.0,15212450.0,10989550.0,12717000.0,422267150.0
PROJ_0133,3141000.0,4690000.0,37231500.0,95373050.0,389529500.0,492100000.0,496301400.0,644099400.0,58101250.0,19566450.0,24650000.0,18150700.0,21147350.0,77361250.0,246195000.0,17161500.0,11687650.0,13288500.0,2669775500.0
PROJ_0134,4745100.0,6586499.999999999,39676500.0,94150200.0,472710500.0,587185500.0,633246600.0,572610400.0,48970000.0,22788000.0,40059150.0,32699949.999999996,42646100.0,176643750.0,630094500.0,53088450.00000001,30696900.0,48188250.0,3536786350.0
PROJ_0135,6105750.0,10396250.0,40363499.99999999,80756200.0,455073000.0,507148000.00000006,541450000.0,606017200.0,53551250.0,16156349.999999998,51557650.0,35613600.0,41100850.0,174756250.0,525289500.0,78774600.0,46192900.0,50438250.0,3320741100.0
PROJ_0136,12138450.0,16147750.0,34125750.0,102695350.0,469506000.0,532237500.0,418411000.0,519105199.99999994,56075000.0,19902150.0,91660300.0,68321150.0,38009650.0,124855000.0,568737000.0,108776200.0,85779850.0,88233750.0,3354717050.0
PROJ_0137,2128200.0,3064500.0,10360499.999999998,22521900.0,142613000.0,127319000.00000001,154418600.0,133151900.00000001,11793750.0,4503150.0,16922950.0,11544400.0,4957050.0,18827500.0,53352000.0,11785250.0,9529650.0,9517500.0,748310800.0
PROJ_0138,939300.0,1367500.0,8791500.0,24094400.0,134215000.0,165319000.0,169598800.0,136508100.0,10986250.0,4416750.0,9136450.0,5388400.0,9679950.0,40477500.0,138978000.0,9785200.0,9321650.0,9334500.0,888338250.0
PROJ_0139,1889100.0,2474000.0,7005750.0,14870300.0,78055500.0,82773500.0,85750000.0,102567800.0,8331250.000000001,2877750.0,20323200.0,9285300.0,4956000.0,17582500.0,55903500.0,13809950.0,8988850.0,13519500.0,530963750.0
PROJ_0140,9317850.0,15331750.0,97086000.0,300256850.0,1329213000.0,1722055500.0,1598654400.0,1588879400.0,138683750.0,58484700.0,108581800.0,66725150.0,129193399.99999999,444937500.0,1336221000.0,113730850.0,84084650.0,119396250.0,9260833800.0
PROJ_0141,6529950.0,12908500.0,44695500.00000001,124292250.0,442858500.0,745731000.0,652464400.0,588334100.0,54692500.0,19896300.0,66987100.0,50393700.0,62974100.0,203513750.0,699196500.0,76176150.0,67282800.0,78222750.0,3997149850.0
PROJ_0142,9018450.0,19359750.0,94200000.0,271646600.0,1322430000.0,1481601000.0,1221932600.0,1447036300.0,111108750.0,52654499.99999999,92515800.0,71611000.0,133529550.0,357412500.0,1411668000.0,117992750.00000001,82476550.0,85536000.0,8383730100.0
PROJ_0143,5361600.0,10598750.0,29167500.0,69904100.0,269059000.0,375953000.0,374967600.0,356222800.0,40066250.0,12206250.0,70290200.0,52997650.0,19570250.0,72033750.0,205438500.0,48921749.99999999,36085400.0,54792750.00000001,2103637100.0
PROJ_0144,7129500.0,9161250.0,33475499.999999996,86439400.0,442952000.0,459182500.0,485423400.0,519532000.0,38465000.0,16042050.0,62206450.0,36713700.0,17054800.0,43900000.0,204538500.0,38861150.0,31759650.0,31658250.0,2564495100.0
PROJ_0145,1943250.0000000002,3944750.0,15461250.0,34413700.0,175040500.0,176320000.0,207691400.0,227455300.0,17246250.0,6651900.0,25469250.0,15822250.000000002,18794650.0,55457500.0,250807500.0,20419550.0,18270850.0,20751750.0,1291961600.0
PROJ_0146,1470900.0,2548000.0,11962500.0,28380850.0,120495999.99999999,153197000.0,157976000.0,125896299.99999999,14617500.0,6004350.0,14911800.0,10082350.0,7329350.0,27692500.0,80158500.0,10646250.0,8453900.0,8889750.0,790713800.0
PROJ_0147,2559300.0,5649750.0,12784500.0,31283500.0,133875000.0,185639500.0,183975400.0,184785000.0,18066250.0,5055750.0,38367000.0,17904650.0,9007250.0,28971250.0,119250000.0,24421350.0,23423400.0,22645500.0,1047664350.0
PROJ_0148,6435900.0,9141750.0,32835750.0,96425700.0,467423500.0,557222500.0,692252400.0,626164100.0,64946250.00000001,17912700.0,70140850.0,42107800.0,49544950.0,202291250.0,647307000.0,80129500.0,57616650.0,51887250.0,3771785800.0
PROJ_0149,9309750.0,14279750.000000002,83886000.0,198982300.0,685355000.0,854515500.0,854932400.0,1019421500.0,79735000.0,37573650.0,92182300.0,67104200.0,45865050.0,181000000.0,547708500.0,84561400.0,48757800.0,54379499.99999999,4959549600.0
PROJ_0150,9545700.0,20247000.0,109392750.0,335009100.0,1616802000.0,1659384000.0,1362699800.0,1269700900.0,141345000.0,45765900.0,120486300.00000001,68920600.0,123704700.0,381220000.0,1667241000.0,107225800.0,100510150.0,89661000.0,9228861700.0
PROJ_0151,1258800.0,1892500.0,7383000.0,16812800.0,89530500.0,84588000.0,89915000.0,115255400.0,9787500.0,2946150.0,11150500.0,6445749.999999999,9791600.0,23885000.0,115577999.99999999,13294000.0,7578350.0,9186750.0,616279600.0
PROJ_0152,2231700.0,4474250.0,15831000.000000002,40870200.0,196817500.0,245888499.99999997,222097400.0,222712000.0,22613750.0,6779250.0,27548550.0,12777500.0,15985200.000000002,72805000.0,219046500.0,22805500.0,17739150.0,23687999.999999996,1392710950.0
PROJ_0153,1451550.0,1760000.0000000002,15533250.000000002,46518250.0,256300499.99999997,242915000.0,325379600.0,314280000.0,23287500.0,10343700.0,13241399.999999998,8113000.000000001,8649900.0,35897500.0,128200500.0,7967900.0,6626100.0,6320250.0,1452785900.0
PROJ_0154,6450300.0,10963250.0,60987000.0,138903550.0,751553000.0,914688500.0,756089600.0,882709700.0,61505000.0,25980750.0,58101500.0,30996599.999999996,31063200.0,82585000.0,401202000.0,28861750.0,29816800.0,29928750.0,4302386250.0
PROJ_0155,6052950.0,9996000.0,30127500.0,92759000.0,462340499.99999994,486143500.0,510237000.0,534867699.99999994,49040000.0,18734850.0,69388300.0,49913000.0,20309800.0,56877500.0,175302000.0,34979200.0,32133400.0,34038750.0,2673240950.0
PROJ_0156,3175200.0,4729500.0,27219750.0,74540200.0,276454000.0,424317500.0,310934400.0,402511200.0,42260000.0,14452200.000000002,31778200.0,17488550.0,35585550.0,114787500.0,424201500.0,25200800.0,20606300.0,27550499.999999996,2277792850.0
PROJ_0157,6062700.0,13455000.000000002,69695250.0,176774900.0,584545000.0,1005157000.0,729296400.0,863746200.0,92932500.0,24386400.0,62239800.0,40913650.0,43138550.0,172491250.0,469863000.00000006,53181100.0,49165350.0,49347000.0,4506391050.0
PROJ_0158,6487050.0,11680500.0,82151250.0,210781599.99999997,848096000.0,1172072000.0,931852600.0,873940900.0,105176250.0,29252699.999999996,71970750.0,43877650.0,61376350.0,171806250.0,664551000.0,55371549.99999999,34637200.0,45295500.00000001,5420377100.0
PROJ_0159,702150.0,1310750.0,8695500.0,16551950.0,88876000.0,95228000.0,81457600.0,91344900.0,8039999.999999999,2685150.0,6410450.0,3621399.9999999995,3191650.0,9546250.0,43141500.0,3284400.0,3313050.0,2674499.9999999995,470075200.0
PROJ_0160,3068700.0,4705250.0,33843750.0,92729400.0,489906000.0,617823000.0,503533799.99999994,466152900.0,55165000.0,18850500.0,28047350.0,23044150.0,26819100.0,100895000.0,322969500.0,25227150.0,17244500.0,25155750.000000004,2855180800.0
PROJ_0161,7862250.0,16878250.0,81590249.99999999,197557800.00000003,667377500.0,769633000.0,862125600.0,897298500.0,94582500.0,27709200.0,108055450.0,53272200.0,67225900.0,207793750.0,999639000.0,88843700.0,71299150.0,101157000.0,5319901000.0
PROJ_0162,4357200.0,5770000.0,22945500.0,70971550.0,299370000.0,348146500.0,430504200.0,363323200.0,39608750.0,13087799.999999998,38759950.0,24829200.0,29906800.0,96925000.0,396765000.0,56536050.0,42181750.0,40774500.0,2324762950.0
PROJ_0163,5879100.0,9766250.0,80703750.0,157375800.0,742517500.0,915002000.0,836900400.0,939503200.0,109476250.0,39878100.0,50423750.0,38493050.0,47558000.0,177553750.0,655974000.0,39193500.0,42166150.0,50903250.0,4939267800.0
PROJ_0164,9194100.0,15363999.999999998,58396500.0,133007600.0,562606500.0,831706000.0,678973400.0,928231800.0,74563750.0,26775000.0,83144450.0,69506750.0,58614150.0,207063750.0,750357000.0,104400400.0,89846900.0,77459250.0,4759211300.0
PROJ_0165,5936250.0,7758750.000000001,18032250.0,34276800.0,192618500.0,251883000.0,248263400.0,216804700.0,25682500.0,9708750.0,51804150.0,36380250.0,22169700.0,63602500.0,292603500.0,52796050.0,49149100.0,43150500.0,1622620650.0
PROJ_0166,6384600.0,11781250.0,70445250.0,196166599.99999997,947376000.0,819156500.0,910861000.0,935788100.0,92216250.0,33398550.000000004,77031250.0,48955400.00000001,26285350.0,114158750.0,438264000.0,38898550.0,25759500.0,33444750.0,4826371650.0
PROJ_0167,5869050.0,8873500.0,83847000.0,174188600.0,892576499.9999999,1066299000.0000001,1258114200.0,918357200.0,85755000.0,33588450.0,61959950.0,38379050.0,58839199.99999999,170752500.0,570771000.0,49930700.0,43870450.0,52028250.0,5573999600.0
PROJ_0168,4009800.0,6254000.0,26642250.0,64685249.99999999,247656000.0,347586000.0,389471600.0,322398900.0,34607500.0,11649150.0,37863850.0,20712850.0,30421650.000000004,116776250.0,314149500.0,39338850.0,26046800.0,29775000.0,2070045200.0
PROJ_0169,3228900.0,4488250.0,12720000.0,30301150.0,182376000.0,141217500.0,176302000.0,146208100.0,12422500.0,5796000.000000001,22638850.0,19827450.0,7088550.0,30893750.0,112176000.0,25007000.0,14211600.0,21900000.0,968803600.0
PROJ_0170,13374900.0,16718750.0,101726999.99999999,310428150.0,1095191000.0,1658177500.0,1771261800.0,1296366200.0,152306250.0,55305000.0,106238600.0,86916450.0,112863100.0,440626250.0,1911316500.0,111052500.0,109373550.0,92997000.0,9442240500.0
PROJ_0171,7419900.0,10310250.0,119734500.0,307773400.0,1444124500.0,1547740000.0,1430996000.0,1467842800.0,124486250.0,52093800.00000001,82526750.0,58973150.0,58305100.0,232571250.0,915417000.0,55810150.0,42845400.0,66576750.00000001,8025546950.0
PROJ_0172,9750600.0,14563500.0,31125000.0,78945050.0,396873500.0,543713500.0,573074600.0,503624000.00000006,48058750.0,14878350.0,117989400.0,60004850.0,32806900.0,165387500.0,573543000.0,104562750.00000001,92855100.0,98804250.00000001,3460560600.0
PROJ_0173,4335000.0,7111750.000000001,47829750.0,140807200.0,620891000.0,653163000.0,594174000.0,780112800.0,65648750.00000001,25971300.0,38046550.0,30996599.999999996,24813250.0,72491250.0,245767500.0,23950450.0,18378750.0,22832250.0,3417321150.0
PROJ_0174,2616750.0,4258750.0,29795999.999999996,56970750.0,298392500.0,421619500.0,351839600.0,355456500.0,33009999.999999996,10804950.0,28695500.0,15496400.0,29832250.0,140381250.0,492480000.00000006,28242100.0,22522500.0,27717000.0,2350132300.0
PROJ_0175,3054900.0,5016750.0,41104499.99999999,101306000.0,529499000.00000006,644242500.0,667360400.0,482992100.0,55296250.0,16669350.0,27887850.0,19837900.0,18454800.0,55931250.0,249309000.0,14658249.999999998,13081900.0,12567750.0,2958270450.0
PROJ_0176,9521700.0,12550750.0,89321250.0,235538300.0,954779500.0,1315911500.0,1582915600.0,1261766300.0,116547500.0,42374700.0,72057750.0,65322950.0,85320550.0,211818750.0,1028403000.0000001,77055900.0,64517700.0,58320750.0,7284044450.0
PROJ_0177,1535850.0,2747500.0,9597750.0,22614400.0,94120500.0,105079500.0,131702199.99999999,136449900.0,10751250.0,4303800.0,15591850.0,10548800.0,3959200.0,15543750.0,60025499.99999999,9308350.0,6821100.0,7975500.0,648676700.0
PROJ_0178,4655250.0,8351750.0,18966000.0,54438100.0,223278000.0,297179000.0,364991200.0,290447100.0,31656250.0,12658500.0,58645250.0,32836749.999999996,14919799.999999998,58866250.0,205065000.0,39842900.0,34696350.0,41610000.0,1793103450.0
PROJ_0179,1452900.0,2790000.0,11055000.0,30778450.0,169711000.0,168102500.0,199959200.0,183087500.0,16493749.999999998,7474500.0,15725250.0,9833450.0,10874850.0,36658750.0,128889000.0,11163050.000000002,8877050.0,12679500.0,1025605700.0
PROJ_0180,5790450.0,9721500.0,30348000.0,61573550.0,256377000.0,309842500.0,383474000.0,406585200.0,41771250.0,11064150.0,60289550.0,45489800.0,18071200.0,67773750.0,287383500.0,56692450.0,41141750.0,58760250.0,2152149850.0
PROJ_0181,2174700.0,5145750.0,26342250.0,65033049.99999999,348704000.0,367868500.0,369058200.0,340431200.0,37330000.0,12987900.0,24042450.0,19273600.0,32482450.0,105182500.0,316593000.0,29197500.0,18307250.0,21849750.0,2142004050.0
PROJ_0182,3427200.0,4892500.0,32087250.0,92357550.0,368917000.0,588914500.0,591028200.0,518600800.0,55778750.0,19410750.0,31607100.0,24553699.999999996,14060200.000000002,63087500.0,210744000.0,16114300.000000002,13895700.0,20835750.0,2670312750.0
PROJ_0183,5852550.0,9188250.0,69104250.0,193184400.0,1017722000.0,1213948000.0,1106459200.0,992649500.0,86180000.0,37341450.0,74493750.0,47330900.0,53261250.0,204916250.0,692649000.0,55400450.0,41354300.0,50814750.0,5951850250.0
PROJ_0184,7583250.0,14820750.000000002,30593250.000000004,62653950.0,319353500.0,439004500.0,460110000.0,457529600.0,45605000.0,13756950.0,84391450.0,56103199.99999999,21267400.0,75668750.0,247090500.0,62049150.0,54777450.0,65975250.0,2518333900.0
PROJ_0185,5041950.0,7450000.0,78215249.99999999,197093449.99999997,770746000.0,957011000.0,724288600.0,695131100.0,68783750.0,25147800.0,58609000.0,32344650.000000004,38696699.99999999,147566250.0,523750500.00000006,38029000.0,27014650.0,38723249.99999999,4433642900.0
PROJ_0186,6199500.0,13422000.0,79855500.0,244364650.00000003,1153263000.0,1074060500.0,1087868600.0,1521978500.0,119112500.0,45791550.0,61478550.0,45365350.0,63609700.0,261707499.99999997,741465000.0,68446250.0,50210550.0,46032750.0,6684231950.0
PROJ_0187,1155900.0,1879750.0,8207250.000000001,21841100.0,92667000.0,105079500.0,130193000.0,123539200.0,11286250.0,4119750.0,11546350.0,9126650.0,9359000.0,33088749.999999996,108346500.0,14833350.0,11368500.0,11795250.0,709433050.0
PROJ_0188,9224700.0,15297250.0,34014750.0,107214900.0,437554500.0,561735000.0,429828000.0,436053800.0,43762500.0,14635800.0,90933850.0,54905250.00000001,20893950.0,84213750.0,349429500.0,76561200.0,52391300.0,55363499.99999999,2874013500.0
PROJ_0189,2370000.0,5215750.0,24554250.0,57483200.00000001,295664000.0,267833500.0,349321000.0,285723200.0,25616250.0,10722600.0,27181700.0,21939300.0,14738850.0,63757500.0,224140500.0,24655100.0,20638150.0,19634250.0,1741189100.0
PROJ_0190,6824850.0,10286000.0,64995750.0,202874699.99999997,800904000.0,931712500.0,909724200.0,1009673000.0000001,103450000.0,31347900.0,76135150.0,47567450.0,37152500.0,107143750.0,450855000.0,34855950.0,29254550.0,38904000.0,4893661250.0
PROJ_0191,1099050.0,1522750.0,4973250.0,8813400.0,51178500.0,72342500.0,63307999.99999999,69325900.0,6021250.0,2324250.0,11613050.0,7710200.0,2713550.0,11927500.0,35046000.0,10579950.0,6046950.0,7005000.0,373551050.0
PROJ_0192,9570900.0,12515750.0,65869500.0,186822250.0,682592500.0,839315500.0,997071600.0,890576400.0,83166250.0,26907750.000000004,83109650.0,53252249.99999999,39668300.00000001,182831250.0,659551500.0,58930499.99999999,50423750.0,72136500.0,4994312100.0
PROJ_0193,1543050.0,2402250.0,6138000.0,13562350.0,79347500.0,101099000.0,104174000.0,78783400.0,7671250.0,2582550.0,14439100.0,9564600.0,4589550.0,13630000.0,65425499.99999999,10682800.0,7795450.0,12795750.000000002,536226100.0
PROJ_0194,1654650.0,2402500.0,6618750.0,13985999.999999998,62670500.0,87799000.0,86249800.0,94875700.0,7541250.0,3259350.0000000005,17733500.0,9098150.0,3648400.0,15552500.0,63665999.99999999,13789550.0,10748400.0,11028750.0,512322750.0
PROJ_0195,9353250.0,17659250.0,92253000.0,281429400.0,1042023500.0000001,1336061000.0,1507749600.0,1480549800.0,145127500.0,48963600.0,125981800.0,80290200.0,140572600.0,458522500.0,1654128000.0,123754050.0,88313550.0,97180500.0,8729913100.0
PROJ_0196,6594000.0,8588250.0,76604250.0,268420200.0,885037000.0,1342426000.0,1434288800.0,1193361900.0,147335000.0,40115700.0,70935450.0,44517000.0,39903150.0,136787500.0,530325000.0,34568650.0,24757850.0,38145750.0,6322711450.0
PROJ_0197,9110400.0,19276500.0,29407500.0,100123850.0,343536000.0,459572000.0,500878000.0,410843500.0,51153750.0,14871150.000000002,107404400.0,70377900.0,41356000.0,116648750.0,443047500.0,100080700.0,81520400.0,87641250.0,2986849550.0
PROJ_0198,3225750.0,4623750.0,52135500.0,115558400.0,512643500.0,577571500.0,546105000.0,552143400.0,54156250.0,19917450.0,31849250.0,15545799.999999998,19227250.0,59326250.0,233496000.0,16999150.0,10402600.0,14249250.0,2839176050.0
PROJ_0199,8634900.0,12217250.0,69865500.0,141813600.0,751553000.0,801952000.0,1005676000.0,776194000.0,76612500.0,31543650.0,86344600.0,57070300.0,83226150.0,253645000.0,960916500.0,107044749.99999999,87569300.0,102252749.99999999,5414131750.0
PROJ_0200,7405200.0,11048250.0,58438499.99999999,186307950.0,925114499.9999999,986422999.9999999,898885400.0,940424700.0,96685000.0,39336750.0,64693200.0,50980800.0,92802149.99999999,353426250.0,917275500.0,95816250.0,65135850.0,79929750.0,5870129000.0
PROJ_0201,1207650.0,2456000.0,23131500.0,50186799.99999999,243065999.99999997,313899000.0,323596000.0,256215800.0,28688750.0,9372600.0,16577850.0,11084600.0,9465400.0,31975000.0,117454500.0,8256050.0,7324200.0,7350000.0,1461307700.0
PROJ_0202,2737800.0,4528500.0,29668500.0,93402800.0,395734500.0,396387500.0,369979400.0,462602700.0,34501250.0,15104700.000000002,40395550.0,22695500.0,22488550.0,63181250.0,265576499.99999997,23640200.0,21419450.0,22151250.0,2286195900.0
PROJ_0203,6430800.0,10411250.0,90595500.0,248921200.0,1084379000.0,1249820000.0,1675457000.0,1629706700.0,110448750.0,45175950.0,86479450.0,58469650.0,64552250.0,267556249.99999997,745002000.0,61792450.0,55047200.0,61393500.0,7551638900.0
PROJ_0204,10188450.0,12250500.0,52055250.00000001,120967800.0,594762000.0,668553000.0,861694400.0,861107800.0,84840000.0,27405450.0,74173300.0,64865999.99999999,57376200.0,285900000.0,726336000.0,102985150.0,90095850.0,92378250.0,4787935400.0
PROJ_0205,7794000.0,13354499.999999998,21139500.0,65717550.0,325133500.0,412746500.0,349742400.0,332215300.0,36563750.0,12156749.999999998,69546350.0,43846300.0,25218200.0,102056250.0,324216000.0,68396100.0,53140750.0,87545250.0,2350528950.0
PROJ_0206,1194000.0,1990250.0,4706250.0,10631950.0,64464000.0,77871500.0,66365600.0,66891199.99999999,6080000.0,1878300.0,13618400.0,8259300.0,4709250.0,20487500.0,60444000.0,13728350.0,12382500.0,14067750.0,449770100.0
PROJ_0207,4944300.0,7727249.999999999,16908000.0,42522250.0,244689500.0,313196000.0,266618800.0,263801199.99999997,27883750.0,9721800.0,52091250.0,32933650.0,21926450.0,82395000.0,247342500.0,60116250.0,46224750.0,52303500.0,1793346200.0
PROJ_0208,6998400.0,12575500.0,23789250.0,51478100.0,225938500.0,372732500.0,337825600.0,278118400.0,28542500.0,12759300.0,80693950.0,55252950.0,28779100.0,95705000.0,345069000.0,70716600.0,65336700.0,73519500.0,2165830850.0
PROJ_0209,2663400.0,5944500.0,29274000.0,62493000.0,326085500.0,494237500.0,518214199.99999994,437916200.0,48720000.0,17058150.0,33756000.0,22385800.0,13738549.999999998,56783750.0,191137500.0,19048500.0,11664250.0,16880250.0,2308001050.0
PROJ_0210,8028150.000000001,10417250.0,33773250.0,66352100.00000001,281962000.0,332870500.0,452730600.0,411076300.0,34791250.0,14160600.0,66292550.0,45598100.0,22663550.0,75442500.0,281187000.0,59607100.0,52779350.0,45630750.0,2295362900.0
PROJ_0211,3453150.0,5323500.0,16243500.000000002,40997850.0,196486000.0,206957500.0,183946000.0,238164100.0,25428750.0,7004700.0,34910200.0,23896300.0,10797850.0,35790000.0,134338500.0,34229500.0,23266750.0,27429750.0,1248663900.0
PROJ_0212,2662200.0,6346500.0,10470000.0,24980550.0,102867000.0,159657000.0,179055800.0,126323099.99999999,12442500.0,4481550.0,35016050.0,25753549.999999996,12371800.0,42481250.0,180472500.0,40562850.0,25411100.0,28198500.0,1019553800.0
PROJ_0213,6733950.0,13211750.0,115456500.0,281706900.0,1373744500.0,1359231500.0,1440668600.0,1244742800.0,163862500.0,53103150.0,63446200.0,37431900.0,54446350.0,196260000.0,685314000.0,35666000.0,36054200.0,39315000.0,7200395800.0
PROJ_0214,8266650.0,13742500.000000002,75281250.0,187223700.0,762492500.0,872784000.0,880628000.0,1039549000.0,91397500.0,25844400.000000004,69776900.0,61892500.0,52336200.0,191278750.0,566370000.0,73605750.0,57179850.0,54020250.0,5083669700.0
PROJ_0215,2904000.0,6761250.0,22900499.999999996,72268400.0,338801500.0,421496000.0,365706600.0,436752200.0,33335000.0,15317550.0,31456300.0,25044850.0,21977900.000000004,61728750.0,227200500.0,31975300.0,18353400.0,22240500.0,2156220500.0
PROJ_0216,8503950.0,16913000.0,110904000.0,254961450.0,1461252000.0,1486047000.0,1514325400.0,1485264000.0,133458750.00000001,48325950.0,97480600.0,48492750.0,81267200.0,238225000.0,928912500.0,63188150.0,57464550.0,70892250.0,8105878500.0
PROJ_0217,5730300.0,8774750.0,27092250.0,84583850.0,312715000.0,392017500.0,339766000.0,315744700.0,36873750.0,12015000.0,51767900.0,49422800.0,15244600.0,59658750.0,217638000.0,51495550.0,44061550.0,36615000.0,2061217250.0
PROJ_0218,5137650.0,7726250.0,51695250.0,121755900.0,581349000.0,634932500.0,593615400.0,608898100.0,62091250.0,20409750.0,46263700.0,23211350.0,23137800.0,64362500.0,309469500.0,21400450.0,16164850.0,24632250.0,3216253450.0
PROJ_0219,5564100.0,9010500.0,29220750.0,55278000.0,316191500.0,323456000.0,359963800.0,343409100.0,26397500.0,12196800.0,52427650.0,27186150.0,13503350.0,41625000.0,128997000.00000001,29597850.0,18749900.0,20367000.0,1813141950.0
PROJ_0220,2262150.0,2963500.0,26614500.0,85401550.0,294321000.0,412243000.0,423203200.0,320798400.0,35357500.0,10597050.0,23224650.0,11923450.0,21703850.0,58118750.0,254259000.0,15239650.0,12099100.0,15485250.0,2025815550.0
PROJ_0221,2389950.0,4642250.0,15681000.000000002,38189550.0,206176000.0,255179500.0,320822600.0,320720800.0,29727500.0,7962300.0,23461000.0,17498050.0,12529650.0,51533750.0,155839500.0,18343000.0,17269200.0,15677250.0,1513642850.0
PROJ_0222,7176600.0,9305750.0,48989250.00000001,134657800.0,595731000.0,845614000.0,735176400.0,904486200.0,92801250.0,27454500.0,54132850.0,39253050.0,78689800.0,261416250.0,763029000.0,69615000.0,51785500.0,56339250.00000001,4775653450.0
PROJ_0223,1228050.0,2891750.0,18996750.0,47219400.0,212287500.0,312635500.0,306632200.0,279389100.0,28278750.0,11203200.0,12836850.0,10745450.0,9396100.0,31983750.0,154759500.0,9269250.0,5909150.0,8268750.0,1463931000.0
PROJ_0224,7503600.0,11651750.0,28197000.0,67412150.0,258604000.0,360658000.0,338178400.0,282687100.0,39215000.0,12152700.0,79815250.0,52322200.0,29549100.0,94751250.0,442615500.0,88513050.0,68957850.0,73128000.0,2335911900.0
PROJ_0225,7659750.0,11519000.0,52457249.99999999,119807850.0,673404000.0,895346500.0,738753400.0,740779300.0,79470000.0,23026500.0,101128800.00000001,53464100.0,54715150.0,202245000.0,981882000.0,85264350.0,77248600.0,72188250.0,4970359800.0
PROJ_0226,3659700.0,8004250.0,53743500.0,124590100.0,709248500.0,997984500.0,836479000.0,757521500.0,99487500.0,32146650.0,45965000.0,29073800.000000004,31504550.0,99436250.0,348930000.0,25681050.0,19636500.0,24608250.0,4247700600.0
PROJ_0227,1525800.0,2271750.0,22182000.0,57444350.0,245055000.0,346512500.0,331004800.0,254712299.99999997,30530000.0,11263500.0,16738800.0,9080100.0,10704750.0,36753750.0,135342000.0,6958950.0,7457450.0,8643750.0,1534181550.0
PROJ_0228,2091450.0,3497249.9999999995,25332750.0,78898800.0,338954500.0,387277000.0,301889000.0,395692100.0,31285000.0,13059000.0,22582300.0,12540950.0,17527300.0,72733750.0,240601499.99999997,14433000.000000002,13033150.0,14231250.0,1985660050.0
PROJ_0229,7393950.0,12197000.0,37514250.0,120026150.0,578365500.0,719862500.0,552230000.0,611555900.0,60241250.0,19523700.0,69863900.0,39162800.0,46004700.0,207491250.0,633294000.0,86011500.0,49682750.0,71730000.0,3922151100.0
PROJ_0230,10718400.0,20893500.0,124776750.0,262631550.00000003,1332230500.0,1391085000.0,1662334800.0,1327095800.0,145492500.0,46958400.0,133253550.0,74027800.0,135471700.0,440801250.0,1538721000.0,111899100.0,113108450.0,125472000.0,8996972050.0
PROJ_0231,9100500.0,19529250.0,34391250.0,70692200.0,407473000.0,422028000.0,451682000.0,545421300.0,42795000.0,19738800.0,116881600.0,81624000.0,43386000.0,169978750.0,503748000.0,123245750.0,93017600.0,123876000.0,3278609000.0
PROJ_0232,5767350.0,11446500.0,61148249.99999999,129783050.0,721480000.0,734017500.0,693477400.0,816128900.0,71648750.0,21474000.0,57744800.0,40125150.0,43035300.0,160508750.0,508617000.0,47678200.0,43886050.0,57054750.0,4225021700.0
PROJ_0233,1319700.0,1832999.9999999998,12233250.000000002,41212450.0,186311500.0,137351000.0,194814200.0,143210800.0,13205000.0,6355800.0,11768200.0,7340650.0,6504750.0,22715000.0,59260500.0,7115349.999999999,5766150.0,6121500.0,864438800.0
PROJ_0234,2022450.0000000002,3035250.0,7133250.0,18381600.0,108587500.0,141550000.0,102243400.0,101297100.0,12490000.0,3359250.0000000005,13557500.0,12404150.0,4430300.0,16281250.0,53910000.0,8923300.0,8539050.0,7792500.0,625937850.0
PROJ_0235,4068600.0,8601500.0,28759500.0,76627000.0,262123000.0,367754500.0,335728400.0,339335100.0,34735000.0,10216350.0,47004650.0,29899350.0,11630500.0,43165000.0,143757000.0,20949100.0,16914950.0,26408250.0,1807677750.0
PROJ_0236,6839700.0,11394750.0,31285500.0,90267050.0,480402999.99999994,589161500.0,460511800.0,570233900.0,43886250.0,18382050.0,53207750.0,31957050.0,37273950.0,186297500.0,632367000.0,76556100.0,49320700.0,55602000.0,3424947550.0
PROJ_0237,3933750.0,7273250.0,58836000.0,169489600.0,794342000.0,1002553999.9999999,806559600.0,899500400.0,74173750.0,24470100.0,43660950.0,26927750.0,31804500.0,87053750.0,449689500.0,28302450.000000004,17817150.0,23903250.0,4550291750.0
PROJ_0238,7462950.0,15177000.000000002,143661750.0,346419900.0,1590027000.0,1426947500.0,1685345200.0,1591673000.0,118222500.0,42195600.0,96559850.0,59920300.0,73328850.0,302210000.0,995273999.9999999,67749250.0,52193050.0,64995750.0,8679363450.0
PROJ_0239,4372350.0,6770000.0,19869750.0,53272599.99999999,242828000.0,312331500.0,234798200.0,310419400.0,26545000.0,7887150.0,41020500.0,27252650.0,9327500.0,36878750.0,109309500.0,19764200.0,16135600.0,19087500.0,1497870150.0
PROJ_0240,1617600.0,2845500.0,24488250.0,48262800.0,241357500.0,270664500.0,347557000.0,287857200.0,30305000.0,12060900.0,15491800.0,8733350.0,9797900.0,39800000.0,137673000.0,7128100.0,7472400.0,7537500.0,1500650300.0
PROJ_0241,2025750.0000000002,3000750.0,19467750.0,47126900.0,210766000.0,292980000.0,289854600.0,336638500.0,32119999.999999996,8725050.0,17734950.0,15410900.0,28616000.0,97720000.0,248611500.0,20896400.0,14503450.0,23102249.999999996,1709300750.0
PROJ_0242,5730750.0,9300750.0,28354500.0,61671600.0,327284000.0,314060500.0,422154600.0,431814900.0,39561250.0,12425400.0,60652050.0,38180500.0,11024650.0,40610000.0,175630500.0,28800550.0,20389200.0,23920500.0,2051566200.0
PROJ_0243,5317050.0,10139000.0,80020500.0,164757300.0,943457500.0,975393500.0,1019670400.0,970814800.0,113971250.0,43601400.0,64085650.00000001,34398550.0,48563900.0,165576250.0,785200500.0,43508950.0,47341450.0,47664750.0,5563482700.0
PROJ_0244,8393100.0,15819999.999999998,84488250.0,285453150.0,999591500.0,1649361500.0,1514815400.0,1221889600.0,157415000.0,40549500.0,74650350.0,63992000.0,71897700.0,300168750.0,988366500.0,74339300.0,49669100.0,53346000.0,7654206700.0
PROJ_0245,7398150.0,8764500.0,78981000.0,175065500.0,801371500.0,1128999000.0,1255938600.0,1233898200.0,119457500.0,34371450.0,64513400.0,34443200.0,60049150.0,179755000.0,719959500.0,46068300.0,45786000.0,52790250.0,6047610200.0
PROJ_0246,6526050.0,7733750.000000001,101803500.00000001,188624150.0,890426000.0,1066213499.9999999,1108781800.0,1235469600.0,101597500.0,39089250.0,58221849.99999999,40736950.0,42750050.0,147097500.0,438394500.0,36193000.0,20022600.0,25676250.0,5555357800.0
PROJ_0247,4801200.0,10376250.0,55278000.0,152684200.0,620840000.0,798617500.0,824581800.0,679232800.0,75628750.0,29588400.0,57444650.0,30676450.000000004,29060500.0,89815000.0,282100500.0,28509850.000000004,25260300.0,26962500.0,3821458650.0
PROJ_0248,6531150.0,9052250.0,80655000.0,164056150.0,864008000.0,945421000.0,831147800.0,705849600.0,81945000.0,34852050.0,69569550.0,34097400.0,31172400.0,94736250.0,314190000.0,36618850.0,26269100.0,30775499.999999996,4360947050.0
PROJ_0249,3070500.0,4229250.0,14482500.0,31692350.0,125706499.99999999,179920500.0,230241200.0,191836900.0,15263750.0,7005600.0,31109750.0,20001300.0,6517350.0,21505000.0,84078000.0,17328950.0,13464750.0,15306000.000000002,1012760150.0
PROJ_0250,10651800.0,15319250.0,37150500.0,76915600.0,337747500.0,503423999.99999994,551887000.0,587150700.0,53652500.0,19831500.0,123457350.0,79220500.0,33911150.0,158222500.0,459931500.0,101212050.0,81072550.0,122474250.0,3353232200.0
PROJ_0251,9285150.0,16631000.0,84007500.0,201255949.99999997,681683000.0,1130975000.0,1150578800.0,1151855600.0,80903750.0,28652850.0,103614100.0,50471600.0,46756500.0,173147500.0,539185500.0,58121300.0,65858000.0,73009500.0,5645992600.0
PROJ_0252,9907800.0,12953500.0,50352000.0,135712300.0,630598000.0,633783000.0,906000200.0,966905700.0,76467500.0,25999650.0,83933250.0,48172600.0,59962700.0,236451250.0,827316000.0,98126550.0,84002100.0,75702750.0,4962346850.0
PROJ_0253,6825150.0,11434500.0,23945250.0,71139900.0,357085000.0,451297500.0,424957400.0,383596200.0,32231250.000000004,12932999.999999998,80952050.0,65262150.0,32551050.0,104075000.0,385204500.0,81502250.0,85140900.0,69015000.0,2679148050.0
PROJ_0254,5748750.0,10391000.0,120417750.0,266659000.00000003,1274898000.0,1407339500.0,1273794200.0,1740742600.0,125201250.0,41806350.0,71026800.0,37682700.0,41898500.0,199947500.0,640444500.0,36276300.0,29066700.0,38973750.0,7362315150.0
PROJ_0255,7401750.0,12635500.0,62476500.0,153561100.0,804465500.0,790077000.0,708804600.0,862087500.0,84005000.0,24525000.0,94289150.0,53182900.00000001,79254350.0,282098750.0,870291000.0,120438200.0,92504100.0,76269750.0,5178367650.0
PROJ_0256,1420650.0,2600250.0,15010499.999999998,42315050.0,184509500.0,246790999.99999997,207975600.0,235826400.0,19093750.0,6139800.0,16606850.0,7601900.0,5756800.0,23643750.0,96727500.0,7961950.0,5372250.0,6953249.999999999,1132306750.0
PROJ_0257,6640650.0,9886750.0,37489500.0,77219000.0,383426500.0,544283500.0,579307400.0,476260300.0,45931250.0,15951150.000000002,84549500.0,41037150.0,15068200.0,60270000.0,194278500.0,36150500.0,26865150.0,39048000.0,2673663000.0
PROJ_0258,8049450.0,13611250.000000002,106827749.99999999,221041700.0,1274065000.0,1466942500.0,1552859000.0,1491113100.0,121130000.0,42212250.0,78178200.0,44338400.0,66096450.0,196755000.0,694728000.0,76786450.0,53868750.0,59209500.0,7567812750.0
PROJ_0259,1264200.0,2313500.0,7807500.0,17665650.0,79636500.0,92549000.0,91032200.0,103654200.0,10731250.0,3142350.0,12487400.0,8303950.0,3056199.9999999995,13457500.0,43848000.0,7219050.000000001,5549050.0,6563250.0,510280750.0
PROJ_0260,8120400.0,16797250.0,74726250.0,174438350.0,662252000.0,1010325000.0,1038947000.0000001,855569100.0,92955000.0,33311700.0,116745300.0,57533900.0,68062050.0,275321250.0,814999500.0,109151050.00000001,96344300.0,85669500.0,5591268900.0
PROJ_0261,1357950.0,2750500.0,13833000.0,34017800.0,160080500.0,168131000.0,170353400.0,210257200.0,17632500.0,6067350.000000001,10840200.0,9949350.0,5235300.0,25300000.0,78889500.0,8128550.0,5376150.0,5948999.999999999,934149250.0
PROJ_0262,1162800.0,2062249.9999999998,10077000.000000002,27585350.000000004,127168500.00000001,141721000.0,169226400.0,140126200.0,15360000.0,4656150.0,11763850.0,7167750.0,13131650.0,46545000.0,200209500.0,12952300.0,11211850.0,10215750.0,952343300.0
PROJ_0263,578550.0,850750.0,2977500.0,8097450.000000001,39567500.0,43975500.0,46677400.0,38101600.0,3341250.0,1648350.0,5153300.0,3258499.9999999995,1686300.0,6075000.0,19309500.0,3315850.0,3020550.0,2711999.9999999995,230346850.0
PROJ_0264,6489450.0,10493500.0,116706000.0,288574100.0,1203778500.0,981986500.0000001,1191268400.0,1066592599.9999999,128436250.0,34272450.0,57466400.0,49565300.0,57340500.0,236932500.0,623448000.0,63598700.0,35373650.0,40630500.0,6192953300.0
PROJ_0265,2554800.0,3842750.0,40384500.0,77803600.0,359167500.0,591631500.0,494615800.0,588421400.0,57088750.0,15390450.0,27792150.0,14912150.0,17362450.0,54148750.0,265184999.99999997,15061999.999999998,11265800.0,15406499.999999998,2652035850.0
PROJ_0266,3823950.0,7891750.0,29699250.0,78882150.0,359873000.0,455088000.0,334581800.0,434375700.0,40833750.0,13860900.0,38488800.0,32811100.0,28084350.0,113731250.0,413019000.0,40131900.0,38649000.0,34215750.0,2498041400.0
PROJ_0267,2843850.0,5013500.0,24810000.0,70575650.0,258119500.0,418741000.0,448065800.0,323407700.0,37901250.0,12701700.0,25841900.0,18101300.0,12264350.0,45766250.0,141349500.0,14233249.999999998,13111150.0,11140500.0,1883988150.0
PROJ_0268,8836950.0,12385000.0,96839250.0,216422249.99999997,926517000.0,1066441499.9999999,1191572200.0,1431458100.0,113817500.0,40325850.0,96335100.0,54676300.0,96344500.0,331262500.0,1097613000.0,104633300.0,84708650.0,98848500.0,7069037450.0
PROJ_0269,2255700.0,3199500.0,11922750.0,33966000.0,174802500.0,198341000.0,187189800.0,199684200.0,19296250.0,7314300.0,22309700.000000004,12870599.999999998,13846350.0,54372500.0,182295000.0,26113700.000000004,17018950.0,19356000.0,1186154800.0
PROJ_0270,789000.0,1478000.0,12701250.0,26467950.0,163888500.0,165661000.0,176223600.0,158148800.0,17158750.0,6536700.0,9358300.0,4366200.0,6993350.0,22712500.0,69075000.0,4197300.0,3342950.0,4831500.0,853930650.0
PROJ_0271,3444000.0,6169250.0,40667250.0,106476749.99999999,452863000.0,576555000.0,469508200.0,615271000.0,45605000.0,15354900.000000002,46124500.0,22354450.0,37466100.0,164455000.0,522787500.0,36339200.0,33881900.0,41467500.0,3236790500.0
PROJ_0272,938550.0,1207000.0,4295250.0,11660550.0,41148500.0,51680000.0,48353200.0,60343700.0,4916250.0,2196900.0,9620750.0,4700600.0,2076900.0000000002,6193750.0,20340000.0,5252150.0,3543800.0,4950750.0,283418600.0
PROJ_0273,11381550.0,16148750.000000002,44007750.0,97613400.0,585947500.0,561269500.0,503759199.99999994,538359700.0,53282500.0,19996650.0,96326400.0,61361450.0,36928850.0,149387500.0,553900500.0,108741350.0,93847000.0,109653000.0,3641912550.0
PROJ_0274,1879200.0,4331250.0,15438750.0,34996450.0,168767500.0,191529500.0,243696600.0,217609800.0,19760000.0,8299350.0,26072450.0,16930900.0,15423450.0,53290000.0,239688000.0,24927950.0,20723950.0,24597000.0,1327962100.0
PROJ_0275,1272450.0,2111000.0,20713500.0,46636650.0,251387500.0,265221000.0,246234800.0,268544500.0,23196250.0,9024300.0,12918050.0,10417700.0,13171200.0,39268750.0,159417000.0,13455500.000000002,8106150.0,11376000.0,1402472300.0
PROJ_0276,7727549.999999999,12496750.0,31412250.0,84119500.0,443496000.0,468093500.0,397635000.0,380628000.0,48662500.0,15216300.0,56816800.0,38895850.0,16831150.0,53742500.0,225121500.0,40542450.0,33713550.0,37782000.0,2392933150.0
PROJ_0277,1988550.0,3908750.0,17821500.0,65073750.0,226006500.0,327484000.0,361198600.0,271095600.0,33491250.0,8518950.0,20820550.0,13809200.000000002,9771650.0,38020000.0,154255500.0,11630550.000000002,9857900.0,12689250.0,1587442050.0
PROJ_0278,8625150.0,10579250.0,114415500.0,196281300.0,1140708500.0,1395141500.0,1557131800.0,1188376100.0,112978750.0,51360749.99999999,70014700.0,52700300.0,74344550.0,257701250.00000003,773536500.0,60912700.0,60025550.0,57122250.0,7181956400.0
PROJ_0279,2336850.0,4228250.0,8925000.0,28188450.0,99433000.0,107578000.0,137611600.0,112937100.0,11552500.0,5472450.0,31875350.0,15834600.0,10884300.0,34475000.0,121324500.0,33512950.0,24820900.0,31350750.0,822341550.0
PROJ_0280,3540150.0,4583250.0,35777250.0,76023900.0,313344000.0,404443500.0,298429600.0,371413000.0,37013750.0,11162700.0,36703850.0,18813800.0,20276550.0,53002500.0,198283500.0,24771550.0,22707100.0,19687500.0,1949977450.0
PROJ_0281,1076550.0,1391250.0,3825750.0,9053900.0,37451000.0,64001500.00000001,54674200.0,59703500.0,5356250.0,1873350.0,10258750.0,7445150.0,2947700.0,9876250.0,37138500.0,8294300.0,5921500.0,7370250.0,327659650.0
PROJ_0282,1900050.0,3573749.9999999995,9619500.0,23655950.0,103581000.0,117458000.0,128037000.0,100395000.0,10708750.0,3510450.0,16315400.0,15827950.000000002,6495300.0,20361250.0,65731500.0,17799850.0,12306450.0,16349250.0,673626400.0
PROJ_0283,6846150.0,8936000.0,64032750.0,159564350.0,676863500.0,951672000.0,827286600.0,858207500.0,86415000.0,29578050.0,65303650.0,32973549.999999996,57236900.0,158421250.0,541422000.0,38997150.0,40281800.0,38628750.0,4642666950.0
PROJ_0284,8709000.0,12213500.0,43167750.00000001,75807450.0,395267000.0,574541000.0,466578000.0,466356600.0,54147500.0,15778800.0,72790000.0,57810350.0,20371050.0,105188750.0,343804500.0,76194850.0,49662600.0,70274250.0,2908662950.0
PROJ_0285,8288850.000000001,10632000.0,37163250.0,82077100.0,408255000.0,406733000.0,393460200.0,495961000.0,48055000.0,14774400.0,65612500.0,59865200.0,19920950.0,75433750.0,305136000.0,55262750.0,41696850.0,47037000.0,2575364800.0
PROJ_0286,9082350.0,11996000.0,99423750.0,275531600.0,1130525500.0,1095597000.0,1128323000.0,1053022299.9999999,107942500.0,44225550.0,89520100.0,50997900.00000001,84737800.0,374138750.0,997627499.9999999,100567750.00000001,60860150.0,84564750.0,6798684250.0
PROJ_0287,11769300.0,17314250.0,30648000.0,98098100.0,375105000.0,452038500.0,504357000.0,484311300.0,50012500.0,14341500.0,105330900.0,81929900.0,33208349.999999996,143140000.0,557914500.0,137258850.0,94279250.0,118458750.0,3309515950.0
PROJ_0288,5707800.0,10070000.0,113331000.0,274214400.0,1116696000.0,1328622500.0,1357064800.0,1128236100.0,148552500.0,52106400.0,60973950.0,37072800.0,42116200.0,136307500.0,629059500.0,37204500.0,24861200.0,33679500.0,6535876650.0
PROJ_0289,9094950.0,10798750.0,75052500.0,187815700.0,749674500.0,897351000.0,952893200.0,780801500.0,73088750.0,34879500.0,73893450.0,55094300.00000001,46777500.0,180571250.0,627327000.0,73709450.0,52092950.0,56082750.0,4936999000.0
PROJ_0290,3547200.0,5876250.0,17920500.0,38920300.0,203566500.0,246696000.0,216697600.0,239842200.0,27188750.0,9169200.0,40201250.0,23865900.0,9869300.0,34531250.0,93289500.0,25001050.0,12938900.0,19242750.0,1268364400.0
PROJ_0291,2337300.0,3253000.0,26100000.0,58522899.99999999,234565999.99999997,234232000.0,252026600.00000003,249872000.00000003,29137500.0,10147950.0,21191750.0,15220900.0,19694150.000000004,79200000.0,348700500.0,27603750.0,17687800.0,17421750.0,1646915850.0
PROJ_0292,7203900.0,12377500.0,62127750.0,142435200.0,596266500.0,929280500.0,1076559400.0,980631200.0,79527500.0,32653350.0,75165100.0,43052100.0,84676900.0,256532500.00000003,906759000.0,75350800.0,54982200.0,76630500.0,5492211900.0
PROJ_0293,4952250.0,7823250.0,23566500.000000004,61843650.00000001,262615999.99999997,373321500.0,336708400.0,333757600.0,34335000.0,9733950.0,50515100.0,31221749.999999996,11264400.0,44596250.0,162846000.0,31741550.0,20252050.0,22898250.0,1823993450.0
PROJ_0294,4768500.0,7559500.0,19264500.0,46142700.0,230018500.0,223364000.0,268892400.0,224739300.0,23495000.0,9360000.0,45866400.0,28682400.0,14782600.0,50742500.0,166432500.0,44052950.0,27684150.0,36735750.0,1472583650.0
PROJ_0295,5869050.0,10313500.0,31648500.0,70311100.0,383800500.0,344555500.0,427084000.0,351460100.0,31937500.0,16075800.0,75362300.0,54542350.0,19660200.0,57342500.0,261351000.0,58870150.0,35456850.0,58095000.0,2293735900.0
PROJ_0296,811200.0,1416250.0,3217500.0,8332400.0,33005500.0,53447000.0,44511600.0,39682700.0,3536250.0,1632150.0000000002,9672950.0,6151250.0,2439850.0,9645000.0,31612500.0,6155700.0,5234450.0,4829250.0,265333500.0
PROJ_0297,4865550.0,8824000.0,48219749.99999999,159547700.0,743503500.0,723463000.0,852796000.0,750178600.0,62473750.0,24565950.0,47280150.0,32290499.999999996,22637650.0,77100000.0,291370500.0,36060400.0,19788600.0,25455750.000000004,3930421350.0
PROJ_0298,6972450.0,10821250.0,69425250.0,138994200.0,827755500.0,820790500.0,885518200.0,839311900.0,74697500.0,25923150.000000004,64295900.0,47301450.0,32590950.0,133757500.0,553837500.0,49427500.0,36975900.0,54852000.0,4673248600.0
PROJ_0299,877650.0,1709000.0,6450000.0,16017300.0,60367000.0,57731500.0,68619600.0,68423800.0,6398750.0,2039400.0,7302200.0,5122400.0,1839950.0,6477500.0,32130000.000000004,4176900.0,4126850.0,5394000.0,355203800.0
PROJ_0300,645750.0,1152250.0,3073499.9999999995,6515700.0,32010999.999999996,44745000.0,44982000.0,45551200.0,4541250.0,1296900.0,7870600.0,4885850.0,2128000.0,7808750.0,28210500.0,6710750.0,4178200.0,5445000.0,251752200.0
PROJ_0301,7322400.0,13886250.000000002,73621500.0,184228550.0,733975000.0,935389000.0,897670200.0,825761000.0,80655000.0,37405800.0,77647500.0,65541450.0,41987400.0,182173750.0,619897500.0,73611700.0,55186950.0,65189250.00000001,4971150200.0
PROJ_0302,3939900.0000000005,5793500.0,14019750.0,37976800.0,208097000.0,235609500.0,248361400.0,250454000.0,21538750.0,9027450.0,35700450.0,23310150.0,8591100.0,32661250.000000004,105579000.0,22798700.000000004,12452700.0,17844750.0,1293756150.0
PROJ_0303,1525800.0,2318750.0,16063500.0,44155800.0,188139000.0,284544000.0,237806800.0,217289700.0,24115000.0,8073450.0,12326450.0,9882850.0,12470850.0,38140000.0,164119500.0,12255300.0,10125050.0,9947250.0,1293299050.0
PROJ_0304,3400050.0,7437000.0,48407249.99999999,94505400.0,604197000.0,578493000.0,756844200.0,727373900.0,74813750.0,26903700.0,36013650.0,28699500.000000004,30651950.0,124230000.0,441877500.0,26405249.999999996,19706700.0,23334750.0,3653294550.0
PROJ_0305,4749600.0,8398500.0,51906750.0,110933400.0,565998000.0,588458500.0,584932600.0,506243000.0,56818750.0,19584900.0,63131550.0,43751300.0,45112900.0,156771250.0,645084000.0,62088250.00000001,54386800.0,45841500.0,3614191550.0
PROJ_0306,1849200.0,3893500.0,19160250.0,67841350.0,210018000.0,349942000.0,297939600.0,390095200.0,29340000.0,8991450.0,18104700.0,14942550.0,12878600.0,45888750.0,129577500.0,12999050.0,8410350.0,11652750.0,1633524800.0
PROJ_0307,5634000.0,8130750.0,47175000.0,129176250.0,409555500.0,560880000.0,573652800.0,545692900.0,52160000.0,22763700.0,47720950.0,40719850.0,36497650.0,132134999.99999999,432387000.0,40478700.0,29375450.0,36279000.0,3150414500.0
PROJ_0308,3220200.0,5367750.0,32370000.0,77964550.0,386588500.0,433941000.0,582031800.0,429448100.0,42928750.0,15847200.000000002,24194700.000000004,17774500.0,27176100.0,72718750.0,316053000.0,22240249.999999996,15338700.0,16408500.0,2521612350.0
PROJ_0309,2386950.0,3608250.0000000005,24956250.0,72784550.0,323646000.0,431205000.0,366284800.0,404490000.0,37315000.0,11173950.0,23381250.0,16823550.0,13703549.999999998,43081250.0,140346000.0,17810900.0,9625850.0,15518250.0,1958141350.0
PROJ_0310,4803450.0,8090750.0,71689500.0,139710150.0,765289000.0,985235499.9999999,1012271400.0000001,828923200.0,74593750.0,28663650.0,40991500.0,27873950.000000004,33958400.0,118376250.0,411858000.0,21933400.0,18368350.0,19968000.0,4612598200.0
PROJ_0311,6778500.0,10161750.0,47304000.0,112526250.0,589373000.0,581020000.0,659883000.0,588208000.0,71212500.0,24925950.0,73101750.0,43998300.0,69777400.0,217735000.0,812574000.0,87012800.0,73772400.0,87847500.0,4157212100.0
PROJ_0312,2337450.0,4398250.0,7291500.0,21389700.0,88910000.0,91437500.0,138915000.0,133442900.0,9987500.0,4705200.0,23437799.999999996,16295350.0,10877650.0,31400000.0,120199500.0,29636100.000000004,18113550.0,23762999.999999996,776537950.0
PROJ_0313,5632650.0,10881000.0,52096500.0,134324800.0,749479000.0,732754000.0,849072000.0,941336500.0,89932500.0,24525000.0,71724250.0,44882750.0,66564750.0,280871250.0,998149500.0,71893850.0,54081300.0,66699750.0,5244901350.0
PROJ_0314,9912000.0,14202750.0,77351999.99999999,186424500.0,891352500.0000001,1133720500.0,868113400.0,848429900.0,94971250.0,32377500.0,88969100.0,63444800.0,56517650.0,166438750.0,673668000.0,61710000.0,54445300.0,50112750.0,5372162650.0
PROJ_0315,2050499.9999999998,3474499.9999999995,22403250.0,53524200.0,218909000.00000003,228883500.0,249027800.0,346406400.0,31912500.0,9140400.0,19076200.0,13480500.0,25702250.0,80426250.0,253966500.0,22303150.0,16045900.0,19041000.0,1615773800.0
PROJ_0316,7397250.0,15155500.0,36004500.0,79820100.0,412445500.0,494931000.0,572672800.0,599266000.0,40482500.0,19725750.0,96871600.0,63180699.99999999,23683800.0,83501250.0,257224500.0,86692350.0,57942300.0,61620000.0,3008617400.0
PROJ_0317,4052249.9999999995,5417500.0,23084250.0,68721950.0,302617000.0,412404500.0,405847400.0,393044000.0,39863750.0,10543050.0,44198900.0,29223900.0,28189350.0,97157500.0,352665000.0,39685650.0,34843250.0,34020750.0,2325579950.0
PROJ_0318,9573450.0,12630500.0,48645000.0,137301450.0,596190000.0,999409500.0,794437000.0,758704900.0,70296250.0,27346950.0,96729500.0,67657100.0,66208100.0,262597500.00000003,893542500.0,116137200.0,80154100.0,82436250.0,5119997250.0
PROJ_0319,8029649.999999999,13959250.0,87868500.0,262611200.0,1162927500.0,909140500.0,1189631800.0,1098980900.0,100378750.0,35838900.0,87382800.0,52384899.99999999,87931550.0,253546250.0,1090719000.0,97884300.0,69800250.0,60913499.99999999,6669929500.0
PROJ_0320,2777250.0,4536750.0,19620000.0,38431900.0,223728499.99999997,183787000.0,214120200.0,240113800.0,24935000.0,7265700.0,28398250.0,18985750.0,15137500.0,59905000.0,260959500.0,30088300.0,19967350.0,25584750.0,1418342500.0
PROJ_0321,2131500.0,3726000.0,33276750.0,62975850.00000001,299395500.0,363726500.0,515911200.00000006,507348799.99999994,45653750.0,12436200.0,20305800.0,11304050.0,13528200.0,46248750.0,207756000.0,9916100.0,9356750.0,12174000.0,2177171700.0
PROJ_0322,5078550.0,6549500.0,27479250.0,61610549.99999999,263075000.0,350198500.0,391059200.0,333030100.0,31895000.0,11124450.0,37866750.0,33361150.0,9377550.0,37715000.0,135333000.0,24419650.0,19676800.0,24740250.0,1803590250.0
PROJ_0323,721200.0,1129750.0,4476000.0,11431150.0,43469000.0,50578000.0,45913000.0,45202000.0,4977500.0,2194200.0,8236000.0,4641700.0,2160900.0,6315000.0,21312000.0,4289950.0,2990000.0,4501500.0,264538850.0
PROJ_0324,4369050.0,8197250.0,36839250.0,110371000.0,461779500.0,534603000.0,472565800.0,636611000.0,52362500.0,16913250.0,55768450.0,26083200.0,24978100.0,97795000.0,324720000.0,38954650.0,27234350.0,29561250.0,2959706600.0
PROJ_0325,2053200.0,3624750.0,12402750.0,26680700.0,118473000.0,139526500.0,163503200.0,127943000.0,12746250.0,5354100.0,26169600.0,19157700.0,8517600.0,29645000.0,82561500.0,17919700.0,14214200.0,21043500.0,831536250.0
PROJ_0326,5192400.0,8688500.0,32762999.999999996,99879650.0,409776500.0,467248000.0,435149400.0,362683000.0,32935000.000000004,16863300.0,44573000.0,28296700.0,32658500.0,117757500.0,524799000.0,41658500.0,32726850.0,49711500.00000001,2743360300.0
PROJ_0327,5521950.0,7684000.0,52879499.99999999,142603550.0,665983500.0,607886000.0,689929800.0,843812700.0,82465000.0,30132450.0,50039500.0,31817400.0,30322600.0,99973750.0,329755500.0,27675149.999999996,21788000.0,27241500.000000004,3747511850.0
PROJ_0328,7046700.0,9303250.0,54690000.0,117406550.0,542274500.0,569430000.0,734431600.0,719652700.0,51625000.0,23018850.0,75977100.0,53100250.00000001,47563250.0,221577500.0,682321500.0,65864800.0,50585600.0,60923249.99999999,4086792400.0
PROJ_0329,2991300.0,5452250.0,18009750.0,35340550.0,222224000.0,164435500.0,203996800.0,227513500.0,20621250.0,6939450.0,37263550.0,19188100.0,7681100.0,33226250.0,102681000.0,26261600.0,18941000.0,28662000.000000004,1181428950.0
PROJ_0330,4043550.0,6596250.000000001,38103750.0,74599400.0,325932500.0,432639500.0,444341800.0,394392300.0,38573750.0,13979249.999999998,32933850.0,22292700.0,19806500.0,76142500.0,311247000.0,30293999.999999996,24924900.0,29557500.0,2320401000.0
PROJ_0331,3591300.0,7513750.0,35146500.0,89848950.0,327122500.0,573382000.0,600965400.0,403597600.0,41777500.0,14818500.0,49491400.0,30289799.999999996,21581700.0,99615000.0,299925000.0,35542750.0,26367250.0,32132250.0,2692709150.0
PROJ_0332,4999950.0,7642500.0,40732500.0,120521950.0,476552500.0,682670000.0,615783000.0,661772800.0,51376250.0,22501800.0,47805050.0,27934750.0,25410000.0,84910000.0,445594500.0,51407999.99999999,36196550.0,31875000.0,3435687100.0
PROJ_0333,5698200.0,8988500.0,57303000.0,151653750.0,741191500.0,692920500.0,883430800.0,955110500.0,71686250.0,28821150.0,52130400.0,36892300.0,50985550.0,174955000.0,579694500.0,43166400.0,33259200.0,37521000.0,4605408500.0
PROJ_0334,5467650.0,11940000.0,72118500.0,164542700.0,863702000.0,988617500.0000001,901619600.0,762875900.0,72893750.0,29971350.0,67403250.0,38865450.0,67814600.0,246717500.0,1107337500.0,83388400.0,54831400.0,57676500.0,5597783550.0
PROJ_0335,7036950.0,11596000.0,99644250.0,210252500.0,1102084500.0,1719471500.0,1501840200.0,1673337300.0,118302500.0,45365400.0,102864450.0,54516700.0,77251300.0,310037500.0,956623500.0,65323350.0,54863250.0,51369749.99999999,8161780900.0
PROJ_0336,5718600.0,9056250.0,78081000.0,178382550.0,705168500.0,698193000.0,870024400.0,937029700.0,69157500.0,25139700.0,80918699.99999999,53742450.0,46018350.0,129333750.00000001,430510500.0,56147599.99999999,40398150.0,58554000.0,4471574700.0
PROJ_0337,4973400.0,10720000.0,35484750.0,89651000.0,366724000.0,501856500.0,364275800.0,409825000.0,32702500.0,17472150.0,68521200.0,31366150.0,11499250.0,48167500.0,165460500.0,39395800.0,22862450.0,34074000.0,2255031950.0
PROJ_0338,6345300.0,9842500.0,53299500.0,183675400.0,737018000.0,844284000.0,846573000.0,1026851699.9999999,93437500.0,33518250.0,67008850.0,48462350.0,66633000.0,279833750.0,895896000.0,73195200.0,64544350.0,74135250.0,5404553900.0
PROJ_0339,3995099.9999999995,6820750.0,23034000.0,58548800.0,250350499.99999997,228760000.0,265403600.0,327607800.0,29345000.0,10464300.0,41006000.0,24321900.0,8915900.0,37218750.0,109413000.0,24190149.999999996,18783700.0,22614000.0,1490793250.0
PROJ_0340,849150.0,1672500.0000000002,3855000.0,9651450.0,50133000.0,52402000.0,77537600.0,75553300.0,5000000.0,2493000.0,8876900.0,6263350.000000001,2465400.0,7860000.0,23238000.0,4153100.0,3959800.0,5396999.999999999,341360550.0
PROJ_0341,7890749.999999999,12130500.0,77865750.0,275675900.0,1011194000.0000001,1444902500.0,1484719600.0,1229378000.0,105500000.0,43891650.0,74427050.0,56825200.0,75677350.0,213021250.0,872392500.0,53201500.0,44145400.0,63531750.0,7146370650.0
PROJ_0342,1206750.0,1998999.9999999998,4627500.0,13591950.0,59304500.0,90031500.0,82398400.0,90200300.0,6178750.0,2541150.0,11573899.999999998,6478050.0,2653699.9999999995,9042500.0,38776500.0,5321850.0,5495100.0,5187750.0,436609150.0
PROJ_0343,4242450.0,7244499.999999999,25961250.0,83777250.0,378148000.0,474705500.0,493645600.0,435277800.0,37461250.0,15681150.000000002,35871550.0,32915600.0,33388600.0,127646250.0,408100500.0,46145650.0,30268550.0,41664750.0,2712146200.0
PROJ_0344,8128200.0,12514500.0,25282500.0,71709700.0,295519500.0,443640500.0,341412400.0,412550700.0,32401249.999999996,13652550.0,88828450.0,60244250.0,31859800.0,117631250.0,368037000.0,94210599.99999999,69410900.0,89982000.0,2577016050.0
PROJ_0345,6661650.0,12673750.0,82968750.0,188609350.0,881280000.0,974624000.0000001,1248539600.0,1377370900.0,126271250.0,40018950.0,62922750.0,53752900.00000001,49239400.0,205133750.0,879264000.0,55655450.0,37664250.0,46497000.0,6329147700.0
PROJ_0346,5569200.0,7682750.0,56868750.0,128822900.0,566695000.0,668809500.0,869240400.0,730351800.0,78211250.0,25090650.000000004,46201350.0,35315300.0,62667150.0,219362500.0,904860000.0,70663900.0,51733500.0,55323000.0,4583468900.0
PROJ_0347,7923150.000000001,13741500.0,59437500.0,180193700.0,841168500.0,820705000.0,1083968200.0,1052915600.0,83983750.0,36276300.0,69228800.0,43378900.0,42698250.0,166625000.0,549814500.0,77963700.0,45690450.0,53339250.00000001,5229052050.0
PROJ_0348,5770200.0,7314000.0,29866500.000000004,64215350.0,369537500.0,410628000.0,322998200.0,325997600.0,30487500.0,15519150.0,56821150.0,33670850.0,11244450.0,52443750.0,144643500.0,33590300.0,26224250.0,25126500.0,1966098750.0
PROJ_0349,7078950.0,10470250.0,80674500.0,248033200.0,1035070500.0,1120867000.0,1031969400.0,900198800.0,102221250.0,33919650.0,63431700.0,46056000.0,86870700.0,322085000.0,950899500.0,92112800.0,58279650.0,64182000.0,6254420850.0
PROJ_0350,3569250.0,7599250.000000001,38278500.0,99604000.0,409623500.0,608551000.0,649955600.0,541172700.0,63848750.0,15848550.0,33525450.0,26658900.0,20498450.0,60993750.0,249174000.0,21361350.0,17995900.0,21620250.0,2889879150.0
PROJ_0351,10273950.0,14144750.0,38134500.0,91571300.0,378224500.0,452057500.0,618419200.0,452107300.0,53573750.0,14837400.000000002,101495650.0,51828199.99999999,29908900.0,96695000.0,270877500.0,79114600.0,58487650.0,60589500.0,2872341150.0
PROJ_0352,3971699.9999999995,7960500.0,60200250.0,126060850.0,715836000.0,694203000.0,653326800.0,812248900.0,61695000.0,23998050.0,46125950.0,27558549.999999996,34049050.0,148405000.0,503388000.00000006,42405650.0,29475550.0,32721750.0,4023630550.0
PROJ_0353,2442150.0,5025750.0,42707249.99999999,107520150.00000001,626059000.0,618744500.0,608403600.0,469916500.0,45948750.0,19439550.0,28672300.0,16854900.0,15250900.0,58975000.0,251626499.99999997,16488300.0,9516650.0,11034000.0,2954625750.0
PROJ_0354,1383900.0,2125250.0,23334750.0,48088900.0,275519000.0,355233500.0,391951000.0,385060900.0,27826250.0,8942400.0,13780800.0,10498450.0,8824200.0,36103750.0,126575999.99999999,7696750.0,7176650.0,8136750.0,1738259200.0
PROJ_0355,3924900.0000000005,7509750.0,40695750.0,102604700.0,522690499.99999994,716053000.0,718692800.0,570951700.0,76327500.0,21409650.0,38240850.0,27865400.0,39892300.0,128807500.0,514575000.0,28784400.0,26350350.0,32843250.000000004,3618219300.0
PROJ_0356,3432300.0,5385750.0,17013000.0,30103200.0,155745500.0,228199500.0,237630400.0,241685200.0,21925000.0,5611500.0,41971700.0,22790500.0,10579799.999999998,34118750.0,144342000.0,29953150.0,25302550.0,22508250.0,1278298050.0
PROJ_0357,2615400.0,4868500.0,23997000.0,79509300.0,311482500.0,426512000.0,356141800.0,369647600.0,41861250.0,13247550.0,27335400.0,18023400.0,30929850.0,130815000.0,389209500.0,32052649.999999996,27884350.0,30088500.0,2316221550.0
PROJ_0358,5890650.0,8508500.0,22171500.0,45014200.0,195950500.0,305928500.0,288531600.0,281135100.0,29098750.0,7470000.0,66360700.0,41029550.0,20815200.0,71075000.0,238684500.0,75597300.0,42101150.0,51243750.0,1796606450.0
PROJ_0359,1808400.0,3035250.0,14520000.0,46647750.0,191182000.0,266703000.0,201605600.0,195299800.0,23627500.0,6934950.000000001,16402400.0,8571850.0,8717800.0,32475000.0,114462000.0,11265050.0,8453900.0,8211750.0,1159924000.0
PROJ_0360,9993900.0,20114000.0,146358750.0,366679250.0,1568836500.0,1278481500.0,1763843200.0,1747134900.0,148130000.0,57150000.0,110044850.0,82878000.0,101796800.0,497256250.0,1284790500.0,110466849.99999999,77115350.0,103305750.0,9474376350.0
PROJ_0361,5886450.0,12974250.0,22496250.0,62827850.0,226941500.0,248130500.0,350683200.0,337938300.0,29833750.0,11878650.000000002,77222650.0,46101600.0,30415700.0,99610000.0,352944000.0,70573800.0,45759350.0,59094000.0,2091311800.0
PROJ_0362,6749550.0,11029250.0,85385250.0,237231050.0,911353000.0,1155304500.0,1551800600.0,1257566200.0,109645000.0,43729200.0,56348450.0,42215150.0,50634500.0,158225000.0,569484000.0,32724150.0,27138800.0,28319249.999999996,6334882900.0
PROJ_0363,1212600.0,2894750.0,14722500.0,37251600.0,143097500.0,239552000.0,189042000.0,207832200.0,22948750.0,7149150.0,17170900.0,8479700.0,7678649.999999999,30077500.0,92704500.0,9244600.0,6284850.0,8336250.0,1045680000.0
PROJ_0364,7452600.0,11542000.0,75218250.0,163591800.0,748297500.0,822690500.0,997806600.0,1050432400.0000001,90398750.0,27460800.0,63006849.99999999,44717450.0,35143150.0,92086250.0,327037500.0,35031050.0,23598250.0,38179500.0,4653691200.0
PROJ_0365,1592700.0,2774250.0,17558250.0,47628250.0,266687500.0,227819500.0,189698600.0,209607300.0,26091250.0,9426150.0,14974150.0,11608050.0,15919400.0,70557500.0,209511000.0,20987350.0,16738150.0,14276250.0,1373455600.0
PROJ_0366,975299.9999999999,1387250.0,7719000.0,16809100.0,84694000.0,137493500.0,96980800.0,134218900.0,9141250.0,4005900.0,10168850.0,7964800.0,5079899.999999999,17982500.0,81639000.0,9174900.0,6947850.0,6017250.0,638400050.0
PROJ_0367,5145900.0,10777500.0,59221500.0,146155550.0,592484000.0,717069500.0,964349400.0,883631200.0,64571250.00000001,32107950.0,60630300.0,35892900.0,63680050.0,258572500.0,811615500.0,66547350.0,53489150.0,49989000.0,4875930500.0
PROJ_0368,4716600.0,6291000.0,12919500.0,35544050.0,157887500.0,181554500.0,203379400.0,220529500.0,19937500.0,7239150.0,37305599.99999999,26183900.0,15910300.0,45483750.0,221859000.0,42184650.0,31691400.0,36193500.0,1306810800.0
PROJ_0369,9370950.0,15991999.999999998,106901999.99999999,261540050.0,1049180499.9999999,1261685500.0,1667215200.0,1221860500.0,137501250.0,49653000.00000001,108929800.0,80004250.0,125632850.00000001,508491250.0,1767604500.0,103012350.0,79714700.0,96229500.0,8650520150.0
PROJ_0370,4720800.0,8399250.0,22035000.0,54105099.99999999,266381500.0,367460000.0,381347400.0,417895400.0,28983750.0,11336400.0,56571750.0,33630950.0,11939900.0,41777500.0,122913000.0,32365450.0,22458800.0,25382250.0,1909704200.0
PROJ_0371,3126600.0,4908250.0,13879500.0,41839600.0,175091500.0,145378500.0,176899800.0,213739500.0,16237500.0,5942250.000000001,33831400.0,23666400.0,9582299.999999998,36552500.0,97600500.0,30606800.0,23239450.0,23262000.000000004,1075384350.0
PROJ_0372,9392400.0,13197250.0,87597000.0,194425750.0,820020500.0,1238543500.0,968298800.0,1100096400.0,91457500.0,33932250.0,89853600.0,57329650.0,55053250.0,220737500.0,651798000.0,90438300.0,62051600.0,69970500.0,5854193750.0
PROJ_0373,5315400.0,8169250.0,22587000.000000004,50284850.0,216716000.0,310308000.0,263031999.99999997,313639800.0,24583750.0,11104200.0,55564000.0,34310200.0,24930500.0,71373750.0,350383500.0,71508800.0,45938100.0,52481250.0,1932230350.0
PROJ_0374,3368250.0,5007000.0,13890000.0,24984250.000000004,159145500.0,168539500.0,184102800.0,162038500.0,13178750.0,6815249.999999999,36126750.0,18689350.0,9891350.0,26012500.0,93082500.0,20299700.0,17905550.0,17732250.0,980809750.0
PROJ_0375,6135150.0,9131000.0,125921250.0,322303300.0,1404778000.0,1178275500.0,1528319800.0,1229872700.0,141396250.0,47359350.0,58613350.0,33806700.0,50708700.0,188285000.0,614709000.0,43038900.0,32574750.0,28112999.999999996,7043341700.0
PROJ_0376,7226850.0,10360500.0,43879499.99999999,93854200.0,594719500.0,670044500.0,574760200.0,595143500.0,56976250.0,23264100.0,79822500.0,41496000.0,50884050.0,190601250.0,633280500.0,75095800.0,48287850.0,57357000.0,3847054050.0
PROJ_0377,4984650.0,10085750.0,73158750.0,172810350.0,968013999.9999999,1279583500.0,1100667400.0,889848900.0,111612500.0,36098550.0,53654349.99999999,29947800.0,29099000.0,121678750.0,505363500.0,28152850.0,19963450.0,25576500.0,5460300550.0
PROJ_0378,5284500.0,6782250.000000001,31008750.0,75794500.0,309527500.0,397309000.0,399418600.0,316336400.0,25997500.0,10636650.0,40919000.0,30974750.0,13076000.0,45925000.0,132817499.99999999,26423100.0,16944200.0,24423750.0,1909598950.0
PROJ_0379,3825450.0,9080250.0,53153250.0,101259750.0,567188000.0,663385000.0,746515000.0,652984600.0,54180000.0,23492699.999999996,39767700.0,32371250.0,47860750.0,207411250.0,786478500.0,44324950.0,38567750.0,50679750.0,4122525900.0
PROJ_0380,5764050.0,11395250.0,85413000.0,185686350.0,1026034999.9999999,931912000.0,1005891600.0000001,811385600.0,71862500.0,26223300.0,74782300.0,48636200.0,34904100.0,97662500.0,403668000.0,42210150.0,30876300.0,28179000.000000004,4922487200.0
PROJ_0381,11127600.0,13839250.000000002,33384750.0,109999150.0,432862500.0,423529000.0,470184400.0,543335800.0,36203750.0,16951950.0,92498400.0,54962249.99999999,36195950.0,136040000.0,423877500.0,104759100.0,87783800.0,99012750.0,3126547900.0
PROJ_0382,4607550.0,7998750.0,61143750.0,151687050.0,718148000.0,907535000.0,769104000.0,835034200.0,73496250.0,29065500.0,48631550.0,27676350.0,28773500.0,108538750.0,406449000.0,23346100.000000004,17946500.0,22854000.000000004,4242035800.0
PROJ_0383,5329350.0,10947750.0,65874000.00000001,175848050.0,874157000.0000001,1007351499.9999999,930647200.0,798145100.0,89243750.0,35181450.0,73304750.0,46272600.0,26416600.0,116912500.0,446886000.0,39287850.0,30096300.0,32327249.999999996,4804229000.0
PROJ_0384,3718200.0,5391750.0,44178000.0,147522700.0,705474500.0,841880500.0,709500400.0,629927700.0,64300000.0,28860300.0,36199250.0,26492650.0,23122400.0,89940000.0,354055500.0,17850000.0,18110300.0,18276750.0,3764800900.0
PROJ_0385,3710550.0,6237500.0,26631749.999999996,60291499.99999999,289348500.0,358425500.0,321459600.0,367891900.0,36190000.0,9634050.0,49378300.0,27010400.0,10010350.0,37156250.0,158764500.0,21175200.0,19490900.0,24763500.0,1827570250.0
PROJ_0386,2709750.0,5975500.0,37773750.0,66224450.00000001,313293000.0,532076000.00000006,405622000.0,379764700.0,50541250.0,17827650.0,32962850.0,20748000.0,17491950.0,56828750.0,204804000.0,20690700.0,14762800.0,16073250.0,2196170350.0
PROJ_0387,3828300.0,6683250.0,60615000.0,139935850.0,666723000.0,938115500.0,834646400.0,692473300.0,73147500.0,25741800.0,43260750.0,24850100.0,25571350.0,112568750.0,291132000.0,19737850.0,19624800.0,20430750.000000004,3999086250.0
PROJ_0388,6864750.0,11707500.0,24271500.0,41991300.0,261732000.0,311372000.0,261709000.0,344097800.0,26446250.0,11434950.0,66482500.0,42247450.0,20785450.0,100180000.0,316386000.0,56270850.0,43291950.0,68746500.0,2016017750.0
PROJ_0389,3424500.0,6860750.0,53085749.99999999,111323750.0,576555000.0,618041500.0,838497800.0,805672300.0,60403750.0,24034050.0,41480150.0,32169850.0,33181400.0,126830000.0,521896500.0,29120149.999999996,26260000.0,25015500.0,3933852700.0
PROJ_0390,6162600.0,9283000.0,58224750.0,116895950.0,475005500.00000006,774734500.0,795495400.0,752205900.0,71908750.0,21328200.0,65141250.0,32921300.000000004,30172099.999999996,143828750.0,483696000.00000006,44641150.00000001,32311500.0,52071750.0,3966028350.0
PROJ_0391,2243100.0,3995000.0000000005,7726500.0,17528750.0,92845500.0,146699000.0,119158200.0,126119400.00000001,12961250.0,4334850.0,30044000.0,19095950.0,10773350.0,39082500.0,148635000.0,32619600.0,25695800.0,22786500.0,862344250.0
PROJ_0392,4386000.0,7472000.0,12558000.0,38714950.0,142613000.0,170705500.0,225008000.0,174541800.0,17585000.0,6205950.0,48947650.0,27169050.0,17162600.0,63565000.0,215226000.0,54646500.0,39784550.0,39315750.0,1305607300.0
PROJ_0393,998549.9999999999,1423750.0,5703750.0,15721300.0,83793000.0,84749500.0,104742400.0,94749600.0,9528750.0,2709900.0,10094900.0,5484350.0,4224500.0,17187500.0,63099000.0,7586250.0,5552950.0,5186250.0,522536200.0
PROJ_0394,9200400.0,13117750.0,44364750.0,146094500.0,643968500.0,788519000.0,745094000.0,732505200.0,72235000.0,21024450.0,75949550.0,64672200.0,66341800.0,215285000.0,712044000.0,99683750.0,62764000.0,69282000.0,4582145850.0
PROJ_0395,3451500.0,7287250.0,14112749.999999998,27263450.0,128001500.0,195966000.0,197342600.0,204058900.0,15507500.0,6988950.0,48499600.0,28149450.0,13681850.0,59620000.0,187681500.0,37207050.0,31965700.0,46547250.0,1253332800.0
PROJ_0396,4311150.0,8536750.0,22427249.999999996,55503700.0,203167000.0,328491000.0,270852400.0,315259700.0,26942500.0,10266300.0,43850900.0,22811400.0,9531200.0,44545000.0,110358000.0,23499950.000000004,17986150.0,21271500.0,1539611850.0
PROJ_0397,2658000.0,3708750.0,14613750.0,38751950.0,156340500.0,203376000.0,211993600.0,149273300.0,15468750.0,5246100.0,20927850.0,15618000.0,5922350.0,20011250.0,67495500.0,12783149.999999998,12836200.0,14472000.0,971497000.0
PROJ_0398,5212650.0,11117750.0,41128500.0,111025900.0,492694000.0,673901500.0,497340200.0,559563900.0,66636250.00000001,17535150.0,55079700.0,46292550.0,54243350.0,186391250.0,697104000.0,76658100.0,46478900.0,65492250.0,3703895900.0
PROJ_0399,12271050.0,21104500.0,99261000.0,231893800.0,1392827000.0,1389384500.0,1290591400.0,1776147600.0,147652500.0,49350600.0,91650150.0,60760100.00000001,143973550.0,458417500.0,1424943000.0,118118550.00000001,82927000.0,93368250.0,8884642050.0
PROJ_0400,9075600.0,16941500.0,58742250.0,153661000.0,746453000.0,896249000.0,813223600.0,770985100.0,72136250.0,29984400.000000004,111770350.0,57403750.0,86424100.00000001,300761250.0,798970500.0,91580700.0,75847200.0,81977250.0,5172186800.0
PROJ_0401,8862300.0,11901250.0,65413499.99999999,143524850.0,721599000.0,894539000.0,840957600.0,971367700.0,93056250.0,26430750.0,76742700.0,55893250.0,60541950.0,246140000.0,832675500.0,98418949.99999999,83840900.0,79613250.0,5311518700.0
PROJ_0402,5005950.0,7678000.0,82412250.0,192670100.0,673608000.0,913985500.0,769202000.0,955828300.0,84413750.0,28426050.000000004,55658250.0,38665950.0,47966800.0,156922500.0,604273500.0,40478700.0,35764300.0,41859000.0,4734818900.0
PROJ_0403,7417200.0,12944750.0,78777749.99999999,185423650.0,941009500.0,883690000.0,1078901600.0,864677400.0,87527500.0,37001700.0,87169650.0,57657399.99999999,56641200.0,215780000.0,667638000.0,61329200.0,47436350.0,77264250.0,5448287100.0
PROJ_0404,4803300.0,8224500.0,59964000.0,120484950.0,621834500.0,873686500.0,923277600.0,713308900.0,77567500.0,23203350.0,55540800.0,27703900.0,42772800.0,124997500.0,527634000.0,40523750.0,27133600.0,37902000.0,4310563450.0
PROJ_0405,1828200.0,3015000.0,12306750.0,35742000.0,153161500.0,190731500.0,188013000.0,195319200.0,15035000.0,6105149.999999999,14449250.0,9912300.0,7864500.0,29205000.0,132196499.99999999,13732600.0,8334300.0,13251000.0,1030202750.0
PROJ_0406,10762050.0,17757750.0,69615750.0,182010400.0,722848500.0,1017934500.0,1045209200.0,811550500.0,94150000.0,33053850.0,105871750.0,72374800.0,68593000.0,246606250.0,976554000.0,114774650.0,92318850.0,106377749.99999999,5788363550.0
PROJ_0407,4767750.0,8634250.0,57254250.0,191253000.0,614796500.0,935788000.0,789537000.0,960115700.0,83750000.0,26258400.0,44848500.0,30305000.0,26664050.0,118016250.0,343593000.0,21220250.0,16302650.0,22767750.0,4295872300.0
PROJ_0408,3818100.0,5947000.0,57900750.0,131745900.0,653395000.0,854753000.0,708285200.0,630383600.0,58681250.0,25696350.0,33829950.0,19007600.0,27720000.0,101563750.0,278631000.0,17182750.0,13182000.0,16401750.0,3638124950.0
PROJ_0409,10107300.0,15326499.999999998,30516750.0,90035800.0,349673000.0,494855000.0,509903799.99999994,556120400.0,50173750.0,20367000.0,74796800.0,67421500.0,20898150.0,85028750.0,382536000.0,81009250.0,50011650.0,66175500.0,2954956900.0
PROJ_0410,6810150.0,12248750.0,98865750.0,187432750.0,1063222499.9999999,1125826000.0,1104636400.0,1387410400.0,138957500.0,36678600.0,67323500.0,42885850.0,48198150.0,140407500.0,538992000.0,30053450.0,24274250.0,28808250.0,6083031750.0
PROJ_0411,7995150.0,12495500.0,50296500.0,164466850.0,725041500.0,750671000.0,973600600.0,731971700.0,73745000.0,31034250.0,86826000.0,52036250.0,63500500.0,239443750.0,903334500.0,93977699.99999999,72632950.0,78038250.0,5111107950.0
PROJ_0412,693600.0,1011999.9999999999,3269250.0000000005,7725600.0,31144000.0,43633500.0,32888800.000000004,38024000.0,3708750.0,1351350.0,7874950.0,5562250.0,1899100.0,6698750.0,26784000.0,5305700.0,3808350.0,6077250.0,227461200.0
PROJ_0413,1092300.0,1917000.0000000002,7185750.0,16126450.0,89496500.0,132439500.0,99577800.0,97591700.0,8937500.0,4300200.0,11343350.0,7190550.0,4656750.0,22058750.0,71401500.0,7131500.000000001,5799950.0,7293000.0,595540050.0
PROJ_0414,6737400.0,14314250.000000002,71569500.0,169219500.0,876154500.0,1068047000.0,832363000.0,1077330500.0,86520000.0,32971950.0,75658100.0,46840700.0,31967250.0,104468750.0,434749500.0,38009450.0,36504650.0,36646500.0,5040072500.0
PROJ_0415,12716250.0,17675500.0,150543750.0,270096300.0,1386758000.0,1284770500.0,1295677600.0,1842495600.0,160730000.0,55908450.0,115862250.0,77021250.0,136591700.0,522563750.0,1728360000.0,138215100.0,87712950.0,132078750.0,9415777700.0
PROJ_0416,2267550.0,4439000.0,57894749.99999999,108045550.0,487508999.99999994,551722000.0,584246600.0,698603700.0,63302500.0,19799550.0,32072550.0,18676050.0,22449000.0,62665000.0,249992999.99999997,12835850.0,9714900.0,15096750.0,3001333300.0
PROJ_0417,2872350.0,5758000.0,18279000.0,33986350.0,188164500.0,253564500.00000003,281603000.0,221780800.0,26887500.0,9257400.0,34744900.0,20541850.0,8577800.0,31822500.0,93699000.0,22996750.0,17091100.0,16851750.0,1288479050.0
PROJ_0418,6606600.0,10207000.0,33495750.0,84598650.0,278188000.0,292875500.0,339521000.0,419641400.0,32328750.0,14012550.0,62570400.0,38104500.0,20527850.0,64721250.0,214780500.0,42164250.0,33293000.000000004,38931000.0,2026567950.0
PROJ_0419,4157400.0000000005,7639500.0,40567500.0,89569600.0,451239500.0,589997500.0,756099400.0,598499700.0,48971250.0,21780450.0,49616100.0,31027000.000000004,23268349.999999996,85797500.0,278104500.0,29835000.0,15489500.0,24918000.0,3146577750.0
PROJ_0420,4088400.0,6956250.0,35462250.0,98401500.0,355997000.0,519023000.00000006,485129400.0,528533600.0,51050000.0,16121700.0,32700400.0,22443750.0,44474850.0,159608750.0,588424500.0,34487900.0,34955050.0,38467500.0,3056325800.0
PROJ_0421,6096450.0,11687250.0,30858750.0,72843750.0,300211500.0,384750000.0,364040600.0,372518800.0,37802500.0,16933500.0,79442600.0,49944350.0,23312450.0,79486250.0,239984999.99999997,56722200.00000001,43373850.0,58545750.0,2228555550.0
PROJ_0422,900900.0,1456500.0,11229000.0,32177050.0,115192000.00000001,128516000.0,130487000.0,141455100.0,13323750.0,4794300.0,7789400.0,5677200.0,4801650.0,14527500.0,65533500.0,4904500.0,3961100.0,4528500.0,691254950.0
PROJ_0423,846900.0,1650500.0,7500000.0,22040900.0,103275000.0,138253500.0,130506599.99999999,146547600.0,13326250.0,3923550.0,9620750.0,6520800.0,3665550.0,15138750.0,47646000.0,5224950.0,3157050.0,4757250.0,663601900.0
PROJ_0424,10192350.0,18163000.0,85329000.0,280045600.0,1191487500.0,1540691000.0,1401919400.0,1285832000.0,136773750.0,59520150.0,96754150.0,76139650.0,100729300.0,477026250.0,1414246500.0,117025450.0,86432450.0,88992750.0,8467300250.0
PROJ_0425,6181050.0,10321750.0,55385250.0,161005500.0,614737000.0,891746000.0,776963600.0,658436000.0,65298750.0,25377300.000000004,64171200.0,51814899.99999999,41176100.0,141548750.0,492367500.00000006,53697050.0,44743400.0,41991000.0,4196962100.0
PROJ_0426,506100.00000000006,898250.0,7620750.0,23178650.0,80546000.0,105649500.0,146441400.0,149680700.0,11642500.0,4204350.0,6274150.0,3017200.0,3975300.0,12283750.0,50562000.0,3956749.9999999995,2792400.0,3492750.0,616722500.0
PROJ_0427,9366750.0,14827000.000000002,62631000.0,149154400.0,635035000.0,726379500.0,823719400.0,730652500.0,75396250.0,23425650.000000004,90227700.0,51738900.0,60849250.0,236782500.0,737635500.0,114519650.0,72336550.0,80236500.0,4694914000.0
PROJ_0428,2593350.0,6056250.0,16779000.0,38087800.0,162622000.0,244406499.99999997,270529000.0,216436100.0,18188750.0,6469200.0,24786300.0,22210050.0,8890350.0,31873750.0,106744500.0,15658700.0,16490500.0,14874750.000000002,1223696850.0
PROJ_0429,3024300.0,5804750.0,10622250.0,36134200.0,176094500.0,167038500.0,172725000.0,146906500.0,11900000.0,5791050.0,34705750.0,25471400.0,10664500.0,41492500.0,152968500.0,39411950.0,31311800.0,38374500.0,1110441950.0
PROJ_0430,2379900.0,4309000.0,26295000.0,72024200.0,348695500.0,468378500.0,460266800.0,435956800.0,45343750.0,17596350.0,24339700.000000004,16665850.0,24539200.0,90005000.0,329553000.0,19470100.0,17112550.0,22550250.0,2425481450.0
PROJ_0431,654450.0,1108000.0,10208250.000000002,17826600.0,104873000.0,135821500.0,105722400.0,132075200.0,11262500.0,4683150.0,8330250.0,5392200.0,4942000.0,23571250.0,89923500.0,6096200.0,4625400.0,4196250.0,671312100.0
PROJ_0432,3249000.0,3879999.9999999995,32898000.0,102626900.0,475379500.0,592790500.0,506150400.0,440496400.0,47171250.0,14349600.0,34221450.0,19985150.0,23934400.0,73927500.0,307822500.0,27715100.0,19990100.0,17767500.0,2744355250.0
PROJ_0433,762000.0,1406750.0,9267000.0,31916200.000000004,132557499.99999999,128715500.00000001,176723400.0,148594300.0,13200000.0,5440050.0,7438500.0,5967900.0,8778700.0,32281250.0,92974500.0,7924550.0,5106400.0,6773999.999999999,815828500.0
PROJ_0434,5842500.0,11108250.0,70363500.0,235062849.99999997,1060077500.0000001,1054975000.0,1293080600.0,965906600.0,118383750.0,35496900.0,57969550.0,47629200.0,56015050.0,204941250.0,734985000.0,45373849.99999999,34561800.0,50566500.0,6082339650.0
PROJ_0435,5462850.0,7103749.999999999,24759750.0,67092100.00000001,313437500.0,410229000.0,362208000.0,377397900.0,35790000.0,11552850.0,41335150.0,26428050.0,13777750.0,38173750.0,164286000.0,30403650.0,21649550.0,29496750.0,1980584350.0
PROJ_0436,5537100.0,6917749.999999999,56977500.0,126893350.0,545819000.0,779646000.0,792232000.0,674528300.0,81616250.0,26088750.0,55134800.0,28693800.000000004,54566750.0,209216250.0,809707500.0,58436650.0,49138050.0,46428000.0,4407577800.0
PROJ_0437,3193950.0,5548750.0,49024500.0,121180550.0,580414000.0,514871500.0,687352400.0,748820600.0,60841250.0,18870300.0,34263500.0,16279200.000000002,19324550.0,64185000.0,262174500.0,16201850.000000002,12760150.0,17304750.0,3232611300.0
PROJ_0438,6750900.0,11416500.0,47180250.00000001,113599249.99999999,414868000.0,381995000.0,514764600.0,551241300.0,46360000.0,14455800.0,72185350.0,46055050.0,16303350.0,64997500.0,227529000.0,41182500.0,31454800.0,36259500.0,2638598650.0
PROJ_0439,5617950.0,9136250.0,50235749.99999999,119382349.99999999,523192000.0,549366000.0,720015800.0,697915000.0,57900000.0,20969550.0,52345000.0,45212400.0,37119600.0,118705000.0,400738500.0,51755650.0,36554050.0,49655250.00000001,3545816100.0
PROJ_0440,1316850.0,2172500.0,6858000.0,14511400.0,78803500.0,103474000.0,82055400.0,92702900.0,9571250.0,3631949.9999999995,16751850.0,9699500.0,4832800.0,16383750.0,66609000.00000001,13919600.0,9494550.0,13237500.0,546026300.0
PROJ_0441,6752550.0,9733750.0,123735000.0,351087450.0,1480266500.0,1288570500.0,1567529600.0,1306425100.0,136390000.0,48789450.0,58265350.0,39881000.0,55236650.0,150902500.0,676111500.0,40539050.0,29433950.0,28664250.0,7398314150.0
PROJ_0442,6964200.0,11472250.0,32686500.0,92677600.0,412046000.0,297141000.0,344127000.0,323174900.0,41778750.0,11299500.0,71702500.0,55931250.0,31402700.0,97658750.0,421785000.0,75077100.0,55286400.0,65783250.0,2447994650.0
PROJ_0443,3303300.0,6925749.999999999,29649750.0,79093050.0,306255000.0,441037500.0,496262200.0,390444400.0,46545000.0,14741100.0,40205599.99999999,21584000.0,21535849.999999996,73070000.0,309712500.0,34487050.0,21760050.0,30871500.0,2367483600.0
PROJ_0444,4032900.0,6035500.0,43662000.0,111769600.0,493586500.00000006,615913500.0,897278200.0,659958900.0,75236250.0,26538300.0,35556900.0,19537700.0,25241650.000000004,91762500.0,323410500.0,17318750.0,16496350.0,14492250.0,3477828250.0
PROJ_0445,9309600.0,14588250.0,67373250.0,207331350.0,738327000.0,1223533500.0,1241336600.0,1005482599.9999999,92021250.0,30718350.0,109725850.0,64770050.0,42582050.00000001,187948750.0,562041000.0,78599500.0,58592300.0,56124000.00000001,5790405250.0
PROJ_0446,10010400.0,13404249.999999998,60233250.0,154278900.0,795676500.0,823507500.0,993778800.0,793993500.0,90295000.0,25434900.0,99245250.0,50160000.0,82564300.0,291701250.0,868207500.0,101689749.99999999,80037750.0,80877749.99999999,5415096550.0
PROJ_0447,1588650.0,2671500.0,7499250.0,15734250.0,98260000.0,87523500.0,112239400.0,88861700.0,8498750.0,2880450.0,13570550.0,9930350.0,3494750.0,13238750.0,47668500.0,7203750.0,5295550.0,7796999.999999999,533956650.0
PROJ_0448,2330550.0,3743000.0,24658499.999999996,76127500.0,258298000.0,402714500.0,334640600.0,414645900.0,35395000.0,14325299.999999998,18877550.0,15398550.0,16485700.0,73631250.0,209493000.0,15481899.999999998,15490800.0,13594500.0,1945332100.0
PROJ_0449,7227450.0,15296000.0,91287000.0,228735850.00000003,856519500.0,1144436500.0,1295128800.0,987770400.0,118020000.0,32710500.0,97596600.0,57885400.00000001,94508750.0,336370000.0,1063089000.0,86381250.0,76790350.0,82555500.0,6672308850.0
PROJ_0450,1147350.0,1659500.0,10169250.0,22303600.0,93508500.0,155040000.0,136200400.0,135945500.0,15026250.0,4293450.0,13979450.0,8387550.000000001,6967100.0,21115000.0,69799500.0,9399300.0,5926700.0,7045500.0,717913900.0
PROJ_0451,8595750.0,15038999.999999998,35901000.0,111617900.0,553605000.0,527459000.0,552357400.0,530221400.0,40935000.0,15638400.0,102291700.0,60473199.99999999,26941950.0,102420000.0,277146000.0,65359900.00000001,56937400.0,50285250.0,3133225250.0
PROJ_0452,3610050.0,6572250.0,15270750.000000002,33122400.0,180608000.0,174923500.0,243402600.0,174852200.0,22335000.0,7013700.000000001,35707700.0,24089150.0,9009700.0,35943750.0,150039000.0,33426250.0,19739850.0,28151250.0,1197817100.0
PROJ_0453,3513900.0,5780500.0,14917500.0,31068900.0,204306000.0,205304500.0,208700800.0,241442700.0,18565000.0,8368200.0,24684800.0,21350300.0,8511650.0,30706250.0,107887500.0,20009000.0,12146550.0,18245250.0,1185509300.0
PROJ_0454,3478350.0,5018000.0,17121750.0,37085100.0,209278500.0,223506500.0,205251200.0,203321700.0,20381250.0,5781600.0,33967700.0,17229200.0,5934600.0,19853750.0,101821500.0,19275450.0,10786750.0,12784500.0,1151877400.0
PROJ_0455,775500.0,1154000.0,4333500.0,8041950.0,45772500.0,43823500.0,46765600.0,45531800.0,3790000.0,1406700.0,6849800.0,4598000.0,2751700.0,7523750.0,27409500.0,5728150.0,5673200.0,6948000.0,268877150.0
PROJ_0456,8067900.0,12592750.0,97630500.0,205810650.0,1124677500.0,1127669000.0,832069000.0,1023563400.0,87323750.0,28960199.999999996,79568750.0,36777350.0,36846250.0,144031250.0,430681500.0,38860300.0,32656000.0,40556250.0,5388342300.0
PROJ_0457,3145350.0,5266750.0,36604500.0,101814750.0,365729500.0,387457500.0,503386799.99999994,362236800.0,32401249.999999996,14544000.0,29762700.0,21004500.0,21476000.0,77791250.0,264348000.00000003,28447800.0,23510500.0,27834750.0,2306762700.0
PROJ_0458,11278350.0,18725500.0,128646000.0,344647600.0,1552763000.0,1195765000.0,1709668800.0,1655052800.0,124495000.0,39010500.0,108017750.0,66270100.00000001,129050950.0,423186250.0,1253056500.0,102344250.0,100502350.0,81976500.0,9044457200.0
PROJ_0459,6305250.0,8801000.0,56508750.0,143841200.0,587537000.0,851342500.0,891966600.0,683442600.0,72927500.0,30350700.0,60615800.0,37130750.0,29865500.0,80933750.0,292819500.0,34696150.0,26890500.0,32423250.0,3928398300.0
PROJ_0460,9618300.0,18498250.0,39114000.0,80632250.0,419322000.0,540407500.0,467891200.0,496804899.99999994,43440000.0,20483100.0,101711700.0,63183550.0,34903050.0,125253750.0,483246000.00000006,130358550.00000001,77114700.0,100845749.99999999,3252828550.0
PROJ_0461,8372549.999999999,16296750.0,55557750.0,174434650.0,826310500.0,1032099000.0000001,867055000.0,1106740900.0,97281250.0,26772750.000000004,102378699.99999999,76062700.0,73116750.0,269116250.0,1069721999.9999999,94765650.00000001,104602550.0,88458000.0,6089143700.0
PROJ_0462,4319250.0,7123000.0,25569750.0,75811150.0,340535500.0,360297000.0,323400000.0,309352400.0,28248750.0,8722800.0,64935350.0,36499950.0,15260700.0,55836250.0,223308000.0,40296800.0,37539450.0,43329000.0,2000385100.0
PROJ_0463,9376200.0,11015500.0,29756250.0,83566350.0,442918000.00000006,566418500.0,511344400.0,431475400.0,39933750.0,17369550.0,76154000.0,57638400.0,27205849.999999996,81911250.0,293481000.0,56947450.0,48209200.0,66585749.99999999,2851306800.0
PROJ_0464,10451850.0,15928250.0,93243750.0,228830200.0,1334457500.0,1611903000.0,1602917400.0,1575095700.0,127121250.0,53149050.0,94051350.0,87522550.0,106317750.0,447141250.0,1328778000.0,139819900.0,83129150.0,129515249.99999999,9069373150.0
PROJ_0465,5702700.0,13116749.999999998,49413750.0,103217049.99999999,464270000.00000006,611011500.0,756158200.0,757317800.0,53947500.0,21011400.0,64368400.0,40007350.0,57428000.0,181805000.0,620883000.0,90622750.00000001,66454050.0,77388000.0,4034123200.0
PROJ_0466,690000.0,1644250.0,3630749.9999999995,8707950.0,32129999.999999996,56924000.0,51557800.0,56667400.0,4992500.0,1892700.0,9543899.999999998,6782050.0,2196600.0,7762500.0,34420500.0,7195250.000000001,5717400.0,6874500.0,299330050.0
PROJ_0467,2246850.0,4097999.9999999995,10226250.0,31100350.000000004,105340500.0,161851500.0,183191400.0,141329000.0,13681250.0,4880250.0,21863100.0,13478600.0,4338250.0,21251250.0,58333500.0,12665000.0,9917050.0,9000000.0,808792100.0
PROJ_0468,1483800.0,3506500.0,9432000.0,17756300.0,112106499.99999999,123728000.00000001,105585200.0,135004600.0,11797500.0,3746700.0,19695350.0,10274250.0,3774050.0,13408750.0,58779000.0,10857050.0,8906950.0,7891500.0,657734000.0
PROJ_0469,8847300.0,13616500.0,30543750.0,66424250.0,422671000.0,413117000.0,500446800.0,479742600.0,35358750.0,19015200.0,93580100.0,54169000.00000001,24822700.0,81913750.0,326799000.0,57603650.00000001,50490050.0,55618500.0,2734779900.0
PROJ_0470,1416750.0,2352500.0,8229750.0,28194000.0,87711500.0,107549500.0,130996599.99999999,143152600.0,11160000.0,4669200.0,16170400.0,8148150.0,13370350.0,37387500.0,152203500.0,13778500.0,13525850.0,16361250.0,796377900.0
PROJ_0471,7635900.0,12850750.0,55155750.0,120000250.0,818295000.0,875415500.0,906264800.0,1017888899.9999999,91305000.0,32663250.0,87493000.0,57209950.0,64649900.0,236430000.0,859419000.0,87967350.0,74057100.0,88743750.0,5493445150.0
PROJ_0472,4572450.0,7145750.0,56392500.0,145400750.0,732640500.0,747973000.0,626866800.0,573696800.0,60820000.0,20501550.0,45854800.0,37360650.0,20153000.0,76522500.0,323743500.0,28152850.0,17537000.0,21400499.999999996,3546734900.0
PROJ_0473,5410200.0,6461000.0,60712500.0,158693000.0,591549000.0,874817000.0,718585000.0,748898200.0,71018750.0,33138000.0,42746000.0,26926800.0,47185600.0,124527500.0,597046500.0,41525050.0,30873050.0,38034750.0,4218147900.0
PROJ_0474,5053950.0,6521500.0,100098000.00000001,242168700.0,1095539500.0,1016100999.9999999,1008420000.0,1003465000.0,74713750.0,33364800.000000004,47023500.0,31218900.0,30266600.0,114543750.0,439893000.0,25511900.0,23797800.0,25079250.0,5322780900.0
PROJ_0475,5950950.0,10027250.0,99998250.0,221206350.0,1196154000.0,1125408000.0,1075902800.0,1262833300.0,135598750.0,53020350.0,89797050.0,50680600.0,73186750.0,192385000.0,860503500.0,73913450.0,46318350.0,66016500.0,6638901200.0
PROJ_0476,2542200.0,4017499.9999999995,36129000.0,102619500.00000001,374841500.0,558315000.0,446164600.0,558952800.0,48787500.0,14939550.0,32585850.0,21315150.0,25197200.0,79616250.0,274617000.0,28776750.0,19762600.0,24120000.0,2653299950.0
PROJ_0477,2349600.0,4108500.0,7849500.0,22357250.0,109726500.0,106381000.0,112170800.0,136023100.0,13885000.0,4635450.0,18577400.0,17755500.0,5436550.0,20260000.0,97191000.0,20519850.0,16628950.0,18338250.0,734194200.0
PROJ_0478,4391250.0,6305250.0,12844500.0,40130200.0,178959000.0,181469000.0,188297200.0,180439400.0,17120000.0,7579800.0,34330200.0,27252650.0,18951800.0,58481250.0,202896000.0,43398450.0,29764800.0,36837750.0,1269448500.0
PROJ_0479,5087400.0,8626000.0,21938250.0,57577550.0,231106500.0,416812500.0,309533000.0,343787400.0,38931250.0,10253250.0,63295400.0,47500000.0,18149250.0,56032500.0,249642000.0,55465050.0,37365900.0,37349250.0,2008452450.0
PROJ_0480,5739300.0,13460250.0,55299750.0,125607600.0,679906500.0,969399000.0,687646400.0,696780100.0,76765000.0,30595950.0,74119650.0,56826149.99999999,34083000.0,139355000.0,504081000.0,56856500.0,46220200.0,59824500.0,4312565850.0
PROJ_0481,3938550.0,7772499.999999999,18236250.0,53664800.0,228692500.0,250486500.00000003,214492600.0,297489300.0,27435000.0,9605250.0,51475000.0,25026800.0,12408549.999999998,41027500.0,183982500.0,31622549.999999996,24518650.0,34239750.0,1516114550.0
PROJ_0482,7083900.0,15443250.0,115374750.0,333878750.0,1656318500.0,1541327500.0,1348156600.0,1235789700.0,115561250.0,42501600.0,91618250.0,54637350.0,66559850.0,235191250.0,1124914500.0,61075050.0,50804650.0,62859750.0,8159096450.0
PROJ_0483,996150.0,2424500.0,5226750.0,16476100.0,74188000.0,97460500.0,94893400.0,98105800.0,8038750.0,2974499.9999999995,13006500.0,8100650.0,2918300.0,9152500.0,33736500.0,6655500.0,4336150.0,6019500.0,484710050.0
PROJ_0484,1063500.0,2270000.0,4786500.0,11186950.0,54034500.0,49324000.0,52390800.0,67948500.0,6615000.0,2308950.0,14581200.0,9711850.0,5657399.999999999,20092500.0,72693000.0,12481400.0,9495200.0,12537749.999999998,409179000.0
PROJ_0485,1000950.0000000001,1823250.0000000002,13868250.0,33335150.0,187246500.0,186162000.0,240835000.0,183979900.0,18687500.0,6845850.0,8802950.0,5024550.0,6196750.0,23142500.0,82458000.0,6250900.000000001,3513250.0,4730250.0,1013903500.0
PROJ_0486,2897400.0,6945750.0,26451000.0,69735750.0,312664000.0,305890500.0,366755200.0,311079000.0,36507500.0,10970100.0,34836250.0,27993650.0,31374350.0,117173750.0,293854500.0,36153900.0,28355600.0,34474500.0,2054112700.0
PROJ_0487,3223050.0,4977000.0,15152250.0,29777600.0,165945500.0,215754500.0,203212800.0,181865300.0,15840000.0,5562900.0,37450599.99999999,22077050.0,7778050.0,40505000.0,130545000.00000001,31505249.999999996,20653100.0,28886250.0,1160711200.0
PROJ_0488,5688000.0,9418000.0,44846250.0,110674400.0,439450000.0,382973500.0,428416800.0,506630999.99999994,49065000.0,14570550.0,51527200.0,43659150.0,16530150.0,52237500.0,200398500.0,43776700.0,25157600.0,33268500.0,2458288800.0
PROJ_0489,3352500.0,5455000.0,55259250.0,123759450.0,547425500.0,569724500.0,748328000.0,584211600.0,52042500.0,23005800.0,31929000.0,24388400.000000004,24378550.0,91440000.0,271147500.0,18254600.0,16549000.0,15519750.0,3206170900.0
PROJ_0490,7613400.0,11417500.0,108564750.0,310714900.0,1227136500.0,1135335500.0,1307339600.0,1269264400.0,128598750.0,56403900.0,62599400.00000001,48868950.0,48515600.0,136116250.0,534226500.00000006,45048300.0,30603950.0,39724500.0,6508092650.0
PROJ_0491,1829550.0,3585750.0,32931749.999999996,87199750.0,271728000.0,488680000.0,408375800.0,479655300.0,40308750.0,14624550.0,18064100.0,14187300.0,12551700.0,49346250.0,182488500.0,12308850.0,8482500.0,10614000.0,2136962400.0
PROJ_0492,5882700.0,10491000.0,42198000.0,105462950.00000001,504917000.0,558619000.0,497457800.0,601574600.0,43702500.0,16807050.0,68147100.0,38937650.0,45988950.0,196421250.0,529065000.0,54176450.0,43312750.0,53127000.0,3416288750.0
PROJ_0493,3745350.0,6356750.0,17625000.0,38213600.0,196341500.0,192878500.0,264815600.00000003,255517400.00000003,18520000.0,9289350.0,36703850.0,20085850.0,8449000.0,29787500.0,88344000.0,17076500.0,15975700.0,20153250.0,1239878700.0
PROJ_0494,3941699.9999999995,6548000.0,16197750.0,36842750.0,142477000.0,170297000.0,212601200.0,203515700.0,19906250.0,5269950.0,39534250.0,26715900.000000004,13149150.0,46770000.0,212827500.0,46330099.99999999,35101950.0,34685250.0,1272711400.0
PROJ_0495,6557700.0,8820500.0,27859500.0,81248300.0,342388500.0,540483500.0,464647400.0,387718700.0,35191250.0,17110350.0,54912950.0,36247250.0,14794850.0,49356250.0,205348500.0,36847500.0,23935600.0,36424500.0,2369893100.0
PROJ_0496,1899450.0,3407250.0,10460250.0,33818000.0,135056500.0,181421500.0,172391800.0,222508300.0,15526250.0,7298550.0,23558150.0,12806000.000000002,14031500.0,51787500.0,234067500.0,23238999.999999996,17269200.0,15941250.0,1176487950.0
PROJ_0497,6740850.0,8220500.0,16150500.0,44274200.0,221382500.0,318288000.0,316412600.0,246680700.0,24953750.0,10529550.0,61677200.0,34770950.0,22055600.0,86327500.0,351882000.0,71405950.0,41360150.0,64027500.0,1947140000.0
PROJ_0498,3052200.0,6468500.0,32325750.0,73572650.0,379270000.0,426084500.0,435766800.0,496416900.0,50033750.0,18452250.0,31428750.0,17749800.0,15718500.0,55003750.0,178744500.0,22253850.0,17475900.0,13911000.0,2273729350.0
PROJ_0499,8011500.0,12636000.0,54003000.0,155220550.0,576096000.0,688550500.0,1027471200.0,895659200.0,71742500.0,28083150.000000004,88529750.0,47948400.0,48483750.0,171267500.0,503806500.0,65668450.00000001,49555350.0,59559000.0,4552292300.0
PROJ_0500,5983500.0,8650250.0,18301500.0,54408500.00000001,265132000.0,323722000.0,313061000.0,250027200.0,22673750.0,11257650.0,66479600.0,47541800.0,21270900.0,84561250.0,369130500.0,62242100.0,45184750.0,67106250.0,2036734500.0
PROJ_0501,3455850.0,6553500.0,32262000.000000004,75280200.0,254013999.99999997,383619500.0,462060200.0,384314000.0,43840000.0,14132250.0,29424850.0,22932050.0,20945050.0,57313750.0,234229500.0,30763200.0,18675800.0,23460000.0,2097275700.0
PROJ_0502,7424100.0,12767500.0,69510750.0,201302199.99999997,915042000.0,951187500.0,856990400.0,1088805600.0,82547500.0,37661850.0,69024350.0,41848450.0,32926250.0,116508750.0,484335000.0,34632400.0,35020700.0,28032750.0,5065568050.0
PROJ_0503,7038150.0,12367750.0,60847500.0,129966200.0,807882500.0,838954500.0,711215400.0,758908600.0,79340000.0,22285350.0,69972650.0,42386150.0,32237800.0,149925000.0,443128500.0,63393849.99999999,42439800.0,47931750.0,4320221450.0
PROJ_0504,6647550.0,10975750.0,32209500.0,75489250.0,359303500.0,385576500.0,371527800.0,339344800.0,42316250.0,13251150.000000002,72083850.0,46476850.0,19451600.0,76692500.0,268362000.0,69299650.0,38138100.0,52947750.0,2280094350.0
PROJ_0505,6937500.0,15735499.999999998,73308750.0,167839400.0,889882000.0000001,958464500.0,897219400.0,985617000.0,77366250.0,38974950.0,96162550.00000001,63680400.00000001,56380449.99999999,195550000.0,613264500.0,60551450.0,51871300.0,73992000.0,5322797900.0
PROJ_0506,5626800.0,8801750.0,42060749.99999999,103279950.0,622718500.0,474515500.0,590567600.0,537971700.0,48802500.0,20433600.0,59135350.0,36362200.0,27671000.0,97018750.0,416088000.0,41811500.0,30963400.0,38391750.0,3202220600.0
PROJ_0507,5895300.0,9064000.0,37619250.0,84737400.0,323280500.0,351576000.0,471870000.0,411522500.0,38592500.0,10921050.0,81933699.99999999,52302249.99999999,19582150.0,63392500.0,266620500.0,63465250.0,47723000.0,58838250.0,2398936100.0
PROJ_0508,5999400.0,8802000.0,28416750.0,79028300.0,292068500.0,294747000.0,371282800.0,329673900.0,35601250.0,9754650.0,55651000.0,35405550.0,17903200.0,65396249.99999999,209547000.0,47922999.99999999,31530200.0,46104000.0,1964834750.0
PROJ_0509,2154450.0,3333500.0,6669000.0,19410200.0,78030000.0,84863500.0,93991800.0,89734700.0,8783750.0,4025699.9999999995,17288350.0,13620150.0,6192550.0,19307500.0,67104000.0,16830850.0,9814350.0,13112250.000000002,554266600.0
PROJ_0510,1731750.0,3269750.0,6501000.000000001,16230050.0,70626500.0,81453000.0,93893800.0,94429500.0,7640000.0,3310649.9999999995,20542150.0,11753400.0,5576900.0,21411250.0,96201000.0,16580950.0,14833650.0,18051750.0,584037050.0
PROJ_0511,2549100.0,4202250.0,36720750.0,78893250.0,322524000.0,411768000.0,347067000.0,403384200.0,43995000.0,13551300.0,24535450.0,16269700.0,21932750.0,67387500.0,248827500.00000003,16379499.999999998,15051400.0,15248250.0,2090286900.0
PROJ_0512,1609950.0,2960250.0,6476250.0,20301900.0,79067000.0,101944500.0,93874200.0,99075800.0,12782500.0,4620150.0,16879450.0,10620050.0,4160100.0,15496250.0,48523500.0,7404350.0,7537400.0,9580500.0,542914100.0
PROJ_0513,4376100.0,7956999.999999999,45761250.0,114274500.00000001,597728500.0,642238000.0,819250600.0,769142100.0,52395000.0,26219250.0,51946250.0,30887350.0,22581300.0,91587500.0,281952000.0,23715000.0,19423950.0,21949500.000000004,3623385150.0
PROJ_0514,1238700.0,1677750.0,14662500.0,33721800.0,178423500.0,159961000.0,194549600.0,190643800.0,13461250.0,5956650.0,9890450.0,8261199.999999999,5682600.000000001,17665000.0,62347500.00000001,6360550.0,5606900.0,6459000.0,916569750.0
PROJ_0515,4523850.0,8537000.0,67379250.0,177365050.0,677484000.0,904894000.0,1153440400.0,979826100.0,101752500.0,33168600.0,57430150.0,40022550.0,43983100.0,156417500.0,748206000.0,54254650.0,39591500.0,35660250.0,5283936450.0
PROJ_0516,3873600.0,6917749.999999999,23355000.0,55228049.99999999,227332500.0,328852000.0,245284200.0,289448000.0,23142500.0,8801550.0,58746750.0,37548750.0,11696650.0,44710000.0,185638500.0,33431350.0,31626400.0,36984000.0,1652617550.0
PROJ_0517,5924400.0,9883250.0,57644250.0,187260700.0,700128000.0,931513000.0,855481200.0,994317899.9999999,72457500.0,25714800.000000004,68600950.0,44657600.0,27333950.0,101502500.0,458847000.0,30837150.0,24464050.0,31420500.0,4627988700.0
PROJ_0518,3395700.0,6569499.999999999,24021750.0,55636900.0,264213999.99999997,252253499.99999997,295185800.0,216145100.0,22943750.0,9586800.0,33509500.0,19588050.0,8142050.0,33622500.0,94725000.0,22973799.999999996,17896450.0,19606500.0,1400016650.0
PROJ_0519,6366450.0,13263500.0,78524250.0,254165949.99999997,1087745000.0,1015188999.9999999,1426733000.0,1264443500.0,115961250.0,41198850.0,77437250.0,53029950.0,71884050.0,201496250.0,839587500.0,64775099.99999999,49321350.0,53040750.0,6714162950.0
PROJ_0520,2453250.0,4723750.0,11799000.0,27940550.0,148010500.0,162089000.0,149920400.0,149729200.0,18433750.0,7321050.0,24345500.0,13951700.000000002,6746600.0,19335000.0,92205000.0,14903050.000000002,9926150.0,12804750.0,876638200.0
PROJ_0521,7768350.0,15409500.0,70047750.0,234420900.00000003,1043264499.9999999,1105154000.0,1153450200.0,879343800.0,93176250.0,37920150.0,82815300.0,47024050.0,44466800.0,155365000.0,716022000.0,69663450.0,58022250.0,73899000.0,5887233250.0
PROJ_0522,6690600.0,13391749.999999998,58862250.0,151034000.0,712980000.0,937593000.0,1005078199.9999999,1025474300.0,87118750.0,28860750.0,75318800.00000001,37296050.0,38152450.0,142063750.0,473228999.99999994,42807700.0,33504900.000000004,38589750.0,4908046000.0
PROJ_0523,12981600.0,21876500.0,35818500.0,95282400.0,468851500.0,411521000.0,536108999.99999994,557061300.0,53475000.0,16782300.0,104813250.0,65275450.0,44045750.0,179537500.0,641169000.0,118432200.0,86647600.0,123487500.0,3573167350.0
PROJ_0524,7377000.0,11304000.0,97014000.0,212733350.00000003,1281791500.0,1234145000.0,1156096200.0,1405190500.0,120005000.0,47580300.0,70151000.0,45593350.0,69577200.0,250398750.0,901732500.0,64866050.0,43330300.0,44877750.0,7063763750.0
PROJ_0525,3925500.0,8065750.0,25951500.0,74662300.0,363740500.0,454432500.0,465196200.0,399125900.0,36481250.0,15745950.000000002,37669550.0,24339000.0,37958200.0,123031250.0,417730500.0,39797000.0,35874150.0,48491250.0,2612218250.0
PROJ_0526,2061450.0,3174000.0,16164000.0,45106700.0,209168000.0,176567000.0,197930600.0,171205000.0,17256250.0,5625900.0,20672650.0,13794950.0,14401100.0,49986250.0,170361000.0,19204900.0,18611450.0,17595000.0,1168886200.0
PROJ_0527,2592450.0,6117750.0,22128750.0,69950350.0,289561000.0,308693000.0,300360200.0,253170000.0,30976250.0,11076750.0,29655400.0,22854150.0,24209850.0,98907500.0,343066500.0,28312649.999999996,30543500.0,36335250.0,1908511300.0
PROJ_0528,5429400.0,6995750.0,27792750.0,64651950.00000001,262420500.00000003,397822000.0,365069600.0,401822500.0,35245000.0,10875150.0,56941500.0,32240150.0,11627350.0,39657500.0,126900000.0,30139300.0,20856550.0,29052750.0,1925539700.0
PROJ_0529,1537050.0,2391250.0,14531250.0,43412100.0,148376000.0,255189000.0,232250200.0,270736700.0,20543750.0,7039350.0,16258850.0,9001250.0,12987450.0,47158750.0,146875500.0,10820500.0,8602100.0,11072250.0,1258783300.0
PROJ_0530,8047200.0,10533250.0,61947750.0,127514950.0,669341000.0,883994000.0,938467600.0,788018300.0,71471250.0,24466950.0,60644800.0,44043900.0,45474800.0,136783750.0,471752999.99999994,63198350.0,39091000.0,45933750.0,4490725600.0
PROJ_0531,930150.0,1099000.0,9561750.0,25169250.000000004,100096000.0,125855999.99999999,126459199.99999999,132123700.00000001,15303750.0,4621950.0,8021400.0,5187000.0,8216600.0,20961250.0,102352500.0,6266200.0,6087900.0,5501250.0,703814850.0
PROJ_0532,4261500.0,8593250.0,68373000.0,208406200.0,924264499.9999999,1148768500.0,967583400.0,1182633700.0,94580000.0,44174250.0,54028450.0,33566350.0,41062700.0,132443750.0,470065499.99999994,25939450.0,23743850.0,24292500.0,5456780850.0
PROJ_0533,4462050.0,10250500.0,22406250.0,71981650.0,266916999.99999997,370120000.0,448751800.0,325376800.0,38833750.0,13694400.0,60538950.0,30053250.000000004,14267750.0,44592500.0,159124500.0,29229800.0,22577100.0,27518250.000000004,1960696300.0
PROJ_0534,7944750.0,15241500.0,33335250.000000004,77459500.0,308541500.0,413867500.0,441372400.0,477269100.0,48616250.0,15387750.0,104065050.00000001,52916900.0,43327200.0,121258750.0,443902500.0,95000250.00000001,68131050.0,105213000.0,2872850200.0
PROJ_0535,9033600.0,15339750.0,35187750.0,118348200.0,508325500.0,548663000.0,552818000.0,555703300.0,44423750.0,14002650.0,96738200.0,62442550.0,42604800.0,113437500.0,431833500.0,122597200.0,74201400.0,82587000.0,3428287650.0
PROJ_0536,2752500.0,5852250.0,9306000.0,23030650.0,109956000.00000001,166734500.0,137572400.0,125964200.00000001,16853750.0,6005700.0,29398750.0,19970900.0,11106900.0,49291250.0,146812500.0,43355950.0,31980650.0,33778500.0,969723350.0
PROJ_0537,1229400.0,2941250.0,30048750.0,75755650.0,258663500.0,346446000.0,370057800.0,386137600.0,31585000.0,11051550.0,14349200.0,10469950.0,12512850.0,39776250.0,122679000.0,6997199.999999999,6945900.0,8766000.0,1736412850.0
PROJ_0538,937200.0,1812500.0,5556750.0,11662400.0,47566000.0,61977999.99999999,65415000.0,56929300.0,6705000.0,2351700.0,12577300.0,8125350.0,2668050.0,10273750.0,36837000.0,8088600.0,8065200.0,7212750.0,354761850.0
PROJ_0539,4338450.0,5903500.0,17221500.0,43367700.0,231123500.00000003,299677500.0,328584200.0,246195700.0,28360000.0,10824750.0,36345700.0,21416800.0,8179500.0,28340000.0,140836500.0,21898550.0,17779450.0,22509750.0,1512903050.0
PROJ_0540,2697750.0,5022750.0,9843750.0,29006150.0,112625000.0,148485000.0,156241400.0,183262100.0,16900000.0,6250049.999999999,24561549.999999996,23368100.0,6816600.0,33485000.0,116900999.99999999,25061399.999999996,18033600.0,23523750.0,942084950.0
PROJ_0541,848250.0,1102750.0,7205249.999999999,13227500.0,73117000.0,95085500.0,104634600.0,90404000.0,7695000.0,3084300.0000000005,7294950.0,5371300.0,4447450.0,17933750.0,52015500.0,5789350.0,4979000.0,4761000.0,498996450.0
PROJ_0542,4879650.0,8586250.0,54449250.0,122527349.99999999,635205000.0,731528500.0,666890000.0,593426600.0,50147500.0,18706950.0,58707600.0,40302800.0,26170200.0,99661250.0,380700000.0,43158750.0,42090100.0,36177000.0,3613314750.0
PROJ_0543,1744950.0,3317750.0,12038250.0,29585199.999999996,153884000.0,181241000.0,169569400.0,208967100.0,18812500.0,5623200.0,24971900.0,13057749.999999998,19485900.0,68891250.0,205924500.0,21367300.0,20785050.0,19976250.0,1179243250.0
PROJ_0544,1012500.0,1990250.0,17475750.0,49350600.0,217141000.0,281323500.0,275938600.0,263878800.00000003,23401250.0,10066950.0,13387850.0,8443600.0,9091950.0,30157500.0,95179500.0,7625349.999999999,4078100.0,5212500.0,1314755550.0
PROJ_0545,4915200.0,8813500.0,21819000.0,45726450.0,203243500.0,263815000.0,287620200.0,244129600.0,30586250.0,9192150.0,50352700.0,32757900.0,14980700.0,60913750.0,164817000.0,40683550.0,35780550.0,31350000.0,1551497000.0
PROJ_0546,2445150.0,4265000.0,9387750.0,26253350.0,98455500.0,121134500.0,108985800.0,104245900.0,10773750.0,4282200.0,22689600.0,13146100.0,6584200.0,19631250.0,75370500.0,16125350.0,15144350.0,16307250.0,675227500.0
PROJ_0547,1452900.0,1820750.0,8586000.0,25907400.0,82390500.0,119282000.0,103821200.0,108106500.0,11622500.0,3666150.0,13790950.0,10484200.0,9087750.0,31081250.0,150021000.0,14806150.0,13265850.0,12245250.0,721438300.0
PROJ_0548,2293800.0,4253500.0,6319500.0,20103950.0,86785000.0,114057000.0,90797000.0,100773300.0,8260000.0,4134600.0,18567250.0,12181849.999999998,9839200.0,27896250.0,113359500.0,22632100.0,20040800.0,19140000.0,681434600.0
PROJ_0549,7590600.0,13034750.0,72039750.0,171458000.0,748773500.0,1163968500.0,962075800.0,1006646600.0,96187500.0,36367650.0,86024150.0,50633100.0,103402600.0,344687500.0,1314360000.0,95034250.0,57484700.0,91928250.0,6421697200.0
PROJ_0550,2487900.0,3828250.0,8055000.0,19935600.0,110219499.99999999,125238500.00000001,143070200.0,125556800.0,12463750.0,3906899.9999999995,20150650.0,12714800.0,7342300.0,23765000.0,98671500.0,20864950.0,16068000.0,16800750.0,771140350.0
PROJ_0551,6324600.0,11015000.0,25475250.0,48614299.99999999,281222500.0,276535500.0,279456800.0,358589600.0,35377500.0,9699300.0,48793950.0,44489450.0,13970250.0,47621250.0,229221000.0,54375350.0,36715250.0,42792750.00000001,1850289600.0
PROJ_0552,7218150.0,11523500.0,106379250.00000001,271359850.0,1015733000.0,1223239000.0,1258525800.0,1126373700.0,117430000.0,37540800.0,90195800.0,47808750.0,72706900.0,245481250.0,985990500.0000001,77724000.0,47528650.0,48378750.0,6791137650.0
PROJ_0553,3028950.0,3711000.0,20406749.999999996,46494200.0,301520500.0,256490500.0,328907600.0,316578900.0,32470000.0,10089450.0,33151350.0,20666300.0,15629950.0,54116250.0,232650000.0,25816200.000000004,17177550.0,19344750.0,1738250200.0
PROJ_0554,2220300.0,3778250.0,17893500.0,43504600.0,212568000.0,289018500.0,291991000.0,293910000.0,25398750.0,9144450.0,23849600.0,19855950.0,19311950.0,76207500.0,321768000.0,35428850.0,21076900.0,29802000.0,1736728100.0
PROJ_0555,3317700.0,5326250.0,39975000.0,105512900.0,601995500.0,649021000.0,571114600.0,837866600.0,66577500.0,22648050.0,41593250.0,27262150.000000004,34081950.0,128752500.0,511879500.0,30849050.0,25489750.0,23694750.0,3726958000.0
PROJ_0556,7284000.0,9788500.0,57849750.0,188322600.0,746011000.0,753426000.0,829383800.0,852697900.0,101406250.0,29715750.0,58568400.0,44215850.0,71457400.0,218082500.0,1093014000.0,58185050.0,63981450.0,71109000.0,5254499200.0
PROJ_0557,5586000.0,12215500.0,24855000.0,57579400.0,262046500.00000003,256177000.00000003,265531000.0,348036000.0,25182500.0,9652500.0,69336100.0,39342350.0,29195600.0,104926250.0,382410000.0,62508150.0,56622800.0,76610250.0,2087812900.0
PROJ_0558,7826999.999999999,14881000.0,85755750.0,191758050.0,854471000.0,1224170000.0,1015701400.0000001,1347650100.0,113776250.0,33567750.0,92325850.0,54395100.00000001,85165850.0,408627500.0,1351120500.0,97330950.0,81773900.0,84252749.99999999,7144550700.0
PROJ_0559,5053800.0,7553500.0,44575500.0,124175700.0,576172500.0,788338500.0,726591600.0,763661600.0,78177500.0,29741849.999999996,49572600.0,40581150.0,67766300.0,178365000.0,724756500.0,52059100.0,47799050.0,52894500.0,4357836250.0
PROJ_0560,7080450.0,13071750.0,33109500.0,83401700.0,460852999.99999994,587651000.0,566263600.0,447577400.0,39971250.0,15047550.0,66466550.0,40202100.0,19210800.0,63162500.0,205762500.0,36567850.0,29277300.0,35135250.0,2749812050.0
PROJ_0561,6594600.0,8461750.0,69226500.0,127526050.00000001,623075500.0,1013574000.0000001,764978200.0,726384500.0,85483750.0,27913499.999999996,49137600.0,30837950.0,23577750.0,102171250.0,325264500.0,38246600.0,30089800.0,26059500.0,4078603300.0
PROJ_0562,4921800.0,7534500.0,38525999.99999999,93056850.0,532133999.99999994,458831000.0,503612200.0,534091700.0,52832500.0,15508350.0,47973250.0,42374750.0,38004050.0,156257500.0,563953500.0,60004900.00000001,40673750.0,45099000.00000001,3235389600.0
PROJ_0563,1414650.0,2380250.0,19719000.0,47524650.0,234651000.0,294310000.0,278770800.0,210043800.0,22800000.0,8903250.0,15429450.0,8512950.0,12855150.0,41765000.0,149670000.0,13701999.999999998,8954400.0,10782000.0,1382188350.0
PROJ_0564,7865400.0,13109750.0,54336750.0,157427600.0,649621000.0,756884000.0,631002400.0,871515900.0,75621250.0,23739300.0,72826250.0,49505450.0,64955100.0,226373750.0,829273500.0,100485300.0,65332800.0,81927749.99999999,4731803250.0
PROJ_0565,6187800.0,11143250.0,52268250.0,144653350.0,479977999.99999994,652023000.0,697113200.0,884998900.0,70598750.0,23968800.0,63813050.0,42634100.0,42397949.99999999,156411250.0,540621000.0,61216150.00000001,36225800.0,43122750.0,4009375350.0
PROJ_0566,4719600.0,8048000.0,40045500.00000001,123154500.00000001,453279500.0,573239500.0,602778400.0,736094200.0,66226249.99999999,22083750.0,52858300.0,34547700.0,50688400.0,210693750.0,601641000.0,51576300.0,33374900.000000004,44118750.0,3709168300.0
PROJ_0567,2141250.0,2945250.0,26153250.0,69463800.0,314627500.0,303990500.0,319842600.0,355262500.0,40252500.0,14629049.999999998,20549400.0,15848850.000000002,19160400.000000004,79210000.0,200205000.0,18399950.0,14316900.0,14704500.0,1831703200.0
PROJ_0568,5674200.0,9480750.0,102021750.0,276151350.0,1272433000.0,1263538000.0,1708051800.0,1406199300.0,164345000.0,42275250.0,76006100.0,51058700.0,54771150.0,194652500.0,589099500.0,42621550.0,30982900.0,33603000.0,7322965800.0
PROJ_0569,12364500.0,15769750.0,33228750.0,98599450.0,357221000.0,413022000.0,457199400.0,540551900.0,52507500.0,13975650.0,111671750.0,71646150.0,42874300.0,153251250.0,611280000.0,109859950.0,82336150.0,106630500.0,3283989950.0
PROJ_0570,4241700.0,7198500.0,24086250.0,61680850.00000001,387234500.0,335445000.0,433346200.0,456152200.0,31223750.0,12419100.0,42795300.0,29568750.0,31798900.0,128476250.0,388728000.0,40080050.0,30288050.0,40953000.0,2485716350.0
PROJ_0571,6393450.0,13304000.0,46130250.00000001,140792400.0,659098500.0,848483000.0,855638000.0,644516500.0,79166250.0,25148700.0,78611750.0,40647650.0,42894250.0,148077500.0,538519500.0,50070950.00000001,46969000.0,55571250.0,4320032900.0
PROJ_0572,5003700.0,7840250.0,43548000.0,113536350.0,629603500.0,674775500.0,780824800.0,783546600.0,71667500.0,25794450.0,50728250.0,32059650.000000004,20615350.0,95233750.0,357489000.0,28093350.0,25548250.0,30129750.0,3776038000.0
PROJ_0573,4102200.0000000005,7492000.0,21811500.0,45528500.0,191403000.0,282017000.0,330505000.0,272899800.0,30628750.0,10512900.0,42993950.0,23885850.0,9509850.0,29998750.0,111204000.0,19539800.0,15206750.0,18237000.0,1467476600.0
PROJ_0574,5232750.0,8251250.0,82751999.99999999,257623600.0,1044684000.0,1238961500.0,1152107600.0,872379200.0,118170000.0,41723550.0,51662050.0,32556500.0,34821850.0,125846250.0,505440000.0,28881299.999999996,19123000.0,20870250.0,5641086650.0
PROJ_0575,7635150.0,13475000.0,102030750.0,307445950.0,1093516500.0,1160605500.0,1147403600.0,1300566300.0,125306250.0,43645950.0,109299550.0,72665500.0,118872600.0,419742500.0,1274476500.0,104992000.0,73182200.0,99986250.0,7574848050.0
PROJ_0576,4730250.0,8046500.0,14801250.0,46721750.0,221212500.0,202654000.0,262003000.00000003,245497300.0,27030000.0,7105049.999999999,46005599.99999999,38552900.0,21951300.0,85640000.0,282298500.0,72802500.0,43686500.0,52227000.0,1682965900.0
PROJ_0577,12193650.0,14383750.0,114492000.0,203189200.0,1153994000.0,1228663500.0,1529662400.0,1630162600.0,111003750.0,42531300.0,98914650.0,62404550.0,113858500.0,503662500.0,1290667500.0,112464349.99999999,87202050.0,93380250.0,8402830500.0
PROJ_0578,7136250.0,14171000.0,102488250.0,271635500.0,1067132500.0,1421931500.0,1628270000.0,1588113100.0,152425000.0,42638400.0,97918500.0,60521650.00000001,76591550.0,261088750.0,1051155000.0,64999500.00000001,55812250.0,63395250.0,8027423950.0
PROJ_0579,1613100.0,2707500.0,6467250.0,17105100.0,80036000.0,94192500.0,96040000.0,99163100.0,9146250.0,3065400.0,13231250.0,10676100.0,4971400.0,16254999.999999998,64107000.0,15050100.0,9053850.0,12058500.0,554939400.0
PROJ_0580,3581400.0,5769250.0,47373000.0,117169750.0,523736000.0,775475500.0,651170800.0,731593400.0,71157500.0,24753150.000000004,38912200.0,21817700.0,20557600.0,105475000.0,361030500.0,21253400.0,16840850.0,15003750.0,3552670750.0
PROJ_0581,916050.0,1218750.0,4122000.0,8896650.0,51680000.0,43187000.0,44688000.0,41409300.0,5006250.0,1520550.0,8734800.0,5300050.0,2680300.0,7681250.0,36526500.0,6534800.0,4529200.0,5565000.0,280196450.0
PROJ_0582,9220800.0,18293250.0,66697500.0,211005450.0,845554500.0,922345500.0,1044307599.9999999,926000800.0,86103750.0,32732100.0,96651199.99999999,65736200.0,101597650.0,329350000.0,1298722500.0,113718099.99999999,110086600.0,105026999.99999999,6383150500.0
PROJ_0583,7120800.0,15524000.0,68400750.0,197000949.99999997,1061131500.0000001,1211041000.0,1201970000.0,1112017700.0,91883750.0,47678400.0,74470550.0,50597950.0,86630600.0,402386250.0,1376730000.0,92489349.99999999,85062900.0,68172750.0,7250309200.0
PROJ_0584,5677350.0,6737500.0,46914000.0,99406050.00000001,666850500.0,796708000.0,728924000.0,619063700.0,59560000.0,23068800.0,44053900.0,25117050.0,24320800.0,85458750.0,341896500.0,27537450.000000004,19934850.0,24638250.0,3645867450.0
PROJ_0585,3634350.0,7246500.0,30581250.0,58643150.0,290079500.0,441132500.0,397586000.0,397651500.0,40073750.0,13660650.0,35337950.0,31368050.0,37646000.0,94451250.0,351279000.0,50711000.0,37379550.0,39454499.99999999,2357916450.0
PROJ_0586,5503050.0,9764500.0,45231000.0,95341600.0,427669000.0,613700000.0,758725800.0,657175000.0,56786250.0,25214850.0,54211150.0,37309350.0,26756800.0,123593750.0,438907500.0,51473450.00000001,32754800.0,39595500.00000001,3499713350.0
PROJ_0587,3512700.0,8004250.0,16897500.0,52926649.99999999,248344500.0,202939000.0,229486600.0,196201900.0,23010000.0,9703800.0,41223500.0,33233850.0,10046400.0,40372500.0,176296500.0,39611700.0,24467300.0,32544750.0,1388823400.0
PROJ_0588,6296400.0,10060250.0,71678250.0,144795800.0,640679000.0,993453000.0,980009800.0,868276100.0,83365000.0,31311449.999999996,57012550.0,35777950.0,45571050.0,144240000.0,703300500.0,48382850.0,30432350.0,39659250.0,4934301550.0
PROJ_0589,5481150.0,9830250.0,23667750.0,59194450.00000001,277389000.0,221559000.0,250458600.0,216969600.0,24742500.0,8815950.0,63943550.0,33203450.0,23209900.0,72661250.0,270108000.0,69896350.0,40718600.0,53134500.0,1724983850.0
PROJ_0590,3305700.0,6257000.0,30402000.0,100504950.0,469667499.99999994,452466000.0,380788800.0,436587300.0,31997500.0,15876900.0,36424000.0,20643500.0,18768400.0,80661250.0,297585000.0,29608050.0,22287200.0,28519500.0,2462350550.0
PROJ_0591,5545050.0,9041000.0,46782750.0,127859050.0,635366500.0,588230500.0,673465800.0,574055700.0,63016250.0,26108099.999999996,44446849.99999999,33690800.0,46617550.0,236882500.0,829926000.0,56133150.0,46008950.0,41278500.0,4084455000.0
PROJ_0592,3243600.0,5159000.0,12084000.0,41908050.0,130653500.0,208753000.0,177928800.0,220510100.0,15735000.0,5693850.0,27178800.0,21616300.0,6055700.0,24818750.0,86134500.0,18360000.0,11305450.0,14563500.0,1031701900.0
PROJ_0593,9374100.0,12351000.0,25833000.0,75461500.0,279947500.0,351281500.0,350722400.0,423288600.0,41377500.0,13374450.0,85945850.0,51295250.00000001,24864350.0,95925000.0,341122500.0,76184650.0,73076250.0,67872000.0,2399297400.0
PROJ_0594,863400.0,1644000.0000000002,9311250.0,21913250.0,100699500.0,130150000.0,150959200.0,162445900.0,15747500.0,5467500.0,11218650.0,8131999.999999999,12170200.000000002,45425000.0,149760000.0,10919950.0,8366150.000000001,8894250.0,854087700.0
PROJ_0595,3000150.0,3675000.0,11955750.0,31583200.0,126522500.0,128934000.0,156025800.0,149011400.0,17793750.0,5774400.0,30573250.0,18518350.0,8477700.0,30425000.0,83128500.0,20267400.0,14036750.0,20193750.0,859896650.0
PROJ_0596,4399950.0,6654250.0,57379499.99999999,165639750.0,564995000.0,663394500.0,962330600.0,947767600.0,82098750.0,24741900.000000004,43923400.0,26796650.0,28637350.0,85026250.0,346054500.0,24471499.999999996,18963750.0,19595250.0,4072870450.0
PROJ_0597,10081050.0,17966500.0,67352250.0,158870600.0,629629000.0,789155500.0,1056920200.0,767347600.0,72897500.0,37142100.0,111413650.0,54104400.0,71858150.0,306728750.0,966073500.0,111807300.00000001,85153250.0,87997500.0,5402498800.0
PROJ_0598,4196400.0,5404750.0,23196750.0,49522650.0,214591000.0,230242000.0,317970800.0,238697600.0,23421250.0,7912800.0,40775450.0,23882050.0,10591350.0,34236250.0,117103500.00000001,23213500.000000004,13634400.0,22749750.0,1401342250.0
PROJ_0599,2164050.0,2777000.0,19239000.0,39758350.0,211335500.0,282596500.0,309307600.0,243605800.0,26288750.0,9544500.0,15716550.0,12188500.000000002,9070950.0,33721250.0,131755500.00000001,8462600.0,6985550.0,7851000.000000001,1372368950.0
PROJ_0600,1202100.0,2282500.0,10708500.0,22470100.0,112506000.00000001,123177000.0,124028800.0,150000800.0,13171250.0,4197600.0,16766350.0,9418300.0,9497250.0,38490000.0,149247000.0,14969350.000000002,13752700.0,14135250.0,830020850.0
PROJ_0601,3464700.0,6689500.0,13831499.999999998,33446150.0,133900500.0,154052000.0,161239400.0,145189600.0,16147500.0,4815900.0,32191450.0,24291500.0,12388600.0,51473750.0,188874000.0,36618000.0,25399400.0,34952250.0,1078965700.0
PROJ_0602,587700.0,1177250.0,6379500.0,15123750.0,64931500.0,96045000.0,70687400.0,95874800.0,8736250.0,2718000.0,6330699.999999999,4153400.0,4785900.0,13067500.0,60529499.99999999,5974650.000000001,4493450.0,5517000.0,467113250.0
PROJ_0603,7671150.0,14016500.0,42402000.0,79668400.0,477793500.0,602005500.0,425584600.0,519667800.0,41786250.0,18158850.0,108422300.0,68834150.0,29543850.0,79846250.0,330169500.0,65787450.0,65268450.0,56913000.0,3033539500.0
PROJ_0604,5397000.0,8402750.0,45558750.0,112781550.0,491614500.0,834309000.0,834323000.0,669697700.0,77486250.0,24275700.0,72827700.0,39935150.0,37485000.0,124320000.0,411106500.0,55068100.0,44801250.0,51736500.00000001,3941126400.0
PROJ_0605,1845000.0,3286999.9999999995,7213500.000000001,13227500.0,61284999.99999999,86412000.0,83407800.0,88173000.0,7286250.0,3247200.0,21570200.0,14767749.999999998,8071000.0,26061250.0,114903000.0,24193550.0,17152850.0,17280000.0,599383850.0
PROJ_0606,1869150.0,3047750.0,9466500.0,24201700.0,116552000.0,120802000.0,111141800.0,124053300.0,11412500.0,2826000.0,19489450.0,10545950.0,4723600.0,16886250.0,65704499.99999999,12060649.999999998,10254400.0,10737749.999999998,675775250.0
PROJ_0607,7442700.0,13521750.0,35074500.0,70664450.0,299693000.0,465110500.0,355367600.0,495068600.0,42351250.0,14062050.0,61654000.0,38882550.0,20839700.0,70605000.0,299331000.0,63066600.0,44387200.0,46879499.99999999,2444001950.0
PROJ_0608,8795550.0,12783250.0,94572000.0,227918150.0,1129310000.0,1210252500.0,1161378400.0,1430895500.0,127230000.0,46070550.0,92434600.0,68894950.0,92163399.99999999,354850000.0,1487317500.0,85719100.0,86298550.0,83423250.0,7800307250.0
PROJ_0609,9411750.0,15344000.0,83926500.0,202327100.00000003,765484500.0,870485000.0,953500800.0,929395800.0,107572500.0,31393800.0,101182449.99999999,60792399.99999999,89435850.0,330745000.0,1174963500.0,128902500.0,113826050.0,109492500.0,6078182000.0
PROJ_0610,4118550.0,6350500.0,37515000.0,124767699.99999999,527212500.0,665503500.0,564068400.0,624195000.0,69133750.0,19141200.0,30161450.0,22304100.0,31343200.0,126957500.0,428211000.0,35729750.0,22984000.0,25820999.999999996,3365518100.0
PROJ_0611,1385700.0,2295750.0,11327250.0,21245400.0,105230000.0,166468500.0,153340600.0,120541900.0,14927500.0,4981500.0,18278700.0,11253700.0,9681350.0,38048750.0,140220000.0,19017900.0,13505050.0,17061750.0,868811300.0
PROJ_0612,7116450.0,10985250.0,29787750.0,76934100.0,385279500.0,503395500.0,598094000.0,451195500.0,50336250.0,14630400.0,74292200.0,36075300.0,17550400.0,51052500.0,185242500.0,41065200.0,29151200.0,34993500.0,2597177500.0
PROJ_0613,4854150.0,10349000.0,40132500.0,109856700.00000001,566763000.0,650360500.0,584922800.0,636193900.0,48658750.0,21408300.0,53531100.0,39782200.0,34926850.0,96343750.0,328216500.0,42720150.0,34630700.0,37477500.0,3341128350.0
PROJ_0614,6529350.0,10373500.0,131302500.0,265730300.00000003,1055275000.0,1195062000.0,1395588600.0,1195883900.0,112723750.0,41842800.0,65940200.0,46254550.0,40868450.0,136340000.0,541156500.0,33104100.0,32184750.0,30601500.0,6336761750.0
PROJ_0615,6211650.0,11259000.0,50793750.0,107196400.00000001,570919500.0,646570000.0,672672000.0,818893400.0,58696250.0,22896000.0,52439250.0,34654100.0,35209650.0,132873750.0,458428500.0,45901700.0,31037500.0,42953250.0,3799605650.0
PROJ_0616,4162050.0000000005,7674750.0,21940500.0,58855900.0,262097500.00000003,273932500.0,314403600.0,324794800.0,32762500.000000004,9662400.0,42547350.0,25185450.0,10617250.0,40331250.0,145552500.0,20315850.0,15873650.0,22893750.0,1633603550.0
PROJ_0617,3622950.0,6667250.0,21240750.0,64491000.00000001,279216500.0,280820000.0,280583800.0,352973300.0,26420000.0,12312900.0,36306550.0,23040350.0,24370849.999999996,114132500.0,374841000.0,43354250.0,33042100.0,35582250.0,2013018300.0
PROJ_0618,1499250.0,2196250.0,23133750.0,51485500.0,237387999.99999997,291726000.0,256720799.99999997,296975200.0,30117500.0,8957250.0,10339950.0,8612700.0,7173950.0,35533750.0,115929000.0,7195250.000000001,5678400.0,6417000.0,1397079500.0
PROJ_0619,5136450.0,8405000.0,44490000.0,131533150.0,445782500.00000006,596657000.0,580424600.0,636048400.0,52398750.0,24409800.000000004,48691000.0,40420600.0,29239700.0,113843750.0,364716000.0,51296650.0,42359850.0,36831750.0,3252684950.0
PROJ_0620,6715500.0,8812750.0,29082750.0,75768600.0,283398500.0,387305500.0,337933400.0,436267200.0,36636250.0,15781500.0,49987300.0,42105900.0,11360300.0,49402500.0,157437000.0,28114600.0,20633600.0,30195000.0,2006938150.0
PROJ_0621,4180500.0,8027249.999999999,55774500.0,106941099.99999999,431732000.0,558913500.0,570242400.0,656030400.0,68506250.0,20634750.0,41419250.0,33396300.000000004,50257900.0,200863750.0,823806000.0,48613200.0,40762800.0,52543500.0,3772645350.0
PROJ_0622,1405050.0,2393750.0,26051250.0,58867000.0,270062000.0,296628000.0,303604000.0,297431100.0,24870000.0,10630800.0,11283899.999999998,7126900.0,8569050.0,29412500.0,125118000.00000001,6599400.0,6009250.0,6559499.999999999,1492621450.0
PROJ_0623,5088450.0,8898000.0,29806500.0,79686900.0,321266000.0,367726000.0,389912600.0,352313700.0,31916250.0,16868250.0,47906550.0,31813600.0,15836100.0,52471250.0,172768500.0,35486650.0,30065750.0,24814500.0,2014645550.0
PROJ_0624,6360900.0,13515000.0,78831000.0,209388550.0,743461000.0,1163256000.0,955019800.0,1095071800.0,108967500.0,29539800.000000004,64475700.0,49430400.00000001,94059350.0,245576250.0,1212336000.0,75284500.0,59120750.0,66335250.0,6270029550.0
PROJ_0625,2384550.0,2908500.0,7027500.0,14465150.0,90610000.0,106428500.0,87651200.0,89240000.0,8668750.0,3152250.0,23791600.0,14189200.000000002,7732900.0,30933750.0,100651500.0,19754000.0,14959100.0,19049250.0,643597700.0
PROJ_0626,6990300.0,9555500.0,28536000.0,62646550.0,341836000.0,316236000.0,397115600.0,326715400.0,34771250.0,10826100.0,69441950.0,50985550.00000001,16451049.999999998,76517500.0,260253000.0,57174400.0,45377800.0,47049750.0,2158479700.0
PROJ_0627,3854100.0,6587750.0,13168500.000000002,26534550.0,142570500.0,141873000.0,170010400.0,135043400.0,13863750.0,5987700.0,42145700.0,19684000.0,14148750.0,52076250.0,208494000.0,42790700.0,25918100.0,30526500.0,1095277650.0
PROJ_0628,6110700.0,8561250.0,28287750.0,69593300.0,322821500.0,308626500.0,377241200.0,365981000.0,26218750.0,10504800.0,53577500.0,37712150.0,19968550.0,68721250.0,199390500.0,49857599.99999999,33036250.0,39600000.0,2025810550.0
PROJ_0629,2812500.0,5998750.0,18093750.0,47681900.0,221629000.0,204962500.0,268490600.0,206813700.0,21553750.0,8222850.0,26983050.0,18603850.0,7217700.0,24147500.0,119889000.0,17661300.0,14762150.0,20406749.999999996,1255930600.0
PROJ_0630,2795100.0,4376750.0,10635000.0,19900450.0,89666500.0,128230999.99999999,126645399.99999999,144442700.0,9883750.0,4561200.0,30436950.0,21864250.0,9087400.0,33975000.0,159673500.0,32467450.000000004,19234800.0,22622250.0,870499450.0
PROJ_0631,7320150.0,11245500.0,28091250.0,77785100.0,278120000.0,329621500.0,411384400.0,449032400.0,33072499.999999996,14093100.0,59235400.0,39161850.0,22240050.0,57978750.0,199498500.0,61986250.0,40356550.0,47238000.0,2167461250.0
PROJ_0632,7609950.0,9875000.0,72036000.0,155107700.0,648201500.0,1017772999.9999999,905823800.0,1108457800.0,105786250.0,37170000.0,65084700.0,41067550.0,91730800.0,277796250.0,1103944500.0,87087600.0,53652950.0,57597000.0,5845802350.0
PROJ_0633,3039600.0,4999000.0,31546500.0,88594650.0,439450000.0,379173500.0,373223200.0,448925700.0,43013750.0,16420950.000000002,24039550.0,21189750.0,14942550.0,52146250.0,160713000.0,13269350.000000002,12582700.0,13234500.0,2140504500.0
PROJ_0634,6100050.0,12996500.0,23898000.0,80339950.0,314976000.0,438966500.0,364334600.0,415936000.0,37837500.0,15579900.000000002,60798500.0,40295200.0,22913450.0,58218750.0,263205000.0,46659049.99999999,35965150.0,51891000.0,2290911100.0
PROJ_0635,2280900.0,3833750.0,13268999.999999998,36284050.0,181900000.0,141740000.0,149273600.0,147731000.0,16468750.0,5037750.0,23131850.0,13848150.000000002,5440050.0,21076250.0,67428000.0,12539200.0,8782150.0,11246250.0,861310700.0
PROJ_0636,705900.0,1478750.0,11180250.0,24579100.000000004,118804500.00000001,165271500.0,196166600.0,153172700.0,14130000.0,5406300.0,8950850.0,5622100.0,4694899.999999999,20387500.0,78394500.0,4893450.0,3365050.0,4261500.0,821465450.0
PROJ_0637,10417050.0,14793750.0,33159750.0,94264900.0,376890000.0,448504500.0,546477400.0,543849900.0,36450000.0,13351050.0,110997500.0,68096000.0,33701850.0,157110000.0,446845500.0,94962850.0,96079100.0,105159750.00000001,3231110850.0
PROJ_0638,4051349.9999999995,7593500.0,32840250.0,56598900.0,335920000.0,348621500.0,401133600.0,388989400.0,35945000.0,11859300.0,48895450.0,27198500.0,37995650.0,110670000.0,480478500.0,48792550.0,34983000.0,45752250.0,2458318700.0
PROJ_0639,6595950.0,9794250.0,45927750.0,120388750.0,554795000.0,533282500.0,625465400.0,538728300.0,51611250.0,19733850.0,72898750.0,36149400.0,41090350.0,143130000.0,636592500.0,65699049.99999999,48999600.0,52170750.0,3603053400.0
PROJ_0640,5672400.0,7989250.0,34108500.0,68159550.0,312485500.0,376770000.0,445067000.0,460168000.0,39145000.0,14752350.0,40586950.0,31161900.0,32338600.0,115997500.0,393282000.0,59956450.0,49843300.0,51435000.0,2538919250.0
PROJ_0641,3576900.0,8502500.0,50775750.0,103890450.00000001,407643000.0,539068000.0,605287200.0,562144100.0,49755000.0,17820450.0,53215000.0,24271550.0,21396550.0,100635000.0,274531500.0,34568650.0,25305800.0,28711500.0,2911098900.0
PROJ_0642,3682800.0,7775749.999999999,14551500.0,38141450.0,158270000.0,248368000.0,225713600.0,255294300.0,18987500.0,5824350.0,52136200.0,34724400.0,14555100.0,66290000.00000001,241888500.0,44211050.0,40217450.0,40781250.0,1511413200.0
PROJ_0643,6925350.0,16410250.0,35656500.0,98188750.0,441600500.0,596904000.0,501446400.0,494205300.0,43536250.0,18031500.0,89415700.0,64299800.0,23605050.0,76231250.0,368653500.0,82557100.0,52482950.0,69297750.0,3079447900.0
PROJ_0644,7590900.0,14014750.0,90992250.0,238111649.99999997,887867500.0,1153661000.0,1522165400.0,1289876900.0,103302500.0,39610350.0,76916700.0,56793850.00000001,62984600.0,261272499.99999997,979258500.0,60606700.0,55437200.0,48582000.0,6949045250.0
PROJ_0645,2412900.0,3492499.9999999995,13669500.0,33916050.0,158865000.0,263140500.0,243500600.0,279263000.0,22537500.0,8403300.0,22502550.0,17145600.0,18533900.0,81347500.0,293098500.0,24891399.999999996,22685000.0,26355750.000000004,1535761050.0
PROJ_0646,11093250.0,15327000.000000002,38297250.0,99629900.0,383537000.0,505570999.99999994,438942000.0,601642500.0,40587500.0,15295950.000000002,102596199.99999999,82639550.0,45465700.0,120671250.0,472630500.0,134928150.0,90186850.0,87714750.0,3286756300.0
PROJ_0647,4081349.9999999995,4937000.0,34569000.0,76366150.0,427210000.0,532750499.99999994,474457200.0,520793000.0,53410000.0,18604800.0,34288150.0,22711650.0,46377800.0,116722500.0,417811500.0,34423300.0,33744750.0,29649750.0,2882908400.0
PROJ_0648,4360350.0,8360500.0,13891500.0,36130500.0,177811500.0,197448000.0,273547400.0,195755700.0,24167500.0,7540650.0,41887600.0,27306800.0,18552099.999999996,62368750.0,213183000.0,63983750.0,40734200.0,55881750.0,1462911550.0
PROJ_0649,8978400.0,15098750.000000002,43083750.0,92921800.0,410958000.0,403645500.0,412727000.0,541696500.0,42082500.0,19772100.0,93395950.0,65992700.0,38319050.0,144071250.0,595512000.0,133296150.0,72274150.0,99960000.0,3233785550.0
PROJ_0650,11707650.0,13801249.999999998,83914499.99999999,184589300.0,905658000.0,930753000.0,948816400.0,1135540200.0,93341250.0,38468700.0,116398750.0,65756149.99999999,80292800.0,274833750.0,1171030500.0,102641750.0,105358500.0,106829250.00000001,6369731700.0
PROJ_0651,5899950.0,9475750.0,57705750.0,148647500.0,679745000.0,696910500.0,838497800.0,756726100.0,79427500.0,27626849.999999996,50770300.0,41734450.0,64754550.00000001,240155000.0,905625000.0,67918400.0,53818700.0,49850250.0,4775289350.0
PROJ_0652,3558150.0,7500500.0,45238499.99999999,105531400.00000001,488681999.99999994,543314500.0,725013800.0,517446500.00000006,51671250.0,23636700.0,48296600.0,23799400.0,22663550.0,60103750.0,279355500.0,19232100.0,17582500.0,18945000.0,3001571700.0
PROJ_0653,2375250.0,2951500.0,27064500.0,73038000.0,254694000.0,443270000.0,372645000.0,338229300.0,32581249.999999996,12326850.0,20221700.0,15130650.000000002,20236650.000000004,66797500.0,239841000.0,20768900.0,13137800.0,17278500.0,1972588350.0
PROJ_0654,2655750.0,3399000.0,24051000.0,66753550.0,263202499.99999997,380769500.0,304799600.0,334902200.0,28287500.0,8829000.0,28370700.0,13891849.999999998,31841950.0,101478750.0,399870000.0,30871150.0,20429500.0,27537000.000000004,2071940500.0
PROJ_0655,9464250.0,14385749.999999998,60532500.0,123406099.99999999,519647500.0,716936500.0,797965000.0,722708200.0,76426250.0,29088450.0,93654050.0,66857200.0,78904000.0,274616250.0,896098500.0,85495550.0,87243650.0,74380500.0,4727810200.0
PROJ_0656,8229150.0,14774500.0,32813250.0,84332250.0,290921000.0,493515500.0,398595400.0,416556800.0,39475000.0,14274450.0,108868900.0,52738300.0,32673200.0,107436250.0,531351000.0,129344500.0,88164050.0,99072750.0,2943136250.0
PROJ_0657,12117900.0,15660749.999999998,103331250.0,309588250.0,1280967000.0,1423100000.0,1471166200.0,1374664600.0,138140000.0,47606850.0,90790300.0,80699650.0,131322450.0,354422500.0,1322473500.0,99009700.0,74457500.0,85800750.0,8415319150.0
PROJ_0658,5727150.0,12601750.0,25029750.0,60755850.00000001,262259000.00000003,335834500.0,348341000.0,363779100.0,32241250.0,11624400.0,76764450.0,45850800.0,22849400.0,76867500.0,321129000.0,62939100.0,49915450.0,53733000.00000001,2168242450.0
PROJ_0659,2677500.0,5761750.0,13845750.000000002,32169649.999999996,158533500.0,186618000.0,223675200.0,218133600.0,15732500.0,7015500.0,22911450.0,19737200.0,7973700.0,28202500.0,77022000.0,18090550.0,14088100.0,16670250.0,1068858700.0
PROJ_0660,6934650.0,12536000.0,45452250.0,102162550.0,616573000.0,693148500.0,661117800.0,828729200.0,68082500.0,29409749.999999996,88394900.0,59487099.99999999,66199350.0,179530000.0,633757500.0,101392249.99999999,56871750.0,73386750.0,4323165800.0
PROJ_0661,9019800.0,12740500.0,51270750.0,140161550.0,616479500.0,859246500.0,687185800.0,815770000.0,66793750.0,28828350.0,75411600.0,51308550.0,75368650.0,214576250.0,945931500.0000001,89031550.0,66943500.00000001,79458750.0,4885526850.0
PROJ_0662,7242600.0,10044000.0,33845250.0,94381450.0,407830000.0,488680000.0,540293600.0,451826000.0,41091250.0,14136749.999999998,72257850.0,39539000.0,12776049.999999998,62205000.0,223308000.0,34699550.0,25581400.0,33693000.0,2593430750.0
PROJ_0663,7875749.999999999,11593250.0,64890000.0,158041800.0,734085500.0,821598000.0,1111878600.0,833715000.0,89025000.0,37883700.0,64699000.0,40461450.0,38303650.0,98671250.0,481886999.99999994,32531200.000000004,29116750.0,36633750.0,4692890650.0
PROJ_0664,3604800.0,6425250.0,22348500.0,64256050.0,245301499.99999997,395048000.0,376574800.0,358036700.0,27778750.0,12167100.0,40205599.99999999,23279750.0,31676050.0,87743750.0,335943000.0,47189450.0,28304900.0,34155000.0,2140038950.0
PROJ_0665,706200.0,1211500.0,4554000.0,11645750.0,61548500.0,80199000.0,78302000.0,83604300.0,8157500.000000001,3143249.9999999995,6555450.0,3953899.9999999995,3518550.0,11922500.0,47835000.0,6505050.0,4064450.0,4293000.0,421719900.0
PROJ_0666,3768750.0,7450000.0,10897500.0,34123250.0,159349500.0,166620500.0,187503400.0,172330200.0,15021250.0,5799600.0,32277000.0,27321049.999999996,16437750.0,47878750.0,191718000.0,37794400.0,27546350.0,39794250.0,1183631500.0
PROJ_0667,819450.0,1780500.0,8723250.0,26697350.0,103079500.0,126739500.0,151811800.0,137138600.0,11268750.0,5253750.0,8686950.0,5113850.0,4329500.0,16473749.999999998,60133500.0,6170150.0,4228900.0,4269750.0,682718800.0
PROJ_0668,6611250.0,10235250.0,33323250.0,63270000.0,359703000.0,440724000.0,487648000.0,359491700.0,35775000.0,17010450.0,78742250.0,49292650.0,23426550.0,88382500.0,248071500.0,72093600.0,40066650.0,65283000.00000001,2479150600.0
PROJ_0669,1376850.0,2402250.0,20001750.0,65976550.0,322651500.0,305320500.0,318892000.0,309303900.0,27410000.0,12764249.999999998,12668650.0,11953850.0,13032250.0,33683750.0,144792000.0,10786500.0,7861750.0,8634000.0,1629512300.0
PROJ_0670,3873450.0000000005,6602249.999999999,44592750.00000001,93556350.0,482664000.0,609130500.0,555640400.0,486668400.0,50788750.0,21994650.0,46753800.0,27104450.0,33059250.0,106958750.0,364968000.0,46055550.0,30016350.0,42878250.0,3053305900.0
PROJ_0671,11907450.0,15838500.0,65868000.0,155943900.0,837267000.0,1021601499.9999999,1007214600.0,1172148000.0,91572500.0,37119150.0,114209250.0,70888050.0,66184300.0,307605000.0,1101168000.0,100349300.0,100971650.0,102799500.0,6380655650.0
PROJ_0672,3179400.0,6438750.0,57703500.0,159249850.0,730583500.0,586919500.0,714596400.0,648900900.0,60180000.0,26150400.0,26598800.0,25724099.999999996,22938300.0,78618750.0,359505000.0,19276300.0,15497950.0,18439500.0,3560500900.0
PROJ_0673,4289850.0,5303000.0,15549750.000000002,55161450.0,170068000.0,281874500.0,280348600.0,271270200.0,27746250.0,10729800.0,29561150.0,24738950.000000004,9470650.0,28708750.0,129658500.0,20801200.0,14012700.0,21322500.0,1400615800.0
PROJ_0674,6021300.0,7159250.0,67559250.0,134145350.0,558382000.0,644442000.0,839566000.0,623254100.0,58125000.0,26899650.0,47593350.0,27839750.0,21291900.0,95296250.0,322033500.0,32010149.999999996,18599100.0,25146750.0,3555364650.0
PROJ_0675,6419400.0,8666750.0,39826500.0,107866099.99999999,485528500.00000006,465899000.0,649612600.0,540493700.0,53205000.0,15577200.000000002,61764200.0,39617850.0,52334800.0,153785000.0,638482500.0,59931800.0,51295400.0,67173750.0,3497480050.0
PROJ_0676,4394400.0,7564250.0,48144000.0,120795750.00000001,418956500.0,512164000.0,613666200.0,713396200.0,55580000.0,18729450.0,41058200.0,21887050.0,17008250.0,59955000.0,203683500.0,25823000.0,16868800.0,18150750.0,2917825300.0
PROJ_0677,2668050.0,4112500.0,8471250.0,20218650.0,80401500.0,132601000.00000001,107398200.0,111763400.0,10338750.0,3961350.0,23655299.999999996,16837800.0,9264850.0,30402500.0,152428500.0,27749950.000000004,19284850.0,26778750.0,788337150.0
PROJ_0678,9420900.0,20507000.0,91472250.00000001,269744800.0,1480334500.0,1334721500.0,1403908800.0,1641511600.0,176288750.0,50812650.0,121176500.0,64514500.0,136732050.0,416461250.0,1739272500.0,105030250.00000001,97095050.0,99273750.0,9258278600.0
PROJ_0679,1303350.0,2225500.0,13842000.0,35873350.0,135464500.0,180842000.0,140992600.0,200857900.0,16950000.0,5648400.0,12198850.0,9055400.0,16065700.0,56860000.0,183019500.0,13060250.0,12406550.0,12802500.0,1049468350.0
PROJ_0680,3891750.0,6625749.999999999,40236750.0,102391950.0,442722500.0,612968500.0,628885600.0,531598799.99999994,44238750.0,18922950.0,41345300.0,26081300.000000004,51596650.0,133430000.0,524960999.99999994,49692700.0,38976600.0,37116750.0,3335683600.0
PROJ_0681,7558050.0,13904750.000000002,28220999.999999996,71410000.0,296165500.0,370234000.0,438569600.0,428565400.0,40783750.0,13111200.0,83042950.0,54758950.0,39560500.0,114672500.0,449167500.0,98557500.0,85924150.0,81663750.0,2715871050.0
PROJ_0682,4311300.0,8392000.0,31895999.999999996,94453600.0,401455000.0,614042000.0,577347400.0,422192500.0,55881250.0,19151550.0,47502000.0,27174750.0,22206800.0,96987500.0,324121500.0,43082250.0,26046150.0,35037000.0,2851280550.0
PROJ_0683,4614600.0,9016250.0,21015750.0,60530150.0,252637000.00000003,372533000.0,341647600.0,404548200.0,28927500.0,12588750.0,51448900.0,26278900.0,9748200.0,39471250.0,160614000.0,34449650.0,18591300.0,27734250.0,1876395250.0
PROJ_0684,3279750.0,5419000.0,45969749.99999999,133703200.0,518015499.99999994,722522500.0,594144600.0,729420600.0,72996250.0,25520400.0,27128050.0,21955450.0,17864000.0,81536250.0,256747499.99999997,18349800.0,12731550.0,12234750.0,3299538900.0
PROJ_0685,2744400.0,4186999.9999999995,53739750.0,155102150.0,687021000.0,716946000.0,744437400.0,622594500.0,61648750.0,22214700.0,25125600.0,20239750.0,23420600.0,80287500.0,303979500.0,14768750.0,14718600.0,13580250.0,3566756200.0
PROJ_0686,3762900.0,4894000.0,32595000.0,80249300.0,336336500.0,430416500.0,410894400.0,478258500.0,50803750.0,14544450.0,31711500.0,23708200.0,14970200.000000002,61721250.0,191992500.0,18087150.0,12227150.0,13897500.0,2211070750.0
PROJ_0687,4638000.0,8369000.0,18962250.0,63743600.0,237396500.00000003,300076500.0,369430600.0,365893700.0,29893750.0,9704700.0,37288200.0,25551199.999999996,11523050.0,34403750.0,143568000.0,22092350.000000004,19074250.0,20886750.0,1722496150.0
PROJ_0688,5570100.0,9529250.0,55452000.0,132617250.0,566457000.0,556367500.0,777865200.0,762953500.0,71358750.0,22061250.0,50574550.0,42045100.0,30998100.0,108671250.0,398925000.0,48393900.0,33745400.0,44883750.0,3718468850.0
PROJ_0689,10866300.0,17160500.0,28098000.0,99091550.0,373906500.0,466887000.0,482924400.0,460284400.0,48785000.0,13224150.0,121597000.0,58290100.00000001,47875449.99999999,149801250.0,423994500.0,119184450.0,82919850.0,121193250.0,3126083650.0
PROJ_0690,3050250.0,4625500.0,21518250.000000004,65443750.0,267715999.99999997,258504500.0,254359000.0,244061700.0,26621250.0,9167400.0,32510450.0,19096900.0,22233750.0,76178750.0,305820000.0,30298250.0,27361750.0,25760250.000000004,1694327700.0
PROJ_0691,3134250.0,5612250.0,48348000.0,100891600.0,535533999.99999994,536902000.0,516508999.99999994,693375400.0,65370000.00000001,16953750.0,33168750.0,18031000.0,23672250.0,81136250.0,303871500.0,18688950.0,15000700.0,15301500.0,3031501150.0
PROJ_0692,3354300.0,5997750.0,41443500.0,80127200.0,500063499.99999994,462745000.0,622545000.0,532142000.0,57040000.0,21384900.0,35261100.0,25720300.0,15649200.0,70300000.0,254808000.0,19587400.0,13209300.0,18306750.0,2779685200.0
PROJ_0693,1835850.0,3974250.0,19128750.0,61429250.0,284937000.0,342883500.0,316108800.0,272899800.0,31666250.0,10970550.0,25970950.000000004,13586900.000000002,20319950.0,105692500.0,360175500.0,21299300.0,19984250.0,16926000.0,1929789350.0
PROJ_0694,4281750.0,6592250.0,39863250.0,92681300.0,431587500.0,572536500.0,540920800.0,587393200.0,57526250.0,21784500.0,46210050.0,25354550.0,39825449.99999999,197580000.0,721237500.0,56515650.0,42939650.0,44090250.0,3528920400.0
PROJ_0695,8856450.0,12484750.0,85292250.0,223069300.0,969748000.0000001,1029990000.0,1045797200.0000001,997586800.0,96576250.0,41428800.0,85238250.0,46509150.0,96801950.0,303372500.0,1174018500.0,82204350.0,66873299.99999999,83532000.0,6449379800.0
PROJ_0696,4350750.0,7309750.0,15235499.999999998,42287300.0,161670000.0,183293000.0,197146600.0,202943400.0,20617500.0,5874300.0,46734950.0,24871000.0,15809150.0,62571250.0,216900000.0,51685950.00000001,38862200.0,36262500.0,1334425100.0
PROJ_0697,5037150.0,8238249.999999999,40899750.0,84987150.0,439365000.0,665076000.0,713822200.0,678000900.0,53782500.0,16613550.0,43688500.0,27018950.000000004,41684650.0,147672500.0,543532500.0,42074150.0,40166750.0,40083750.0,3631744200.0
PROJ_0698,1947600.0,3461000.0,29571750.0,67924600.0,299548500.0,381928500.0,390461400.0,382354600.0,33252499.999999996,12308400.0,20601600.0,13132800.0,15879500.0,58821250.0,218349000.0,17521900.0,12986350.0,12635250.0,1972686500.0
PROJ_0699,6107400.0,10336500.0,127171499.99999999,270344200.0,1069113000.0,1136988500.0,1405104400.0,1218931100.0,130218750.0,48374550.0,74010900.0,43896650.0,37107000.0,155342500.0,656181000.0,33433899.999999996,33081750.0,33003750.0,6488747350.0
PROJ_0700,5762550.0,10289250.0,120059250.0,304824500.0,1340407500.0,1335747500.0,1644018600.0,1306008000.0,131340000.0,53481600.0,79038050.0,42544800.0,48114850.0,152858750.0,595665000.0,32195450.0,34114600.0,27861000.0,7264331250.0
PROJ_0701,1854900.0,2618750.0,21393750.0,48625399.99999999,235016500.0,306593500.0,327957000.0,361412300.0,26867500.0,10719900.0,21003250.0,10861350.0,17327800.0,63883750.0,221422500.0,15098550.0,12229750.0,12861750.0,1717748200.0
PROJ_0702,7311750.0,13956250.0,26406000.0,80798750.0,333174500.0,355784500.0,445694200.0,465997700.0,40175000.0,15975900.0,69749350.0,56280849.99999999,21745500.0,82202500.0,239958000.0,58533550.0,53242800.0,43302750.0,2410289850.0
PROJ_0703,3613200.0,6964749.999999999,13746750.0,35240650.0,155541500.0,205722500.0,179898600.0,187045100.0,19022500.0,6497100.0,32577150.0,24033100.0,14919799.999999998,57505000.0,191151000.0,47312700.0,36962900.0,34044750.0,1251799050.0
PROJ_0704,10830600.0,17644000.0,92211000.0,254265850.00000003,1195788500.0,1625155500.0,1464423800.0,1225624100.0,137298750.0,56395800.0,109762100.0,64853649.99999999,141082900.0,371850000.0,1444990500.0,114350500.0,98238400.0,117399750.0,8542165700.0
PROJ_0705,1593300.0,3601750.0,37902750.0,99476350.0,457971499.99999994,449312000.0,365491000.0,382189700.0,45453750.0,14479200.0,18995000.0,14292749.999999998,15572550.0,52777500.0,200776500.0,9270950.0,9248850.0,11477250.0,2189882650.0
PROJ_0706,4263450.0,7709500.0,72671250.0,161680750.0,615094000.0,821921000.0,868848400.0,858876800.0,99797500.0,33235199.999999996,59595000.0,28747000.000000004,44197650.0,150716250.0,667606500.0,52244400.0,32776250.0,46397250.0,4626378150.0
PROJ_0707,8665800.0,16675500.0,79584750.00000001,166962500.0,949433000.0,886521000.0,1152450600.0,898336400.0,84017500.0,33669000.0,130633400.0,75139300.0,88168150.0,240162500.0,884754000.0,100775150.0,105127750.0,96229500.0,5997305800.0
PROJ_0708,7985550.0,14916000.0,29534250.0,67961600.0,259640999.99999997,390117500.0,449967000.0,363478400.0,41275000.0,11056050.0,102818050.0,68337300.0,26702900.000000004,117053750.0,413851500.0,110441350.0,75505300.0,89544000.0,2640186500.0
PROJ_0709,6462150.0,10156750.0,26331000.0,63221900.0,313939000.0,387638000.0,369852000.0,353177000.0,37998750.0,13150350.0,87201550.0,59379749.99999999,27423900.0,110715000.0,394339500.0,72294200.0,67042300.00000001,71240250.0,2471563350.0
PROJ_0710,5425650.0,8044750.000000001,109383000.0,265212300.0,1143726000.0,997965500.0,1220492000.0,992242100.0,103587500.0,37817100.0,61710550.0,33871300.0,40271000.0,159118750.0,483358500.00000006,36178550.0,20497100.0,26178750.0,5745080400.0
PROJ_0711,3333150.0,6791500.000000001,47056500.0,104284500.00000001,473577500.0,420907000.0,558639200.0,466240200.0,40080000.0,19016100.0,40378150.00000001,25890349.999999996,18888450.0,72210000.0,335250000.0,33579250.0,30561700.0,24869249.999999996,2721552800.0
PROJ_0712,6780600.0,11750250.0,22647000.0,53916400.0,252466999.99999997,323779000.0,355573400.0,287178200.0,28335000.0,10931850.0,61851200.0,38151050.0,29899100.0,79010000.0,289363500.0,76926700.0,46666100.0,52722750.0,2027949100.0
PROJ_0713,2736900.0,4692500.0,57980250.00000001,166570300.0,633513500.0,672752000.0,743379000.0,651432600.0,64511250.00000001,22782600.0,30017900.0,20057350.0,18667250.0,95680000.0,355315500.0,21508400.0,11525150.0,18238500.0,3591360950.0
PROJ_0714,11162100.0,15141000.0,84818250.0,198044350.0,703145500.0,1194368500.0,883813000.0,1009944600.0000001,83250000.0,29848050.0,132748950.0,75377750.0,76224400.0,334556250.0,1247283000.0,143440900.0,110268600.0,126044250.0,6459479450.0
PROJ_0715,5723850.0,8468000.0,21151500.0,37852850.0,177709500.0,245175999.99999997,237316800.0,269048900.0,28007500.0,8644950.0,57116950.0,35505300.0,22838200.0,63283750.0,222169500.0,64929800.0,47650850.0,52215750.0,1604809950.0
PROJ_0716,9011550.0,13203500.0,103496250.0,230615450.0,1069997000.0,1556575000.0,1519215600.0,1219125100.0,136791250.0,39516750.0,87348000.0,70794000.0,95760700.0,366826250.0,1678410000.0,119822800.0,98025850.0,111267750.0,8525802800.0
PROJ_0717,2566950.0,4870000.0,47525999.99999999,132924350.0,531785500.0,464284000.0,501113200.0,656379600.0,46265000.0,20774700.0,30664600.0,19269800.0,18752300.0,61288750.0,291960000.0,16142350.0,11570000.0,16328250.0,2874465350.0
PROJ_0718,4810950.0,8841000.0,45799500.0,113843450.0,590435500.0,817000000.0,730178400.0,831096000.0,81238750.0,30000599.999999996,42931600.0,38155800.0,21763349.999999996,97677500.0,309073500.0,33327649.999999996,20836400.0,28724250.0,3845734200.0
PROJ_0719,4195800.0,7138500.000000001,77414250.0,170673600.0,907332500.0,1107804500.0,1115749600.0,1150245400.0,110305000.0,41379300.0,39701000.0,32149900.0,37982700.0,109406250.0,402156000.0,25358050.0,22003800.0,23354250.0,5384350400.0
PROJ_0720,7889550.0,12873750.000000002,32762250.0,68501800.0,386716000.0,457672000.0,377603800.0,385943600.0,37827500.0,17376750.0,72092550.0,41010550.0,18484200.0,62641250.0,266642999.99999997,70357050.0,47133450.0,63009000.0,2426538050.0
PROJ_0721,6766650.0,13603250.0,115133999.99999999,272549400.0,1335639000.0,1308786500.0,1484915600.0,1573213900.0,119440000.0,55834200.0,79996500.0,47464850.0,79975700.0,279361250.0,1072125000.0,81240450.0,48945650.0,65469000.0,8040460900.0
PROJ_0722,4912500.0,6125500.0,40506000.0,117582300.00000001,390413500.0,668306000.0,585795000.0,674169400.0,57251250.0,21003750.0,46835000.0,22874100.0,50216600.0,199558750.0,726318000.0,55103800.0,37560250.0,43133250.0,3747664950.0
PROJ_0723,8986650.0,15301000.0,38319750.0,73907500.0,347293000.0,535410500.00000006,487971400.0,480314900.0,42903750.0,19723950.0,109296650.0,63478050.00000001,30246650.000000004,105766250.0,292833000.0,64447850.0,50612900.0,55352250.0,2822166000.0
PROJ_0724,11576400.0,17051500.0,130557000.0,288927450.0,1198585000.0,1863881000.0,1902483800.0,1771753500.0,166831250.0,64051649.99999999,120178900.0,87202400.0,107969750.0,476971250.0,1682442000.0,103507900.0,81065400.0,90618750.0,10165654900.0
PROJ_0725,5354250.0,7988249.999999999,28278000.0,80967100.0,345703500.0,434767500.0,340755800.0,471429700.0,33395000.000000004,12898350.0,56783450.0,43311450.0,16327850.0,54122500.0,191106000.0,33431350.0,26960050.0,25025250.0,2208605350.0
PROJ_0726,6657750.0,14594999.999999998,58281000.0,112078550.00000001,496799500.0,607620000.0,698602800.0,618811500.0,69072500.0,19480050.0,63641950.0,45130700.0,63381150.0,189347500.0,724936500.0,88337950.0,70907200.0,67690500.0,4015372100.0
PROJ_0727,2408700.0,3360499.9999999995,23324250.0,53320700.00000001,292544500.0,366472000.0,351682800.0,365825800.0,25125000.0,11237850.0,18742700.0,12719549.999999998,10383800.0,40307500.0,144022500.0,14341200.0,9781850.0,12905250.0,1758506450.0
PROJ_0728,6861600.0,11282250.0,22072500.0,61817749.99999999,307003000.0,410523500.0,286248200.0,327763000.0,30918750.0,10875150.0,70103150.0,33338350.0,16350950.0,67113750.0,214438500.0,43301550.0,40322100.0,44952750.0,2005286800.0
PROJ_0729,2773050.0,4260250.0,33325499.999999996,60186050.0,349290500.0,330638000.0,362590200.0,326472900.0,27433750.0,9132300.0,25515650.0,16579400.000000002,9385250.0,41000000.0,152766000.0,13478450.0,9338550.0,13396500.0,1787562300.0
PROJ_0730,3881250.0,6659000.0,32462250.0,82160350.0,297559500.0,498426999.99999994,402143000.0,493943400.0,47220000.0,15576300.0,39966350.0,21254350.0,20873650.0,79916250.0,229338000.0,26361050.0,28579200.0,25692000.0,2352012900.0
PROJ_0731,2317800.0,3701500.0,21750000.0,50144250.0,259955500.0,287764500.0,238120400.0,290330700.0,22525000.0,11153250.0,21834100.0,15004300.0,14154700.0,45111250.0,187852500.0,20631200.0,18930600.0,15450000.0,1526731550.0
PROJ_0732,3942449.9999999995,6937000.0,39063000.0,119400850.0,595994500.0,594253500.0,645477000.0,592185000.0,48837500.0,21447900.0,35107400.0,26705450.0,49367150.0,183107500.0,669348000.0,36153900.0,36147800.0,33723000.0,3737198900.0
PROJ_0733,1884300.0,3051750.0,14789250.0,47376649.99999999,189167500.0,240312000.0,289570400.0,256244900.00000003,23400000.0,6563250.0,14413000.0,8702000.0,7382550.0,26492500.0,102933000.0,10334300.0,6403150.0,8819250.0,1257839750.0
PROJ_0734,1417650.0,1769750.0000000002,10338750.0,19617400.0,111528500.0,123766000.0,94726800.0,107573000.0,12432500.0,3460950.0,13644500.0,8576600.0,8178800.0,37012500.0,123056999.99999999,11633100.000000002,12422800.0,12111000.0,713267600.0
PROJ_0735,6687000.0,9003750.0,26031000.0,82360150.0,369095500.0,385937500.0,480788000.0,434065300.0,38141250.0,16293150.0,61620650.00000001,38682100.0,15762250.0,51660000.0,214749000.0,38900250.0,24893050.0,30022500.0,2324692400.0
PROJ_0736,3832650.0,6253750.0,9465750.0,24235000.0,115761500.0,173346500.0,181770400.0,172233200.0,13107500.0,5986800.0,27165750.0,21212550.0,11983300.0,45633750.0,165928500.0,32686750.0,24761750.0,36334500.0,1071699900.0
PROJ_0737,4920600.0,9848500.0,51941999.99999999,135601300.0,611685500.0,894406000.0,836635800.0,775311300.0,89471250.0,23728050.0,63376600.0,33746850.0,32273150.0,79220000.0,363559500.0,35217200.0,26468650.0,33357750.0,4100770000.0
PROJ_0738,1353450.0,2579750.0,15292500.0,38050800.0,151198000.0,190323000.0,212140600.0,211169000.0,20563750.0,7289550.0,16202300.0,11649850.0,9282350.0,28275000.0,135612000.0,14171200.0,8572200.0,12864750.0,1086590050.0
PROJ_0739,6835650.0,10325750.0,39021000.0,100889750.0,427082500.0,418342000.0,554464400.0,427352900.0,58411250.0,16291800.0,83092250.0,38153900.0,14651000.0,61162500.0,247779000.0,49923900.0,32708650.0,35261250.0,2621749450.0
PROJ_0740,8722050.0,18370250.0,33844500.0,102040450.00000001,399687000.0,547922000.0,582139600.0,424491400.0,46278750.0,19751400.0,106644600.0,73926150.0,47664750.0,132281250.0,617413500.0,115891550.0,95869800.0,99314250.0,3472253250.0
PROJ_0741,3517800.0,4754250.0,28748250.0,82911450.0,368364500.0,507337999.99999994,407738800.0,429273500.0,41010000.0,16306200.0,30233950.0,18846100.0,16873850.0,63657500.0,224275500.0,17954550.0,17217850.0,18178500.0,2297200550.0
PROJ_0742,6949800.0,9803000.0,89397000.0,243382300.0,1011185500.0000001,1493286000.0,1322951000.0,1220599500.0,114380000.0,40710150.0,62686400.0,33719300.0,47303550.0,152722500.0,610605000.0,44213600.0,33046000.0,34240500.0,6571181100.0
PROJ_0743,10685400.0,19873500.0,86115750.0,180909650.0,700918500.0,1135411500.0,851316200.0,1158703800.0,81895000.0,29789100.0,126747400.0,80290200.0,88052650.0,346226250.0,1260018000.0,123077450.0,114752300.0,104181750.0,6498964400.0
PROJ_0744,9205050.0,20106750.0,40958250.0,120225950.0,396091500.0,415615500.0,414373400.0,523062800.0,53352500.0,16295850.0,91381900.0,67968700.0,38707550.0,155635000.0,562122000.0,101033550.00000001,88912200.0,112016250.0,3227064700.0
PROJ_0745,6538050.0,11611750.0,31520999.999999996,71480300.0,277576000.0,373483000.0,481209400.0,385788400.0,45308750.0,14280299.999999998,74956300.00000001,55019250.0,20119750.0,67490000.0,228478500.0,65735600.0,46468500.0,60986250.0,2318051100.0
PROJ_0746,3775050.0,6182000.0,63558750.0,149998000.0,886898500.0000001,672609500.0,961076200.0,664382100.0,77483750.0,22763250.0,41271350.0,21513700.0,27588750.0,111991250.0,366232500.0,18960100.0,18614700.0,18750750.0,4133650200.0
PROJ_0747,4143149.9999999995,8529500.0,57881250.0,123354300.0,643373500.0,775808000.0,726758200.0,680222200.0,74816250.0,23400900.0,43172300.0,30249900.0,27629000.0,78320000.0,275971500.0,24880350.0,18328050.0,30630000.0,3647468350.0
PROJ_0748,5555550.0,9963250.0,91092000.0,190607350.0,1042032000.0000001,1355498000.0,1294560400.0,1267314700.0,106531250.0,44802000.0,44220650.00000001,38137750.0,36209250.0,140487500.0,570204000.0,32328050.0,19222450.0,29812500.0,6318578650.0
PROJ_0749,3084300.0,4636750.0,12052500.0,29353949.999999996,136586500.0,114636500.0,124822600.0,142221400.0,13621250.0,3617100.0,23685750.0,16694349.999999998,11344200.0,42046250.0,135850500.0,25219500.0,21024250.0,30084750.0,890582400.0
PROJ_0750,4563600.0,6813000.0,37293750.0,112156250.0,457801500.0,490171500.0,538490400.0,680716900.0,52530000.0,18985950.0,43832050.0,30738200.0,31918600.0,112841250.0,355095000.0,47815050.0,30076800.0,41762250.0,3093602050.0
PROJ_0751,4900200.0,9435750.0,22954500.0,57538700.0,251166500.0,299088500.0,325360000.0,309701600.0,24165000.0,9517500.0,66172200.0,42166700.0,27062350.0,82873750.0,262665000.00000003,60537850.0,59493850.0,48450000.0,1963249950.0
PROJ_0752,10458000.0,12487750.0,58117500.0,167843100.0,663059500.0,955586000.0,733579000.0,868256700.0,83672500.0,33718950.0,78687150.0,57586149.99999999,75392450.0,301717500.0,1038195000.0,117589000.00000001,79517750.0,93468750.0,5428932750.0
PROJ_0753,10208550.0,17080000.0,41697750.0,103452000.00000001,485622000.00000006,438244500.0,490343000.0,630024700.0,50488750.0,15545250.0,93610550.0,64828000.0,29458800.0,104612500.0,274432500.0,74477000.0,46903350.0,77356500.0,3048385700.0
PROJ_0754,978300.0,1968750.0,7711499.999999999,19428700.0,87159000.0,113515500.0,113239000.0,89210900.0,9467500.0,3667050.0,10789450.0,8391350.0,8112650.0,35358750.0,96601500.0,14123600.0,8515650.0,11376000.0,639615150.0
PROJ_0755,1113900.0,2109750.0,15931499.999999998,49646600.0,210001000.0,296675500.0,280632800.0,267079799.99999997,27160000.0,7671150.0,12216250.0,7266549.999999999,9219000.0,24293750.0,104877000.0,7212249.999999999,5118100.0,5371500.0,1333596400.0
PROJ_0756,1330800.0,2564750.0,17875500.0,47295250.0,274516000.0,328738000.0,236807200.0,291582000.0,22306250.0,11368350.0,12745500.0,8270700.0,8591800.0,34678750.0,104247000.0,8564600.0,5829200.0,6929250.0,1424240900.0
PROJ_0757,3119250.0,3998749.9999999995,14330250.0,39338400.0,208020500.0,157462500.0,220568600.0,195319200.0,18752500.0,6757649.999999999,21823950.0,15644600.0,7059150.0,22072500.0,84343500.0,18322600.0,9736350.0,13449000.0,1060119250.0
PROJ_0758,2006100.0000000002,2982750.0,25070250.0,62061950.00000001,222572500.00000003,290690500.0,207103400.0,300253800.0,26771250.0,7525350.0,23128950.0,16311499.999999998,11494350.0,41661250.0,167517000.0,15505699.999999998,11697400.0,14335499.999999998,1448689500.0
PROJ_0759,1164450.0,1675500.0,8876250.0,19171550.0,88026000.0,130729500.00000001,107280600.0,134354700.0,11331250.0,4539150.0,10595149.999999998,8295399.999999999,5093550.0,25606250.0,72279000.0,7375450.0,7075250.0,7086750.0,650555750.0
PROJ_0760,5754600.0,10929000.0,65322000.0,150094200.0,789735000.0,803282000.0,685921600.0,938601100.0,69303750.0,24443550.000000004,46823400.0,34499250.0,25401600.0,89807500.0,364086000.0,36485400.0,29788850.0,24500250.0,4194779050.0
PROJ_0761,6208650.0,12462250.0,90866250.0,253259450.0,1288192000.0,1398210000.0,1150343600.0,1369853400.0,127318750.0,49537800.0,69956700.0,54477750.00000001,69523650.0,202031250.0,851377500.0,65651450.0,42683550.0,53091000.0,7155045000.0
PROJ_0762,7997100.0,15176750.000000002,82108500.0,253183600.0,1015979500.0,1513530500.0,1581102600.0,1460315600.0,139100000.0,45604800.0,79538300.0,61837399.99999999,61240550.0,284356250.0,980653500.0,80497550.0,48233250.0,61712250.0,7772168000.0
PROJ_0763,2801550.0,6669750.000000001,44112000.0,106672850.0,510637500.0,437323000.0,514235400.0,547506800.0,38293750.0,19513800.0,38410500.0,25783950.000000004,18007150.0,52540000.0,212823000.0,16507850.0,16398200.0,14795250.0,2623032300.0
PROJ_0764,3741150.0,4873250.0,28193250.000000004,66662899.99999999,401013000.0,397518000.0,412217400.0,402821600.0,40121250.0,18423900.0,33460200.0,19931950.0,33044200.0,109777500.0,462946500.0,31207749.999999996,22925500.0,27444000.0,2516323300.0
PROJ_0765,5661900.0,11196000.0,25238250.0,80676650.0,362627000.0,490304500.0,383287800.0,485388000.0,46640000.0,17444700.0,66298350.0,32846250.0,16792650.0,57285000.0,162076500.0,29961650.0,31073250.0,26321250.0,2331119700.0
PROJ_0766,2299500.0,3319250.0000000005,33829500.0,64085850.00000001,383579500.0,434691500.0,517763400.00000006,386680800.0,34931250.0,13093200.0,16637300.0,15627500.0,12304250.0,45557500.0,209376000.0,10541700.0,7973550.0,11063250.0,2203354800.0
PROJ_0767,1468050.0,2892250.0,16146000.0,34543200.0,180191500.0,244425500.00000003,207995200.0,238261100.0,19713750.0,7470450.0,16171850.0,7986649.999999999,7011200.0,21371250.0,100062000.0,9044000.0,6171100.0,6353249.999999999,1127278300.0
PROJ_0768,12112800.0,15973500.000000002,37680000.0,85821500.0,483718000.00000006,435641500.0,563882200.0,526700300.0,36872500.0,16995150.0,95272250.0,56365400.00000001,42171850.0,126782500.0,600223500.0,120743350.0,79265550.0,123336000.0,3459557850.0
PROJ_0769,1634850.0,2317000.0,8080500.0,23432100.0,88196000.0,108480500.0,113552600.0,104129500.0,9252500.0,3973500.0,17961150.0,11123550.0,3140200.0,12845000.0,38623500.0,8396300.0,7426250.0,7351500.0,569916500.0
PROJ_0770,2829150.0,4112500.0,13292250.0,35425650.0,151419000.0,201039000.0,200998000.0,181875000.0,15253750.0,5493600.0,27683400.0,12956100.0,6835850.0,19315000.0,81837000.0,13150350.0,12746500.0,10141500.0,996403600.0
PROJ_0771,1016700.0,2064500.0,4093500.0,10102850.0,59134499.99999999,70993500.0,54478200.0,66076400.00000001,5336250.0,1913850.0,11832000.0,6294700.000000001,3111850.0,10151250.0,46233000.0,9379750.0,6219850.0,9481500.0,377914150.0
PROJ_0772,1544700.0,2066000.0,13502250.0,25507800.0,118481499.99999999,151591500.0,141884400.0,174318700.0,15548750.0,6335550.0,12841200.0,8148150.0,7528850.000000001,24466250.0,120910500.0,12639499.999999998,9945650.0,11277750.0,858539000.0
PROJ_0773,7973249.999999999,12683500.0,28788750.0,82693150.0,312987000.0,331797000.0,453073600.0,370898900.0,40176250.0,11460600.0,91964800.0,57484500.0,39821600.0,134390000.0,361903500.0,112389550.0,85997600.0,94684500.0,2631168050.0
PROJ_0774,3374550.0,5382250.0,25561500.0,67674850.0,306807500.0,402068500.0,489078800.0,428672100.0,35526250.0,16265250.0,30070100.0,16532850.0,15625400.0,45008750.0,173920500.0,16184000.0,14594450.0,13050000.0,2105397600.0
PROJ_0775,5838000.0,11092750.0,72222750.0,130523050.0,626637000.0,1027719500.0,998776800.0,835082700.0,78651250.0,29658150.000000004,64668550.0,40582100.0,32413850.0,85658750.0,423193500.0,29178799.999999996,31235750.0,25560750.0,4548694000.0
PROJ_0776,735450.0,1255750.0,3201000.0,8530350.0,43341500.0,58035500.0,52253600.0,51885300.0,4452500.0,1935900.0000000002,7638600.0,5456800.0,2113650.0,7971250.0,33520499.999999996,6244950.0,4719000.0,7324500.0,300616100.0
PROJ_0777,8293200.0,17017500.0,36832500.0,111880600.0,480539000.0,374461500.0,543106200.0,448159400.0,39988750.0,16742250.0,109718600.0,60916850.0,35803950.0,117250000.0,507667500.00000006,131198350.0,81996200.0,117301500.0,3238873850.0
PROJ_0778,4575750.0,9797500.0,51300750.0,116167049.99999999,418829000.0,567938500.0,525211399.99999994,648493500.0,70036250.0,19970550.0,47620900.0,32724650.000000004,31528349.999999996,112520000.0,351598500.0,49156349.99999999,28533700.0,41360250.0,3127362950.0
PROJ_0779,6054600.0,8849000.0,32877000.0,82288000.0,345117000.0,486533000.0,450123800.0,405828600.0,49147500.0,17635950.0,50562950.0,46571850.0,16164400.0,43818750.0,188649000.0,28782700.0,28001350.0,36606000.0,2323611450.0
PROJ_0780,3296550.0,5820000.0,31008000.0,87246000.0,442136000.0,429656500.0,510893600.00000006,466298400.0,51000000.0,18054000.0,36315250.0,20962700.0,16885050.0,61505000.0,223902000.0,20313300.0,17292600.0,15651750.0,2458236700.0
PROJ_0781,5595150.0,13438000.0,56085000.0,194882700.0,805757500.0,922345500.0,836145800.0,910228600.0,82291250.0,27489600.0,67356850.0,37399600.0,35735350.0,167365000.0,464467500.00000006,63659900.00000001,44376150.0,47121750.0,4781741200.0
PROJ_0782,4027200.0000000005,4593500.0,43456500.0,102186600.0,396074500.0,519203500.0,651749000.0,504807399.99999994,62855000.0,21206250.0,29622050.0,21125150.0,25177950.0,117708750.0,383665500.0,22921100.000000004,22254700.0,25070999.999999996,2957705650.0
PROJ_0783,4266000.0,5473750.0,32851500.0,93532300.0,491784500.00000006,599668500.0,528523799.99999994,508852300.00000006,57741250.0,15704550.0,39890950.0,24778850.0,16864750.0,67796250.0,214708500.0,23453200.0,15029950.0,19413750.0,2760334650.0
PROJ_0784,5527950.0,7456250.0,68985750.0,179263150.0,885258000.0,675944000.0,699053600.0,722038900.0,84872500.0,25439400.000000004,48995500.0,38228950.0,20942250.0,93541250.0,323721000.0,32753050.0,26060450.0,25598250.0,3963680200.0
PROJ_0785,4887900.0,7800250.0,31650750.0,105429650.0,463037500.0,503158000.0,483287000.0,394731800.0,40055000.0,14160600.0,38918000.0,30191950.0,33822950.0,103202500.0,527854500.0,45047450.0,40185600.0,51627750.0,2919049150.0
PROJ_0786,5094300.0,7072000.0,25605750.000000004,66524149.99999999,316421000.0,315960500.0,285915000.0,362857600.0,29023750.0,13054500.000000002,50671700.0,34353900.0,13543950.000000002,42127500.0,170424000.0,29282500.0,18492500.0,27377249.999999996,1813801850.0
PROJ_0787,7447500.0,13722250.0,77532750.0,198893499.99999997,1105119000.0,993358000.0000001,1308025600.0,1246624600.0,99938750.0,35916750.0,81365300.0,38231800.0,66451699.99999999,236102500.0,824157000.0,56625299.99999999,36451350.0,58098000.0,6484061650.0
PROJ_0788,4948650.0,8849500.0,41160749.99999999,79309500.0,357000000.0,482229500.0,348987800.0,357803900.0,37842500.0,15575400.0,64909250.0,40628650.0,16166500.0,39126250.0,182947500.0,27919100.0,29359850.0,34167000.0,2168931600.0
PROJ_0789,1616700.0,3308500.0,9232500.0,18185500.0,103538500.0,145549500.0,116443600.0,99929400.0,13931250.0,4067100.0,16496650.0,12060250.0,4266150.0,13466250.0,44226000.0,11247200.0,7554300.0,9380250.0,634499600.0
PROJ_0790,961200.0,1130000.0,14411250.0,34210200.0,168325500.0,156854500.0,168236600.0,190837800.0,19661250.0,7240049.999999999,7848850.0,5403600.0,5105100.000000001,22630000.0,85801500.0,5328650.0,3415750.0,4978500.0,902380300.0
PROJ_0791,2798850.0,5486750.0,50580750.0,123883400.0,618868000.0,719938500.0,591136000.0,614039100.0,66851249.99999999,25609050.0,32081250.0,19691600.0,18952500.0,91933750.0,296667000.0,18989850.0,14122550.0,14951250.0,3326581400.0
PROJ_0792,5900400.0,8914250.0,35090250.0,72627300.0,337611500.0,540550000.0,444430000.0,462913100.0,41238750.0,14247000.000000002,50258450.0,46865400.0,14957600.0,58750000.0,230067000.0,29417649.999999996,30046250.0,27457500.0,2451342400.0
PROJ_0793,7499250.0,14476000.0,21066750.0,74997150.0,297466000.0,339378000.0,295205400.0,374274500.0,33831250.0,10814400.0,78347850.0,41485550.0,35588700.0,98823750.0,378360000.0,96292249.99999999,71731400.0,88130250.0,2357768450.0
PROJ_0794,12203550.0,15138250.0,66118500.0,183316500.0,641070000.0,1047099500.0,797073200.0,1146724300.0,100246250.0,34061400.0,103909900.0,83751050.0,88307100.0,323540000.0,1172250000.0,95072500.0,73882250.0,91210500.00000001,6074974750.0
PROJ_0795,7041600.0,11597750.0,110994000.0,350066250.0,1132387000.0,1539047500.0,1418491200.0,1368902800.0,107436250.0,52085700.0,71051450.0,38949050.0,46725000.0,172807500.0,565110000.0,39306550.0,27972750.0,38163000.0,7098135350.0
PROJ_0796,7813050.0,10109250.0,144828750.0,298279200.0,1721114000.0,1563757000.0,1256360000.0,1677013600.0,122475000.0,59538600.0,81910500.0,49058950.0,50956500.0,186958750.0,628249500.0,33932850.0,36476050.0,33470250.0,7962301800.0
PROJ_0797,2081550.0000000002,3286999.9999999995,22443000.0,54438100.0,199699000.0,236170000.0,302418200.0,258495300.0,29677500.0,10444500.0,26007200.000000004,12905750.0,14186200.0,56011250.0,160195500.0,22043899.999999996,14087450.0,20056500.0,1444647900.0
PROJ_0798,4060050.0000000005,5346000.0,37929750.0,77355900.0,415310000.0,621499500.0,490891800.0,642246700.0,42838750.0,19570500.0,43862500.0,25718400.000000004,20699000.0,76271250.0,242523000.00000003,24122150.0,13471900.0,18569250.0,2822286400.0
PROJ_0799,2800800.0,5761250.0,13656000.000000002,32889300.0,169447500.0,148437500.0,216531000.0,152425800.0,15960000.0,6439050.0,30013550.0,22528300.0,9908150.0,36063750.0,100030500.0,22702649.999999996,16328000.0,22866000.0,1024789100.0
PROJ_0800,584850.0,1057250.0,7771500.0,19900450.0,87507500.0,63555000.00000001,84152600.0,70276500.0,7222500.0,2657250.0,8431750.0,4943800.0,3619350.0,15063750.0,60574500.00000001,4788900.0,5008250.0,4548750.0,451664450.0
PROJ_0801,3759300.0,8435750.0,34952250.0,118052200.0,413023500.0,636899000.0,657736800.0,711107000.0,65709999.99999999,22504050.0,40179500.0,23956150.0,21475650.0,72661250.0,217683000.0,29242549.999999996,17511000.0,17478750.0,3112367700.0
PROJ_0802,4345500.0,6432250.000000001,51162750.0,99402349.99999999,510161500.00000006,689918500.0,605659600.0,719468400.0,55751250.0,19850400.0,31549100.0,23446950.0,29441300.0,129372500.0,432945000.0,27722749.999999996,24999000.0,24995999.999999996,3486625100.0
PROJ_0803,1047749.9999999999,2079500.0000000002,7831500.0,18833000.0,74468500.0,85253000.0,113954400.0,105215900.0,10071250.0,4113000.0000000005,10460300.0,8173800.000000001,8598100.0,26822500.0,88686000.0,12807800.0,8602100.0,11644500.0,598662900.0
PROJ_0804,7567500.0,11467000.0,85283999.99999999,217843050.0,940712000.0,1123356000.0,836067400.0,1187852300.0,75970000.0,29698200.0,73356950.0,36999650.0,29580250.0,100591250.0,457888500.0,40947900.0,25066600.0,34466250.0,5314714800.0
PROJ_0805,5187750.0,11618500.0,33009750.0,100356950.0,440478500.00000006,562523500.0,665469000.0,521617500.0,57393750.0,18396900.0,64445250.0,37540200.0,40689600.0,135956250.0,493699499.99999994,78785650.0,56767100.0,52734000.0,3376669650.0
PROJ_0806,3846899.9999999995,6880500.000000001,23854500.0,61029650.0,312400500.0,314706500.0,368205600.0,318819600.0,27081250.0,13094100.0,42458900.0,30781900.0,25801300.0,115747500.0,448384500.0,45587200.00000001,39059800.0,45545250.0,2243285450.0
PROJ_0807,6505350.0,11607250.0,36582750.0,85812250.0,460683000.0,457957000.0,352123800.0,380346700.0,34995000.0,15912000.000000002,50127950.0,33883650.0,13646850.0,40172500.0,206280000.0,32777700.0,22040200.0,26364000.0,2267817950.0
PROJ_0808,3307350.0,5189000.0,29132250.0,67980100.0,388577500.0,456617500.0,461785800.0,411318800.0,46982500.0,15376050.0,27692100.0,22162550.0,15972950.0,53977500.0,196236000.0,16233300.0,12842700.0,12951750.0,2244335700.0
PROJ_0809,4998750.0,7607500.0,45211500.00000001,140065350.0,472531999.99999994,759439500.0,631580600.0,555858500.0,52398750.0,22457250.0,48743200.0,30189099.999999996,59967600.0,199448750.0,599211000.0,51253300.0,35085700.0,39732000.0,3755780350.0
PROJ_0810,1542300.0,3143500.0,18828750.0,49293250.0,218178000.0,205608500.0,193452000.0,166083400.0,20541250.0,6396750.0,16457500.0,14254750.000000002,8857800.0,29572500.0,154489500.0,13689250.000000002,10865400.0,10899750.000000002,1142154150.0
PROJ_0811,3937799.9999999995,8114250.0,35302500.0,79962550.0,342686000.0,360002500.0,409845800.0,350237900.0,31332500.0,14132700.0,48464800.0,32107150.000000004,36199800.0,115142500.0,456808500.0,54325200.0,28723500.0,39510000.0,2446835950.0
PROJ_0812,4390650.0,9949250.0,87535500.00000001,206532150.00000003,777478000.0,1229043500.0,871514000.0,930123300.0,104256250.0,40058550.0,55527750.0,29023450.0,33337500.0,122250000.0,363397500.0,32328899.999999996,20181200.0,21904500.0,4938831950.0
PROJ_0813,1431000.0,2683500.0,13642500.0,25968450.0,117011000.0,162421500.0,145196800.0,133278000.0,11612500.0,5693400.0,16654700.0,8899600.0,9661750.0,36288750.0,133515000.0,14211999.999999998,11478350.0,12573750.0,862222550.0
PROJ_0814,856050.0,1491750.0,2946000.0,8374950.000000001,30651000.000000004,48269500.0,50156400.0,50527300.0,3490000.0,1293750.0,9739650.0,5206950.0,2919700.0,10368750.0,46912500.0,11442700.0,7047950.0,10560750.0,302255650.0
PROJ_0815,11332500.0,14054000.0,97712250.0,207053850.0,1341045000.0,1551198000.0,1567363000.0,1549157900.0,123673750.0,57154949.99999999,122326350.0,75119350.0,116916100.0,346218750.0,1234939500.0,98358600.0,91313950.0,113574750.0,8718512550.0
PROJ_0816,10534800.0,12954249.999999998,27101250.0,60345150.0,403461000.0,461481500.0,424663400.0,436403000.0,40687500.0,12887550.0,80512700.0,55443900.0,31224200.0,126917500.0,412362000.0,110505950.0,79519050.0,90477749.99999999,2877482450.0
PROJ_0817,7950749.999999999,10427500.0,35496750.0,66453849.99999999,417817500.0,469680000.0,427564200.0,383557400.0,48616250.0,17216100.0,69412950.0,41588150.0,16590700.0,57726250.0,180949500.0,38451450.0,29355300.0,38034000.0,2356888600.0
PROJ_0818,6147000.0,10256000.0,90463500.0,216418550.0,770304000.0,1024299500.0,776228600.0,1025406399.9999999,73533750.0,29409749.999999996,72861050.0,33548300.0,33475400.000000004,105028750.0,319941000.0,42262000.0,27903850.0,36382500.0,4693869900.0
PROJ_0819,9709050.0,11362500.0,63868500.0,162555800.0,810143500.0,814074000.0,968318400.0,1129206100.0,81712500.0,36564300.0,87188500.0,48077600.0,42981400.0,150942500.0,664884000.0,60039750.0,62095800.0,71232750.0,5274956950.0
PROJ_0820,2890500.0,6689000.0,17133750.0,29185600.0,193604500.0,183891500.0,221764200.0,179149300.0,21751250.0,7898400.0,43341950.0,28531350.0,8413300.0,38473750.0,118449000.00000001,25106450.0,19409000.0,30603750.0,1176286550.0
PROJ_0821,5931900.0,7554000.000000001,65963250.0,153091200.0,578476000.0,634153500.0,721877800.0,701271200.0,60493750.0,22213350.0,47296100.0,37924000.0,30175250.0,105226250.0,376258500.0,49769200.0,34902400.0,40215000.0,3672792650.0
PROJ_0822,2267100.0,5183250.0,35026500.0,93476800.0,390949000.0,593208500.0,551495000.0,540823500.0,60377500.0,20861550.0,25576549.999999996,16416000.000000002,21755300.0,77607500.0,255600000.0,16422850.0,13191100.0,15562500.0,2735800500.0
PROJ_0823,2529900.0,6069500.0,32841750.0,77703700.0,332290500.0,395523000.0,489715800.0,458829400.0,35651250.0,15220800.0,26825000.0,20494350.0,36620500.0,133431250.0,390973500.0,28856650.0,23784150.0,31675499.999999996,2539036500.0
PROJ_0824,6015750.0,9504500.0,22536750.0,47178700.0,196443500.0,275614000.0,245872200.0,204398400.0,23118750.0,8784000.0,49085400.0,27853050.0,20920550.0,58142500.0,249605999.99999997,65693100.0,53331200.0,48638250.0,1612736600.0
PROJ_0825,3374400.0,6940250.0,31686000.0,99326500.0,427762500.0,466326500.0,552622000.0,463640600.0,46803750.0,19529100.0,38487350.0,26509750.0,28117250.0,85673750.0,290385000.0,28926350.0,26263900.0,31327500.0,2673702450.0
PROJ_0826,1559250.0,2459750.0,5117250.0,14078499.999999998,70779500.0,79743000.0,82153400.0,86562800.0,6235000.0,2385900.0,13701050.0,10285650.0,7557200.0,20963750.0,92655000.0,15317850.0,13813800.0,15237749.999999998,540606400.0
PROJ_0827,6895350.0,12384500.0,34599000.0,80162350.0,420673500.0,528209500.0,465529400.0,553579000.0,36053750.0,14259150.0,79265700.0,55499950.0,23257150.0,83780000.0,340164000.0,60633050.0,57345600.0,60087750.0,2912378700.0
PROJ_0828,2913900.0,4483750.0,26957250.0,68931000.0,366443500.0,403759500.0,362208000.0,459382300.0,41548750.0,16562700.0,28607050.0,19668800.0,13537299.999999998,52275000.0,171013500.0,14173750.0,15142400.0,15914250.0,2083522700.0
PROJ_0829,1145700.0,1816500.0,9924000.0,19201150.0,96483500.0,108347500.0,111847400.0,105254700.0,13448750.0,3912750.0,13025350.0,8752350.0,5555900.0,24786250.0,81040500.0,10896999.999999998,7092800.0,7836000.0,630368100.0
PROJ_0830,2670900.0,5633000.0,12956250.0,40594550.0,144729500.0,214358000.0,205035600.0,174260500.0,16497499.999999998,6373799.999999999,31130050.0,20118150.0,5989200.0,24018750.0,73228500.0,17914600.0,14089400.0,16840500.0,1026438750.0
PROJ_0831,5523300.0,7458000.0,43152000.0,136753850.0,465511000.0,549195000.0,636657000.0,751623900.0,68756250.0,27442800.0,43656600.0,27587999.999999996,21242200.0,88753750.0,254290500.0,31971050.0,20839000.0,26634750.0,3207048950.0
PROJ_0832,10356300.0,15133250.000000002,100416750.00000001,213660200.0,1166931000.0,1441254500.0,1351096600.0,1155929600.0,145066250.0,51814800.0,98949450.0,73837800.0,106956850.0,362558750.0,1351921500.0,84933700.0,80924350.0,97664250.0,7909405900.0
PROJ_0833,5910900.0,10533750.0,114371250.0,289623050.0,1422288000.0,1319531000.0,1716548400.0,1298800900.0,119415000.0,55060200.0,66249050.0,49580500.0,44770250.0,155033750.0,642757500.0,33586900.0,27668550.0,30348750.0,7402077700.0
PROJ_0834,8038949.999999999,15970750.000000002,24494249.999999996,74412550.0,338342500.0,408462000.0,412413400.0,437722200.0,43917500.0,11986200.0,100543000.0,48255250.0,33446700.0,120863750.0,380731500.0,82061550.0,62309650.0,70590000.0,2674561700.0
PROJ_0835,1649100.0,2302000.0,14998500.0,38185850.0,138737000.0,161044000.0,184945600.0,218909600.0,17086250.0,5404050.0,20028850.0,10989600.0,8755950.0,38630000.0,140692500.0,13600000.0,9607650.0,11931750.0,1037498250.0
PROJ_0836,3579300.0,6661499.999999999,14982000.0,43465750.0,210196500.0,278036500.0,274556800.0,199441700.0,19815000.0,8166150.0,38129200.0,22289850.0,12958400.0,39610000.0,124956000.0,34393550.0,31210400.0,32399250.0,1394847850.0
PROJ_0837,8373900.0,16255000.000000002,112557750.0,196553250.0,1159672000.0,1470780500.0,1507602600.0,1186571900.0,150365000.0,43238700.0,82062750.0,54590800.0,111217750.0,329712500.0,1617282000.0,125987000.0,67685800.0,109000500.0,8349509700.0
PROJ_0838,2226900.0,2527750.0,24426750.0,66313250.0,284163500.0,260765500.0,309738800.0,287779600.0,22832500.0,7975350.0,19353150.0,11974750.0,20301400.0,67787500.0,318816000.0,22900700.0,15093000.0,16715250.0,1761691650.0
PROJ_0839,3575250.0,5915000.0,26464500.0,52434550.0,338172500.0,266750500.00000003,244588400.0,341226600.0,26517500.0,9446850.0,34407050.0,28307150.000000004,9246300.0,39522500.0,132583500.0,27416750.0,19092450.0,23345999.999999996,1629013350.0
PROJ_0840,4679100.0,7121750.0,19439250.0,47502450.0,164432500.0,271852000.0,235082400.0,261444099.99999997,20353750.0,7020900.0,36616850.0,25693699.999999996,10222800.0,38542500.0,166527000.0,35402500.0,33619300.0,36552000.0,1422104850.0
PROJ_0841,2859450.0,5365250.0,19428000.0,46566350.0,226040500.0,247750500.00000003,252800799.99999997,223332800.0,24021250.0,7319250.0,36509550.0,25007800.0,7131950.0,30910000.0,112423500.0,18800300.0,12050350.0,18555750.0,1316873350.0
PROJ_0842,4385400.0,6703749.999999999,59808750.0,136872250.0,538721500.0,946608500.0,734637400.0,813403200.0,80978750.0,23116950.0,52258000.0,33098950.000000004,39748100.0,143925000.0,605524500.0,45071250.0,25006800.0,32361750.0,4322230800.0
PROJ_0843,5490600.0,10617000.0,76807500.0,160530050.0,892015500.0,903611500.0,890222200.0,1012534499.9999999,85660000.0,34326450.0,55052150.0,41847500.0,56394800.0,154778750.0,616032000.0,50520600.0,30608500.0,45746250.0,5122795850.0
PROJ_0844,8647800.0,11995500.0,40011750.0,83503450.0,344122500.0,426721000.0,558511800.0,582630500.0,44235000.0,13919850.0,73657100.0,60975750.0,23150400.000000004,84611250.0,293418000.0,70164100.0,57528900.0,63807750.0,2841612400.0
PROJ_0845,9544350.0,18311000.0,36171000.0,92307600.0,351636500.0,441085000.0,534609600.0,475862600.0,51528750.0,16742250.0,100980900.0,79139750.0,41055350.0,132153750.0,619344000.0,121538949.99999999,111413900.0,96729000.0,3330154250.0
PROJ_0846,4866750.0,7940750.0,35598000.0,105662750.0,508869499.99999994,588316000.0,581306600.0,708623800.0,60930000.0,24087600.0,46552250.0,30188150.0,21521500.0,74620000.0,293076000.0,25057150.0,15215850.0,21848250.0,3154280900.0
PROJ_0847,6131850.0,14333500.0,115765500.0,275733250.0,1089504500.0,1533214500.0,1472724400.0,1664820700.0,151888750.0,52473600.0,63499850.0,46645000.0,50248100.0,207857500.0,759591000.0,45594000.0,29311100.0,29715000.0,7609052100.0
PROJ_0848,10768200.0,18356000.0,52197000.0,162565050.0,674483500.0,734635000.0,1057498399.9999999,1024058100.0,97591250.0,25253550.000000004,94582050.0,72010000.0,76589800.0,248937500.0,926396999.9999999,85046750.0,83312450.0,105266250.0,5549547850.0
PROJ_0849,4426950.0,7957250.000000001,46381500.0,116359450.0,489200500.0,520476500.0,726385800.0,587771500.0,64951250.0,22626900.0,56268700.0,39283450.0,34749750.0,118451250.0,423985500.0,45769950.0,34913450.0,41295000.0,3381254650.0
PROJ_0850,7481250.0,12402500.0,22479750.0,68355650.0,245845500.00000003,412167000.0,383689600.0,296441700.0,36056250.0,11528100.0,92167800.0,60515950.0,33766950.0,108812500.0,445320000.0,91624900.0,76024000.0,65903250.0,2470582650.0
PROJ_0851,2613750.0,3992499.9999999995,25911750.0,83188950.0,342575500.0,455895500.0,324301600.0,408505800.0,40687500.0,10874250.0,26037650.0,16372300.0,17913700.0,75626250.0,215752500.0,21603600.0,16767399.999999998,16776750.0,2105397250.0
PROJ_0852,7329750.0,11702750.0,85698750.0,258940800.0,954490500.0,1223353000.0,1207918600.0,1381076300.0,137108750.0,37960650.0,69022900.0,42200900.0,55253100.0,219868750.0,912874500.0,63152450.0,39013650.0,57552750.0,6764518850.0
PROJ_0853,6219000.0,8875000.0,41622750.0,126401250.0,425263500.0,727339000.0,747279400.0,761741000.0,51652500.0,18757350.0,66930550.0,37784350.0,31047800.0,119272500.0,343494000.0,49994450.0,42589300.0,44646750.0,3650910450.0
PROJ_0854,7652400.0,15322500.0,55652250.0,105028200.0,626390500.0,594054000.0,686460600.0,770296400.0,61151250.0,20251350.0,83815800.0,47948400.0,61171250.0,195023750.0,834138000.0,101899700.0,56149600.0,86515500.0,4408921450.0
PROJ_0855,3663600.0,6597000.0,50070750.0,115593550.00000001,499553500.00000006,819318000.0,852864600.0,905562900.0,83107500.0,24821550.0,37962450.0,23441250.0,37638650.0,151896250.0,433534500.0,31759400.0,26937950.0,36875250.0,4141198650.0
PROJ_0856,3724650.0,6894000.0,46763250.0,111153550.00000001,525333999.99999994,732497500.0,751816800.0,656971300.0,57416250.0,19498500.0,31840550.0,22027650.0,28774900.0,127705000.0,481608000.0,35343000.0,26891150.0,34117500.0,3700377550.0
PROJ_0857,12478500.0,15927250.0,108422250.00000001,268462750.0,1658698500.0,1233812500.0,1416737000.0,1516255500.0,146771250.0,52479450.0,121014100.0,73175650.0,140100450.0,365852500.0,1806295500.0,123636750.0,81146000.0,125422500.0,9266688400.0
PROJ_0858,10424250.0,16818250.0,34415250.0,69454550.0,298435000.0,359508500.0,488236000.0,475319400.0,46980000.0,16159950.0,96248100.0,51319000.00000001,29853250.0,121830000.0,490729500.0,87339200.0,89599900.0,95167500.0,2877837600.0
PROJ_0859,4078950.0,8484250.0,68760000.0,178388100.0,715343000.0,735366500.0,637862400.0,796137200.0,81167500.0,31422150.0,53428150.00000001,25258600.0,46004350.0,118490000.0,405058500.0,41217350.0,33319000.0,39025500.0,4018811500.0
PROJ_0860,4352700.0,5662250.0,27657750.0,65212500.0,375725500.0,444970500.0,389275600.0,450254600.0,43952500.0,16782300.0,38954250.0,24509050.0,23959250.0,86163750.0,262372499.99999997,26452850.0,29501550.0,31839749.999999996,2347599150.0
PROJ_0861,6755250.0,13123500.000000002,63711000.0,128752600.0,609841000.0,842887500.0,737548000.0,637881700.0,76317500.0,24263099.999999996,83492449.99999999,47633950.0,49122150.0,184561250.0,912424500.0,91253450.0,75301200.0,62040750.0,4646910850.0
PROJ_0862,4121699.9999999995,6172500.0,19861500.0,43347350.0,221348500.00000003,176130000.0,182583800.0,247272400.0,17590000.0,6003450.0,45457500.0,23166700.0,11225550.0,44073750.0,153468000.0,25927549.999999996,24809200.0,28412250.0,1280971700.0
PROJ_0863,3316500.0,6476500.0,17428500.0,31142900.0,142961500.0,224048000.0,207436600.0,233828200.0,16786250.0,5757300.0,39870650.00000001,28995900.000000004,8622250.0,42106250.0,126229500.0,24191850.0,23023650.0,24119249.999999996,1206341550.0
PROJ_0864,6835800.0,9677500.0,20995500.0,45920700.0,271158500.0,344840500.0,292245800.0,294744200.0,33645000.0,8698500.0,73500500.0,44017300.0,28432950.0,80807500.0,291384000.0,66900099.99999999,44357950.0,55071750.0,2013234050.0
PROJ_0865,3045450.0,3811999.9999999995,13695000.0,38106300.0,185062000.0,240682500.0,201586000.0,269155600.0,25542500.0,7202700.0,29345100.0,16224100.0,19166700.0,82952500.0,294106500.0,27375950.0,21930350.0,23253750.0,1502245000.0
PROJ_0866,8783850.0,15608750.0,60897000.0,209586500.00000003,896682000.0000001,850145500.0,1199990400.0,1135870000.0,89748750.0,35219250.0,104591400.0,71113200.0,46465650.0,192827500.0,749097000.0,88694950.0,47000850.0,65569500.0,5867892050.0
PROJ_0867,2327700.0,2704250.0,29612250.0,77448400.0,347896500.0,462631000.0,360718400.0,481469200.0,36987500.0,16470900.0,18944250.0,10480400.0,16805250.0,56306250.0,171157500.0,10419300.0,9087000.0,12098250.0,2123564300.0
PROJ_0868,7976700.0,17114750.0,97401000.0,278783900.0,1128196500.0,1011873500.0000001,1469921600.0,1072257400.0000001,136751250.0,35163900.0,81414600.0,68727750.0,108029950.0,317748750.0,1354239000.0,86068450.0,86767850.0,71395500.0,7429832350.0
PROJ_0869,2823300.0,3838000.0000000005,25063500.0,67347400.0,298392500.0,307325000.0,299007800.0,280630700.0,35632500.0,9290250.0,30722600.0,18126000.0,19502350.0,58330000.0,213336000.0,27679400.0,21541650.0,21624750.0,1740213700.0
PROJ_0870,8153700.000000001,12805000.000000002,106174500.0,221968550.0,1347241500.0,1645656500.0,1330751800.0,1387711100.0,159337500.0,45133650.0,75852400.0,50195150.0,48036450.0,164621250.0,622782000.0,38983550.0,32942000.0,40005000.0,7338351600.0
PROJ_0871,5374350.0,6354000.0,25602000.0,53601900.0,302090000.0,271576500.0,344323000.0,340470000.0,29127500.0,13387950.0,38249550.0,25410600.0,11587100.0,39348750.0,127579500.0,24521650.0,17553900.0,26928000.0,1703086250.0
PROJ_0872,9176250.0,13361250.000000002,35613750.0,106687650.00000001,486837500.0,428982000.0,567645400.0,455764200.0,43863750.0,20457450.0,108275850.0,51031149.99999999,29934800.0,101500000.0,371722500.0,84745850.0,58199700.0,78930000.0,3052729050.0
PROJ_0873,9386700.0,17810250.0,98909250.0,296999000.0,1006944000.0000001,1446565000.0,1700603800.0,1403386300.0,127438750.0,46329750.0,119362550.00000001,65903400.0,119581700.0,452492500.0,1881792000.0,135100700.0,80794350.0,122992500.0,9132392500.0
PROJ_0874,1433700.0,2306000.0,19027500.0,38598400.0,232322000.0,265268500.00000003,250987800.0,216174200.0,22488750.0,9455400.0,10290650.0,8475900.0,9947700.000000002,29208750.0,94437000.0,6110650.0,5149950.0,7089750.0,1228772600.0
PROJ_0875,5765850.0,10462000.0,81927749.99999999,148647500.0,835609500.0,940272000.0,980568400.0,905213700.0,85455000.0,35147250.0,60073500.0,34818450.0,40575150.0,176351250.0,674550000.0,47602550.0,28506400.0,37466250.0,5129012500.0
PROJ_0876,5368200.0,8831000.0,19420500.0,58861450.0,266840500.0,356991000.0,295048600.0,360258000.0,37956250.0,10997550.0,43652250.0,24817800.0,9274650.0,47198750.0,172458000.0,21958050.0,24284650.0,21000750.0,1785217950.0
PROJ_0877,6473100.0,11280250.0,74523000.0,197063850.0,940712000.0,965665500.0,1359554000.0,990467000.0,84675000.0,44644950.0,64287200.0,41591000.0,50321950.0,159990000.0,643837500.0,51410550.0,41401100.0,46582500.0,5774480450.0
PROJ_0878,1278300.0,2154500.0,5144250.0,16205999.999999998,72080000.0,90554000.0,86357600.0,69432600.0,6497500.0,3099600.0,10760450.0,8128200.0,2818550.0,8186249.999999999,31765500.0,7467249.999999999,3885700.0,6026250.0,431842500.0
PROJ_0879,8149950.000000001,9595000.0,25900499.999999996,71622750.0,367412500.0,398135500.0,337472800.0,344999900.0,36113750.0,12708900.0,63598450.0,53314950.0,16174550.0,80636250.0,299763000.0,61166000.0,46689500.0,44097750.0,2277552000.0
PROJ_0880,3397950.0,5237250.0,19660500.0,56203000.0,200039000.0,279756000.0,336718200.0,308052600.0,25232500.0,8472600.0,30972000.0,22782900.0,26080600.0,78317500.0,345793500.0,44965850.0,29638050.0,33441000.0,1854761000.0
PROJ_0881,3965400.0,7256750.0,44543250.0,76121950.0,377850500.0,445730500.0,602504000.0,440011400.0,58517500.0,14664600.0,38039300.0,21791100.0,17432450.0,61535000.0,249380999.99999997,21391100.0,15863900.0,20640750.0,2517240450.0
PROJ_0882,7873350.0,12530750.0,73644750.0,165129150.0,884509999.9999999,932235000.0,1133399400.0,1073072200.0,77151250.0,26440650.000000004,76051050.0,48826200.0,81692450.0,333711250.0,1027453500.0,71606550.0,59820150.0,54584250.0,6139731900.0
PROJ_0883,3509850.0,6582750.0,34093500.0,119382349.99999999,540158000.0,499158499.99999994,696025400.0,668766500.0,56497500.0,18331650.0,32606150.0,24389350.0,26746650.000000004,98886250.0,448681500.0,31569850.000000004,24200800.0,30168000.0,3359754550.0
PROJ_0884,8917800.0,16631750.0,94539000.0,213921050.0,851683000.0,1148607000.0,872102000.0,1072684199.9999999,101268750.0,37502550.0,106155950.0,60779100.0,99901200.0,361756250.0,1103490000.0,101816400.0,99446100.0,102966000.00000001,6454168100.0
PROJ_0885,5853450.0,9695250.0,23379000.000000004,61678999.99999999,277287000.0,353314500.0,320646200.0,308760700.0,25578750.0,12340800.0,56825500.0,40576400.0,27342000.0,100661250.0,375633000.0,73263200.0,54547350.0,61379250.0,2188762600.0
PROJ_0886,8020199.999999999,12224750.0,24235500.0,51788900.0,347845500.0,298879500.0,339785600.0,432658800.0,37966250.0,12882599.999999998,85681950.0,44243400.0,34111000.0,97598750.0,461614500.0,78976900.0,71058000.0,79490249.99999999,2519062350.0
PROJ_0887,5079150.0,9333500.0,32958000.0,64674149.99999999,397910500.0,379012000.0,447389600.0,441505200.0,39038750.0,15103800.0,62856050.0,39311000.0,14156800.0,51481250.0,170779500.0,27812000.0,22179950.0,30889500.0,2251470700.0
PROJ_0888,2371050.0,2734750.0,24728250.0,53995950.0,282200000.0,310327000.0,318470600.0,314008400.0,30012500.0,8058150.0,19650400.0,11603300.0,11042500.0,37568750.0,102424500.0,10296900.0,8617700.0,12000000.0,1560110700.0
PROJ_0889,6113850.0,12403250.0,33925500.0,94584950.0,434970500.0,452361500.0,580199200.0,431106800.0,54446250.0,15384600.0,72544950.0,43082500.0,17647350.0,54758750.0,223344000.0,32978300.0,29818100.0,40954499.99999999,2630624850.0
PROJ_0890,8933250.0,15108000.000000002,95084250.0,217778300.0,1178542000.0,1214546500.0,1534013600.0,1484507400.0,117083750.0,41187600.0,100102200.0,67511750.0,92494850.0,338677500.0,1167669000.0,113480950.0,85324200.0,79397250.00000001,7951442350.0
PROJ_0891,1872150.0,3400000.0,32623500.0,59486750.0,289102000.0,362216000.0,417666200.0,336463900.0,32375000.0,14773950.0,18135150.0,10097550.0,12338549.999999998,39381250.0,156928500.0,10037650.0,6754800.0,7600500.0,1811253400.0
PROJ_0892,10000350.0,16702250.0,104246250.0,339143850.0,1235203000.0,1698524000.0,1795448200.0,1614856000.0,151145000.0,49379850.0,81752449.99999999,59509899.99999999,64792350.0,289802500.0,964372500.0000001,64235350.0,58386250.0,72756750.0,8670256800.0
PROJ_0893,4869600.0,7930500.000000001,17855250.0,31098500.0,185946000.0,210520000.0,197685600.0,265780000.0,20096250.0,7028100.0,42068850.0,38093100.0,20891850.0,54077500.0,241308000.0,45778450.00000001,44272800.0,46725750.0,1482026100.0
PROJ_0894,3282150.0,6627750.0,56583750.0,112265400.0,451834500.00000006,797753000.0,598456600.0,684519300.0,65957499.99999999,20874600.0,35462650.0,22548250.0,28168000.0,121895000.0,497241000.0,28113750.0,27300000.0,28140750.0,3587023950.0
PROJ_0895,3162750.0,6568250.0,17498250.0,49931499.99999999,206881500.0,288676500.0,325938200.0,248116300.0,30456250.0,8221050.0,31105400.0,21580200.0,10207050.0,34673750.0,138501000.0,23862900.0,16246750.0,22474500.000000004,1484102100.0
PROJ_0896,8838900.0,13902500.0,76392750.0,208271150.0,737910500.0,1207497500.0,1288239400.0,1132930900.0,87483750.0,30756150.0,91178900.0,57960450.0,95818800.0,367165000.0,1122025500.0,97790800.0,56008550.0,65222250.0,6745393750.0
PROJ_0897,7167750.0,11091000.0,69399750.0,196919550.0,663952000.0,1081584500.0,856324000.0,1155764700.0,83760000.0,37453500.0,76246800.0,45980000.0,75475050.0,244580000.0,1007127000.0,71151800.0,52812500.0,78129000.0,5814918900.0
PROJ_0898,7471200.0,12512000.0,65861250.0,170938150.0,801677500.0,1044724500.0,1046963399.9999999,993512800.0,89821250.0,30604500.0,95830500.0,53693050.00000001,56130900.0,181936250.0,667071000.0,72009450.0,64279150.0,61329000.0,5516365850.0
PROJ_0899,5002050.0,9937500.0,17895750.0,41502900.0,176128500.0,214899500.0,276624600.0,222789600.0,18372500.0,6659550.0,63293950.0,35641150.0,19949650.0,83523750.0,242342999.99999997,65285950.00000001,48616750.0,51053250.0,1599519900.0
PROJ_0900,11087400.0,19752000.0,87936000.0,198862050.0,1277779500.0,1338255500.0,1461395600.0,1263463800.0,151410000.0,52195050.00000001,121688350.0,66820150.0,138767300.0,418057500.0,1571278500.0,121106300.0,86225750.0,102408750.0,8488489500.0
PROJ_0901,6787350.0,12019750.0,41243250.0,76771300.0,467151500.0,408300500.0,415353400.0,487425000.0,37565000.0,18082800.0,95610100.0,51486200.0,21382200.0,66113749.99999999,318051000.0,56120400.0,58201000.0,68472750.0,2706137250.0
PROJ_0902,5547150.0,11687250.0,32225250.0,81912450.0,322804500.0,413250000.0,339129000.0,447014800.0,35631250.0,13773150.0,79970400.0,49096949.99999999,19369000.0,65412499.99999999,241312500.0,52021700.0,50050650.0,44160749.99999999,2304369250.0
PROJ_0903,7650150.0,14702250.0,37536000.0,113042400.0,403588500.0,374452000.0,499878400.0,472099000.0,51738750.0,15387750.0,71010850.0,50754700.0,22163400.0,85437500.0,270823500.0,68831300.0,60018400.0,57718500.0,2676833350.0
PROJ_0904,9011100.0,12624500.0,79333500.0,158550550.0,828010500.0,907658500.0,841545600.0,934595000.0,83526250.0,39321900.0,80650450.0,69353800.0,49408100.0,157251250.0,609507000.0,63071700.0,62595000.0,54033750.0,5040048450.0
PROJ_0905,5193000.0,6162250.0,34632000.0,79492650.0,458320000.00000006,527173999.99999994,636255200.0,506960800.0,40978750.0,19963350.0,48818600.0,35058800.0,25576250.0,103092500.0,294264000.0,46075950.00000001,25533300.0,38355000.0,2931906400.0
PROJ_0906,6073200.0,12730000.0,26180250.0,64925750.0,256734000.00000003,309652500.0,372684200.0,335784900.0,31980000.0,9820800.0,69236050.0,43939400.0,28452200.0,83741250.0,330187500.0,88624400.00000001,60580000.0,79496250.0,2210822650.0
PROJ_0907,5561700.0,10130500.0,31145250.0,73757650.0,378964000.0,310764000.0,375879000.0,315841700.0,36387500.0,14101650.0,52698800.0,41994750.0,18112150.0,70590000.0,193819500.0,50948150.0,45104800.0,47310749.99999999,2073111850.0
PROJ_0908,6632700.0,9503250.0,84519000.0,148312650.0,685967000.0,849756000.0,856598400.0,905378600.0,71686250.0,25771950.0,64098700.0,35009400.0,30698500.0,106156250.0,301500000.0,37055750.0,30096950.0,33969000.0,4282710350.0
PROJ_0909,976350.0,2057250.0000000002,9439500.0,20768100.0,84099000.0,99066000.0,125038200.0,127739300.0,12582500.0,4518900.0,11723250.0,8549050.0,7943600.0,28275000.0,100674000.0,16122800.0,9066200.0,12063750.0,680702750.0
PROJ_0910,7021800.0,11182250.0,73239000.0,142573950.0,778498000.0,996987000.0,1162848400.0,1108962200.0,109658750.0,32918400.0,59726950.0,43886200.0,39906650.0,106508750.0,376582500.0,48151650.0,36892050.0,31013250.0,5166557750.0
PROJ_0911,2243250.0,3280250.0,24224250.0,59908550.0,326995000.0,246563000.00000003,322851200.0,231121900.0,28388750.0,10313550.0,21561500.0,15010000.0,10409350.0,36883750.0,109534500.0,13736850.000000002,8663850.0,9790500.0,1481480000.0
PROJ_0912,5440050.0,8676000.0,23498250.0,52508550.0,230001499.99999997,369616500.0,381269000.0,321749000.0,35782500.0,10505250.0,54361950.0,43516650.0,16697800.0,62571250.0,196735500.0,44487300.0,29444350.0,48381750.0,1935243150.0
PROJ_0913,3910050.0000000005,7295750.0,12370500.0,38195100.0,158516500.0,225596500.0,212591400.0,177228700.0,15683750.0,6212700.0,49300000.0,33535000.0,15979600.0,61813750.0,196560000.0,57291700.0,45100900.0,48314250.00000001,1365496150.0
PROJ_0914,3421650.0,6653250.0,73476750.0,135114750.0,743622500.0,1005993000.0,979363000.0,911926100.0,82120000.0,34541100.0,37917500.0,30097900.0,27874350.0,112880000.0,429835500.0,23675049.999999996,16395600.0,16797750.0,4671705750.0
PROJ_0915,3758850.0,5847000.0,15139500.000000002,47483950.0,221416500.0,269125500.0,250154800.0,283298200.0,25643750.0,6757200.0,38556950.0,21598250.0,9116450.000000002,30777500.0,106272000.0,17640900.0,11752650.0,15231000.000000002,1379570950.0
PROJ_0916,4409100.0,7833499.999999999,41088000.0,111758500.0,621647500.0,652916000.0,631678600.0,607782600.0,72172500.0,25558200.0,49143400.0,26072750.0,30691850.0,143596250.0,551857500.0,32935800.0,30574700.0,34012500.0,3675729250.0
PROJ_0917,1275300.0,1769750.0000000002,9204000.0,22886350.0,137164500.0,174743000.0,154683200.0,128340700.0,12070000.0,5463450.0,12356900.0,6656649.999999999,5418000.0,18556250.0,75942000.0,7030349.999999999,4174300.0,5863500.000000001,783598200.0
PROJ_0918,12685650.0,21757000.0,115381500.0,239110650.0,1291651500.0,1654757500.0,1455143200.0,1884283200.0,132422500.00000001,62256150.0,111403500.0,60209100.0,132187300.0,487875000.0,1917450000.0,128272650.0,80854150.0,130389750.0,9918090300.0
PROJ_0919,6095250.0,8995250.0,57397500.0,103585199.99999999,470679000.0,699361500.0,747024600.0,707304600.0,77325000.0,21505950.0,74402400.0,32919400.0,29362900.000000004,108191250.0,370579500.0,49242200.00000001,44252650.0,50265750.0,3658489900.0
PROJ_0920,2420850.0,2951000.0,16850250.0,34759650.0,182036000.0,223411500.0,184034200.0,210422100.0,22941250.0,6387300.0,24692050.0,17625350.0,16193800.0,58497500.0,216315000.0,28078899.999999996,18645900.0,21928500.0,1288191100.0
PROJ_0921,832050.0,1864750.0,5414250.0,12006500.000000002,62815000.00000001,58406000.0,66346000.0,47976200.0,4628750.0,2160450.0,9487350.000000002,6091400.0,3007900.0,10258750.0,32913000.0,7631300.0,5861050.0,5970750.0,343671450.0
PROJ_0922,3322950.0,6303250.0,62190750.0,133397950.00000001,603865500.0,688018500.0,577661000.0,631004400.0,54850000.0,23712300.000000004,32968650.0,25030600.0,33856900.0,131978749.99999999,456826500.0,37281000.0,25961650.0,26259000.0,3554489650.0
PROJ_0923,7712850.000000001,11846000.0,65594250.0,151801750.0,773313000.0,1084491500.0,1114377600.0,949814300.0,96328750.0,30644550.0,90587300.0,59519400.0,46394250.0,162681250.0,772303500.0,74530550.0,57554250.0,52041750.0,5601536800.0
PROJ_0924,2042250.0,3676250.0000000005,34701750.0,62777899.99999999,305413500.0,487454500.0,417244800.0,385904800.0,41096250.0,14019300.0,28988400.0,13377900.0,22854650.0,66663749.99999999,295542000.0,22656750.0,17334850.0,20124000.0,2241873600.0
PROJ_0925,2870400.0,3770750.0000000005,26001750.0,73167500.0,358334500.0,338798500.0,416215800.0,409000500.0,41845000.0,12167999.999999998,28437400.0,18333100.0,14728700.0,48816250.0,144688500.0,12059800.0,13582400.0,14340750.0,1977159600.0
PROJ_0926,3645150.0,6033500.0,17727750.0,43980050.0,215143500.0,263111999.99999997,221597600.0,187229400.0,17613750.0,7609950.000000001,35516300.0,23372850.0,7270900.0,24857500.0,97456500.0,20802050.0,14806350.0,13866000.0,1221641100.0
PROJ_0927,6661500.0,12010500.0,128842500.0,354417450.0,1686816500.0,1237973500.0,1352419600.0,1439567300.0,129516250.00000001,48897899.99999999,55630700.0,36898950.0,56029400.0,148232500.0,716751000.0,36857700.0,28218450.0,29620500.0,7505362200.0
PROJ_0928,8298600.0,16180750.0,38958000.00000001,98963900.00000001,321028000.0,388806500.0,426339200.0,540736200.0,40393750.0,14712750.0,122787449.99999999,80057450.0,42804650.0,123890000.0,490756500.0,104465000.0,95449250.0,114588750.0,3069216700.0
PROJ_0929,971700.0,2190750.0,5586000.0,15636200.0,52734000.0,62168000.0,54733000.0,73099200.0,5240000.0,2121300.0,13213850.0,8555700.0,3493000.0,12728750.0,45099000.0,10183850.0,6927700.0,6900000.0,381582000.0
PROJ_0930,10328850.0,14420500.000000002,34811250.0,85701250.0,348160000.0,547000500.0,548045400.0,513430699.99999994,55007500.0,15479550.0,98660900.0,62394100.0,41856150.0,129565000.0,606771000.0,110468550.00000001,91317850.0,106998000.00000001,3420417050.0
PROJ_0931,3932249.9999999995,7777000.0,22936500.0,58021550.0,251625499.99999997,292049000.0,299899600.0,329276200.0,27002500.0,9967500.0,35639550.0,28918950.000000004,8257900.0,42465000.0,109588500.0,23010350.0,16523650.0,19516500.000000004,1586408000.0
PROJ_0932,7357500.0,14352750.0,57466500.0,147422800.0,628677000.0,857603000.0,1116073000.0,893932600.0,97762500.0,31194900.0,81268150.0,61381400.0,37455600.0,189082500.0,590485500.0,63311400.0,59857850.0,55595250.0,4990280200.0
PROJ_0933,3930600.0000000005,6459999.999999999,53886000.0,137177500.0,757256500.0,605729500.0,777492800.0,599760700.0,58227500.0,23764950.0,35037800.0,22901650.0,24106600.0,74980000.0,286947000.0,16801950.0,13024700.0,15333000.0,3512818750.0
PROJ_0934,7702950.0,10905500.0,30270750.0,98425550.0,339583500.0,613443500.0,500642800.0,423065500.0,57000000.0,18494100.0,80724400.0,45710200.0,16281650.0,65583749.99999999,213943500.0,42934350.0,29256500.0,34569750.0,2628538250.0
PROJ_0935,6059250.0,13489750.0,34176000.0,106772750.0,372631500.0,501770999.99999994,482160000.0,557633600.0,54482500.0,17369100.0,66581100.0,50585600.0,14879900.0,63037500.0,238644000.00000003,37420400.0,33488650.000000004,39797250.0,2690979850.0
PROJ_0936,6143850.0,11238500.0,29092500.0,82783800.0,351798000.0,412642000.0,402936800.0,344699200.0,32566249.999999996,13001850.0,64317650.0,42197100.0,22026900.0,78750000.0,222493500.0,63976100.0,40470950.0,51733500.0,2272868450.0
PROJ_0937,4520400.0,6355500.0,10252500.0,29185600.0,152558000.0,156218000.0,214747400.0,173901600.0,13581250.0,6146100.000000001,41722300.0,25086650.0,17217550.0,60940000.0,161707500.0,35642200.0,30300400.0,39435000.0,1179517950.0
PROJ_0938,2997000.0,4361500.0,11332500.0,21855900.0,122043000.00000001,151525000.0,115816400.0,121967800.0,11341250.0,5381550.0,27927000.0,22074200.0,11101650.0,39315000.0,167238000.0,31868200.0,27404650.0,27928500.0,923479100.0
PROJ_0939,6628500.0,10791000.0,29016000.0,88233900.0,353481000.0,449312000.0,396968600.0,490344700.0,49116250.0,16554600.0,98568100.0,43627800.0,18540200.0,82125000.0,268024500.0,72013700.0,57256550.0,49726500.0,2580328900.0
PROJ_0940,7509300.0,8708250.0,69199500.0,151396600.0,778149500.0,752305000.0,1086633800.0,1075662100.0,86466250.0,31006350.0,69930600.0,44864700.0,76382600.0,277691250.0,1103715000.0,76170200.0,48984650.0,75003750.0,5819779400.0
PROJ_0941,9732450.0,15849000.0,87753750.0,159862200.0,696898000.0,1045218500.0,1189827800.0,858420900.0,97213750.0,29071350.0,109986850.0,69546650.0,73004400.0,357585000.0,1157242500.0,141515650.0,110611800.0,128694000.0,6338034550.0
PROJ_0942,3347250.0,4683000.0,51684750.0,113575199.99999999,470364500.0,607325500.0,604307200.0,641014800.0,67753750.0,21791250.0,26701750.0,16102500.0,24348100.0,73608750.0,267682500.0,19074850.0,15041000.0,15292500.0,3043699150.0
PROJ_0943,1781550.0,2525750.0,29796750.0,64304149.99999999,312910500.0,249213499.99999997,320646200.0,285121800.0,27636250.0,10891800.0,19818600.0,10909800.0,17015250.0,46931250.0,195138000.0,12376000.0,10071100.0,14697000.0,1631785250.0
PROJ_0944,2534550.0,6122750.0,24448500.0,69820850.0,248913999.99999997,386422000.0,439098800.0,381695000.0,33070000.0,14079600.0,35794700.0,18307450.0,19593000.0,69947500.0,260055000.0,24807250.000000004,19666400.0,27972000.0,2082349350.0
PROJ_0945,5336250.0,8669500.0,77419500.0,142549900.0,704420500.0,996740000.0,1010781800.0000001,1093985400.0,91732500.0,28778400.0,52065150.0,29731199.999999996,53048100.0,137937500.0,593860500.0,42325750.0,28765750.0,35660250.0,5133807950.0
PROJ_0946,2578800.0,3315000.0,36303750.0,87830600.0,289178500.0,489183499.99999994,409669400.0,360025200.0,37636250.0,16502850.0,27336850.0,15039450.0,23297750.0,82858750.0,302152500.0,21146300.0,17941950.0,19398000.0,2241395400.0
PROJ_0947,4629150.0,10201250.0,75917250.0,217987350.0,990496500.0,1063316000.0,1015074200.0,1252580400.0,124103750.0,44508150.0,55298650.0,30724900.0,35312900.0,149990000.0,472576500.00000006,33724600.0,21796450.0,21849000.0,5620087000.0
PROJ_0948,3858300.0000000005,6424250.000000001,38940000.0,82915150.0,472149500.0,513645999.99999994,588421400.0,550523500.0,47741250.0,19062000.0,36889450.0,23565700.0,18317600.0,51522500.0,258781500.00000003,19610350.0,14287000.0,20538750.0,2767194200.0
PROJ_0949,3453900.0,7729000.000000001,15612000.0,36539350.0,150739000.0,183492500.0,194236000.0,183989600.0,20012500.0,7153200.0,39393600.0,23715800.0,9313150.0,33397500.0,126675000.0,30481850.0,21613150.0,27459000.0,1115006100.0
PROJ_0950,2209200.0,2849500.0,16392750.0,49692850.0,213418000.0,215650000.0,302927800.0,292047600.0,30011250.0,10662750.0,18886250.0,12861100.0,8500800.0,36395000.0,115794000.0,9962850.0,6583200.0,9777000.000000002,1354621900.0
PROJ_0951,1166700.0,2165250.0,15156000.000000002,48125900.0,158278500.0,249821500.00000003,238747600.0,229870600.0,22483750.0,7396650.0,9751250.0,8208000.000000001,7204400.0,31612500.0,112738500.0,5323550.0,5768100.0,6443250.0,1160262000.0
PROJ_0952,7524150.0,12599250.0,69496500.0,198695550.0,664598000.0,777014500.0,1045934400.0,878208900.0,93583750.0,30892950.0,64748300.0,52596750.0,67249350.0,245440000.0,1076872500.0,84864000.0,66053000.0,60040500.0,5496412350.0
PROJ_0953,4184850.0,6315000.0,20496750.0,37042550.0,193927500.0,255407500.00000003,268902200.0,216804700.0,24573750.0,9288900.0,33147000.0,22996650.0,7767200.0,34732500.0,113220000.0,20991600.0,18525650.0,19347750.000000004,1307672050.0
PROJ_0954,5786250.0,11174500.0,90199500.0,152020050.0,906618499.9999999,762717000.0,1027432000.0000001,953480900.0,99387500.0,32521950.0,49489950.0,40351250.0,34391000.0,94426250.0,317182500.0,39117850.0,27522300.0,25983750.0,4669803000.0
PROJ_0955,1066950.0,1814750.0,4161750.0,9510850.0,43970500.0,61009000.0,51087400.0,59315500.0,4925000.0,1810800.0,12333700.0,8522450.0,5360250.0,14748750.0,49225500.0,12882600.0,10329800.0,10427250.0,362502800.0
PROJ_0956,11316300.0,18262500.0,32542500.0,78867350.0,301826500.0,461282000.0,486893400.0,536856200.00000006,43518750.0,13513950.0,88004850.0,57124449.99999999,44739100.0,151890000.0,552946500.0,126030350.0,71104800.0,105790500.0,3182510000.0
PROJ_0957,7918350.0,10857250.0,109389750.0,288437200.0,1442178000.0,1291477500.0,1825779200.0,1826025000.0,171206250.0,42265350.0,62863300.0,49906350.00000001,47586350.0,150871250.0,728091000.0,33658300.0,31034900.0,43152750.0,8162698050.0
PROJ_0958,3118650.0,6202250.0,30786750.0,73977800.0,305235000.0,419900000.0,429279200.0,517553199.99999994,49755000.0,12403350.0,25921650.0,21394000.0,14819000.0,48923750.0,173290500.0,16110900.0,13986050.0,12891749.999999998,2175548800.0
PROJ_0959,11585550.0,16217750.0,123186000.0,316407350.0,1272152500.0,1699597500.0,1630690600.0,1727308100.0,139615000.0,49388850.0,97574850.0,72721550.0,127972600.0,426511250.0,1361245500.0,108972550.0,73842600.0,98099250.0,9353089350.0
PROJ_0960,836100.0,1596000.0,3528000.0,8214000.0,42160000.0,48687500.0,62769000.0,46230200.0,6438750.0,2220750.0,7801000.0,5993550.0,1986950.0,8083750.0,22144500.0,5502050.0,3060850.0,3812250.0,281065200.0
PROJ_0961,1225800.0,1650000.0,7690500.000000001,17678600.0,84753500.0,114199500.0,121108400.0,125876900.00000001,13055000.0,3363300.0,12425050.0,7384350.0,6714750.0,23986250.0,90927000.0,7430700.0,6980350.0,9111000.0,655560950.0
PROJ_0962,7635600.0,9812000.0,36699750.0,96965900.0,361972500.0,514976000.00000006,573202000.0,504118700.00000006,41075000.0,17182800.0,70248150.0,42731950.0,17556700.0,56940000.0,242392500.0,44420150.0,34128250.0,35466000.0,2707523950.0
PROJ_0963,1660500.0,3432750.0,7820250.0,23474650.0,87949500.0,133171000.0,145931800.0,130096400.0,12181250.0,3851550.0,16821450.0,11703050.0,5051200.0,18257500.0,66987000.00000001,8997250.0,7522450.0,9309750.0,694219300.0
PROJ_0964,3899250.0,6648999.999999999,51402000.0,113586300.0,534581999.99999994,761073500.0,594027000.0,735939000.0,66711250.00000001,18952650.0,45234200.0,28916100.0,35897400.0,98097500.0,355293000.0,33663400.0,20216950.0,23394750.0,3527535250.0
PROJ_0965,4104450.0,5715250.0,46537500.0,107146449.99999999,402747000.0,606033500.0,504866599.99999994,503750100.00000006,56668750.0,20518650.0,38664250.0,28393600.0,19051200.0,73728750.0,241087500.0,26308350.0,19112600.0,18468000.0,2722902500.0
PROJ_0966,9791400.0,16912500.0,30120750.0,93865300.0,461091000.00000006,357988500.0,506728600.00000006,417410400.0,44352500.0,16907400.0,112361950.0,63626250.0,38333050.0,113992500.0,417361500.0,117764950.0,75760750.0,102877500.0,2997246800.0
PROJ_0967,7511400.0,13542500.000000002,79490249.99999999,228330700.0,863710500.0,1196259000.0,1572243400.0,1456134900.0,134827500.0,37540350.0,89308400.0,66332800.0,86394000.0,371486250.0,1609114500.0,86445850.0,92262300.0,80385000.0,8071319600.0
PROJ_0968,5327400.0,8904750.0,107002500.0,234448650.0,1138031000.0,1003010000.0,1256291400.0,1117401200.0,105448750.0,40188150.0,70687500.0,44779200.0,45119900.0,218015000.0,618988500.0,61977750.0,37735100.0,38694000.0,6152050750.0
PROJ_0969,9922050.0,18375000.0,40980000.0,119565499.99999999,520905500.00000006,440410500.0,521105200.0,566305400.0,55048750.0,16416000.0,129181950.0,58922800.0,44593850.0,165527500.0,519466499.99999994,97636950.0,99763950.0,100355250.0,3524482650.0
PROJ_0970,1704300.0,2847500.0,7310250.0,14245000.0,74324000.0,109259500.0,104683600.0,95671100.0,8900000.0,2746350.0,19978100.0,11476000.0,6417600.000000001,23200000.0,103221000.0,19689400.0,14753050.0,22707750.0,643134500.0
PROJ_0971,1782450.0,3788000.0000000005,24362999.999999996,64126550.0,231149000.0,234080000.0,340148200.0,295820900.0,23198750.0,9448650.0,20352200.000000004,11361050.0,9981650.0,35402500.0,131183999.99999999,13376450.0,8782800.0,12132000.0,1470478150.0
PROJ_0972,4810800.0,7961250.0,92928000.0,225927550.0,797691000.0,1211753500.0,1233359400.0,946390200.0,99477500.0,38777850.0,54881050.0,31837350.0,27473600.0,130281250.0,366205500.0,29425300.0,21796450.0,25667250.0,5346644800.0
PROJ_0973,3325950.0,6313750.0,16572000.0,35915900.0,156510500.0,196032500.0,260033199.99999997,221945700.0,22460000.0,7641450.0,45089200.0,26146850.0,9275350.0,34782500.0,114696000.0,36564450.0,26299000.0,31438500.0,1251042800.0
PROJ_0974,1515000.0,2626750.0,20001000.0,43826500.0,170918000.0,163381000.0,207701200.0,219957200.0,19057500.0,6169950.000000001,14669650.0,8650700.0,5954200.0,26422500.0,86260500.0,7219900.0,5630300.0,7175250.0,1017137100.0
PROJ_0975,1744500.0,2592500.0,18795750.0,47757749.99999999,163208500.0,254495500.0,266706999.99999997,238881900.0,22451250.0,8010000.0,17020100.0,12822150.0,8296050.0,35923750.0,102649500.0,11012600.0,7952750.0,9944250.0,1230265800.0
PROJ_0976,3171450.0,4596500.0,18259500.0,53133849.99999999,243380500.0,305672000.0,226889600.0,208647000.0,23788750.0,9603900.0,23468250.0,17606350.0,22045800.0,67482500.0,299880000.0,27743999.999999996,27031550.0,25784250.0,1608185750.0
PROJ_0977,8139000.0,13280500.0,28770000.0,75372700.0,404081500.0,370690000.0,308455000.0,402957400.0,30380000.0,12458250.000000002,79719550.0,52610050.0,24737650.0,98848750.0,321147000.0,85721650.0,71153550.0,83125500.0,2471648050.0
PROJ_0978,6094500.0,10425000.0,32736750.0,76795350.0,394978000.0,377919500.0,374859800.0,413326700.0,43247500.0,14677200.000000002,64875900.0,41952000.0,23054850.0,70631250.0,295510500.0,57584100.0,44416450.0,48925500.0,2392010850.0
PROJ_0979,7948649.999999999,8951250.0,85005000.0,279568300.0,968328500.0,1058195500.0000001,1083037200.0,1277693700.0,107057500.0,45404100.0,76647000.0,46263100.0,52425800.00000001,232468750.0,858937500.0,64225150.0,35527700.0,53905500.0,6341590200.0
PROJ_0980,5954100.0,10801000.0,74763000.0,227015349.99999997,1006638000.0,1324841500.0,1278655000.0,1340384800.0,103916250.0,34207650.0,50306300.0,39258750.0,32857300.0,145218750.0,592074000.0,36124150.0,25488450.0,30747000.0,6359251350.0
PROJ_0981,2343000.0,4610250.0,28028250.0,75985050.0,286373500.0,324909500.0,429308600.0,392559000.0,41952500.0,13185450.0,32488700.0,18754900.0,35938700.0,125493750.0,376281000.0,28973950.0,27814800.0,24697500.0,2269698400.0
PROJ_0982,6001350.0,7954000.000000001,51081000.0,101676000.0,545062500.0,662406500.0,587196400.0,657136200.0,71175000.0,23854500.0,69724700.0,42504900.0,34306650.0,118805000.0,490140000.0,47787850.0,34745750.0,47296500.0,3598854800.0
PROJ_0983,7330050.0,10300000.0,17760750.0,53466850.0,258136500.0,274835000.0,328211800.0,299225600.0,25498750.0,10488600.0,61408950.0,46934750.0,19419750.0,97580000.0,287514000.0,83621300.0,59614750.0,55869000.0,1997216400.0
PROJ_0984,12600300.0,17622000.0,71146500.0,202386300.0,932722000.0,1059658500.0000001,1207252200.0,934323400.0,83936250.0,27468000.0,102338100.0,74372650.0,75847100.0,303105000.0,866466000.0,112855350.0,100741550.0,89013000.0,6273854200.0
PROJ_0985,8095650.000000001,13733750.0,38300250.0,106143750.0,499264500.0,422693000.0,574142800.0,474553100.0,47875000.0,18773550.0,78184000.0,53639850.0,18824050.0,69018750.0,232515000.00000003,35773950.0,26120900.0,37719000.0,2755370850.0
PROJ_0986,4448100.0,5757250.0,39791999.99999999,91158750.0,476552500.0,545575500.0,518302400.0,467093800.0,50702500.0,19782900.0,46381150.0,23107800.0,19203800.0,70065000.0,260365500.0,21613800.0,14901900.0,23925750.0,2698730400.0
PROJ_0987,4092449.9999999995,5632250.0,64380000.0,124863900.00000001,578841500.0,601559000.0,818398000.0,658756100.0,60552500.0,20041650.0,27103400.0,21114700.0,24659250.0,89365000.0,306598500.0,19317100.0,16535350.0,15867000.0,3457677650.0
PROJ_0988,7572450.0,16098500.000000002,60669749.99999999,137832400.0,581774000.0,671602500.0,660657200.0,915476300.0,78008750.0,22153950.0,75318800.00000001,52112249.99999999,59564050.0,239548750.0,811971000.0,110539100.0,79755000.0,98499000.0,4679153750.0
PROJ_0989,2906400.0,4943000.0,37816500.0,72360900.0,317798000.0,382831000.0,479357200.0,484010600.0,35326250.0,17183700.0,29587250.0,18308400.0,21635600.0,68325000.0,286164000.0,18632000.0,17189900.0,17588250.0,2311963950.0
PROJ_0990,6451950.0,11680500.0,24697500.0,55886649.99999999,321436000.0,267472500.0,400673000.0,272395400.0,28285000.0,13764150.0,80760650.0,51290500.0,30436700.0,96031250.0,399672000.0,70114800.0,69517500.0,84393750.0,2284959800.0
PROJ_0991,8418750.0,13451750.000000002,39054750.0,91600900.0,399857000.0,588145000.0,560520800.0,510258799.99999994,54693750.0,14523300.0,80112500.0,52441900.0,15318800.0,50025000.0,239836500.0,36724250.0,38247300.0,29595000.0,2822826050.0
PROJ_0992,5318100.0,8117250.0,66366000.0,151705550.0,769930000.0,984503999.9999999,894759600.0,757249900.0,66546250.0,32813099.999999996,55211650.0,46620300.0,80088399.99999999,261138750.00000003,931580999.9999999,79760600.0,56966650.0,63996000.0,5312673100.0
PROJ_0993,5611950.0,9538500.0,66048750.0,200934050.00000003,826642000.0,892563000.0,674641800.0,934973300.0,74270000.0,30270599.999999996,48464800.0,45042350.0,71496600.0,235920000.0,796108500.0,60345750.00000001,45994000.0,49098750.0,5067964700.0
PROJ_0994,9024900.0,14978500.0,88349250.0,244235150.0,1004563999.9999999,1066185000.0,1501595200.0,1263774200.0,129683750.0,51514650.0,104524700.0,62824449.99999999,108761450.0,434910000.0,1551447000.0,90444250.0,83380700.0,104971499.99999999,7915168650.0
PROJ_0995,8477250.0,10708500.0,73655250.0,187839750.0,773797500.0,1128989500.0,1076294800.0,988420300.0,94222500.0,41465250.0,89370750.0,57453150.0,102801300.0,371990000.0,1130292000.0,71858150.0,73384350.0,79635000.0,6360655300.0
PROJ_0996,6498750.0,13538749.999999998,76615500.0,234959250.0,962574000.0,774696500.0,1122374400.0,1072810300.0,96186250.0,34261650.0,58555350.0,38288800.0,25851700.0,98013750.0,382716000.0,39304850.0,25207650.0,34911000.0,5097364450.0
PROJ_0997,5410200.0,8979750.0,29361750.0,73515300.0,317356000.0,285104500.0,390628000.0,308673400.0,34118750.0,13834350.0,59583400.0,48035800.0,18882850.0,57295000.0,187789500.0,57203300.0,38192050.0,37159500.0,1971123400.0
PROJ_0998,7438800.0,17490250.0,52890000.0,172549500.0,716516000.0,755820000.0,807902200.0,931597700.0,76570000.0,23482800.0,81321800.0,68345850.0,74171650.0,245725000.0,794232000.0,99196700.0,85489300.0,73624500.0,5084364050.0
PROJ_0999,5309700.0,8450500.0,27398250.0,83694000.0,359244000.0,439128000.0,363521200.0,488656900.0,38617500.0,15904350.0,42038400.0,27644050.0,40883150.0,122960000.0,365220000.0,56980600.0,34223800.0,51040500.0,2570914900.0
