id_proyek,P001,P002,F001,F002,F003,S001,S002,S003,D001,D002,A001,A002,FN001,FN002,FN003,M001,M002,M003
PROJ_0000,82.29,91.19,219.07,224.08,259.84,254.69,278.15,250.0,163.77,202.93,65.64,67.72,242.72,253.85,267.47,70.0,65.01,91.05
PROJ_0001,205.96,210.1,525.72,580.34,661.44,580.6,569.58,457.48,360.63,379.1,205.29,217.34,441.35,406.74,487.61,258.6,197.89,237.2
PROJ_0002,125.2,123.66,253.36,220.34,253.85,221.83,233.72,215.46,177.66,172.23,107.56,132.09,520.62,511.38,479.45,219.49,207.27,213.23
PROJ_0003,70.66,87.32,185.18,157.87,167.04,199.33,208.48,181.69,146.11,147.06,88.21,77.77,131.53,127.4,156.56,78.82,76.07,81.15
PROJ_0004,384.87,427.76,953.96,1006.67,1263.56,1417.2,1490.34,1429.68,1045.91,837.61,362.17,342.03,1179.09,1329.52,1060.72,385.6,346.28,327.21
PROJ_0005,526.84,493.91,943.77,768.92,906.92,943.83,771.56,765.76,719.87,579.77,745.8,547.85,2142.17,2251.58,1788.21,1092.58,1422.97,1087.01
PROJ_0006,413.09,413.53,766.03,943.77,942.43,889.49,1060.34,827.69,545.17,699.36,508.99,346.57,750.72,856.43,955.38,355.14,407.19,467.0
PROJ_0007,197.31,182.11,182.67,200.52,206.29,261.91,241.82,246.23,198.55,160.53,199.96,243.22,186.86,227.12,229.18,174.54,205.36,183.09
PROJ_0008,417.49,470.69,728.95,890.27,925.78,981.62,793.65,796.49,574.32,543.84,609.25,497.13,1062.51,1359.57,1145.86,583.18,619.53,756.3
PROJ_0009,464.19,368.78,1167.89,1141.31,1140.26,817.46,752.46,1052.23,615.37,698.94,460.36,355.0,927.69,980.29,910.19,407.2,479.83,421.58
PROJ_0010,268.99,276.41,269.44,224.21,207.55,241.29,269.81,270.07,202.48,187.78,273.12,285.49,220.18,268.18,262.44,247.26,214.48,273.93
PROJ_0011,416.38,382.8,1025.92,1049.24,826.98,1020.36,956.82,1155.11,588.95,678.55,438.12,348.0,1470.28,1256.68,1571.64,608.31,485.49,584.4
PROJ_0012,405.68,452.46,1384.54,1473.65,1054.33,1271.88,1553.6,1468.59,1039.77,856.28,407.66,497.38,1057.69,1248.06,1533.83,356.03,477.35,391.92
PROJ_0013,452.69,433.66,379.76,291.62,333.12,402.33,325.09,322.92,213.42,311.47,463.63,450.89,541.66,499.74,488.79,580.25,625.47,521.5
PROJ_0014,625.55,609.03,678.55,744.7,618.33,944.25,922.19,928.23,538.82,501.16,511.01,482.87,1530.72,1495.48,2158.65,898.48,923.82,1224.77
PROJ_0015,752.4,809.02,1227.48,1344.71,1231.0,1078.66,1160.19,1046.7,729.72,767.54,674.87,869.85,2197.4,2093.23,2183.45,1657.5,1358.97,1566.5
PROJ_0016,599.85,436.33,1161.31,969.22,930.98,1242.27,1344.33,1060.3,863.13,769.38,572.16,587.3,2740.85,2754.72,2241.83,1131.29,1123.4,1126.69
PROJ_0017,104.53,123.32,242.83,210.34,224.01,270.65,304.13,248.05,228.19,205.29,139.13,124.62,251.92,264.07,295.14,125.59,127.44,131.14
PROJ_0018,349.53,264.53,267.67,264.04,310.87,291.84,288.89,346.7,208.59,185.64,306.64,289.81,319.29,388.14,441.97,523.51,389.2,492.2
PROJ_0019,138.3,188.82,278.29,337.26,298.69,373.09,340.71,389.77,229.14,298.48,171.21,188.74,914.76,962.62,713.89,293.64,288.96,290.55
PROJ_0020,575.16,666.72,1997.98,1688.29,1763.29,1751.67,1796.36,1349.82,1126.31,1261.86,555.72,588.68,2493.59,2493.11,2427.18,934.91,758.07,775.35
PROJ_0021,739.73,743.65,1164.16,1225.1,1119.0,1170.93,993.91,992.68,658.93,677.98,882.98,757.76,2156.58,2671.04,2472.25,1173.89,1345.34,1264.4
PROJ_0022,726.65,622.45,753.29,749.64,941.81,811.28,1143.16,864.92,760.7,713.46,712.92,604.63,2556.11,2638.46,1834.05,1192.13,1589.02,1395.08
PROJ_0023,217.58,222.92,969.09,992.71,947.02,986.23,832.92,768.2,601.67,573.12,225.11,207.05,714.13,823.18,612.8,246.84,267.57,264.17
PROJ_0024,333.2,337.26,271.17,210.28,247.5,286.37,247.01,224.68,177.89,196.39,313.81,282.97,423.66,438.85,330.2,527.32,363.21,526.49
PROJ_0025,302.28,206.03,282.93,304.15,297.56,334.62,287.27,234.08,233.45,214.12,267.75,247.53,263.36,220.53,280.55,212.48,279.53,291.74
PROJ_0026,352.48,357.8,824.07,1058.32,974.09,928.74,852.61,870.16,702.51,838.99,422.26,342.12,1528.72,1271.39,1524.53,479.37,559.97,625.84
PROJ_0027,214.95,256.37,284.39,204.74,198.82,280.04,245.02,216.9,188.52,209.73,217.54,222.3,270.91,239.91,270.63,232.9,281.12,252.36
PROJ_0028,277.61,378.52,979.77,842.95,847.3,1163.59,886.43,990.0,673.78,768.65,316.76,330.87,897.26,799.81,1029.02,311.43,347.86,276.66
PROJ_0029,217.49,242.82,530.61,517.12,607.03,564.97,601.23,616.22,349.37,434.62,270.12,278.93,1134.16,1502.72,1588.9,436.81,561.9,596.99
PROJ_0030,259.92,317.11,898.37,999.66,1017.36,638.93,764.87,796.8,488.43,531.55,368.2,248.48,1046.24,1212.68,991.38,423.15,508.17,422.31
PROJ_0031,274.89,264.67,911.9,701.49,775.26,593.34,687.83,831.56,516.5,613.24,310.82,344.63,1844.4,1579.12,1470.27,736.71,616.59,652.93
PROJ_0032,262.53,192.85,405.97,358.28,421.92,426.92,520.03,423.26,377.47,319.42,221.58,220.98,1198.09,1087.73,1041.33,503.2,453.69,390.52
PROJ_0033,116.0,93.71,244.68,299.35,254.87,295.48,362.62,281.26,269.47,281.94,104.26,108.41,325.63,359.14,280.98,86.51,100.77,101.33
PROJ_0034,356.31,427.5,329.51,478.97,370.48,367.04,379.4,403.16,297.61,266.05,372.9,358.77,389.14,390.21,382.66,380.85,341.88,331.32
PROJ_0035,353.22,442.17,1439.18,1409.21,1205.03,1340.15,1225.15,1468.3,1064.32,1094.93,464.44,390.47,1331.42,1350.44,1110.83,469.85,335.93,480.28
PROJ_0036,422.16,319.01,809.62,620.02,844.35,938.52,872.54,957.85,511.55,554.96,392.45,332.02,1865.54,1726.09,1823.26,739.17,877.64,692.0
PROJ_0037,552.82,463.46,741.17,796.8,769.81,790.62,876.54,753.65,599.08,653.56,499.48,584.44,1077.81,1418.36,1329.98,850.39,813.3,613.84
PROJ_0038,409.29,351.54,608.74,558.18,488.91,696.07,502.57,609.17,470.2,355.77,448.91,486.59,1116.46,1356.61,1219.62,862.79,686.45,951.6
PROJ_0039,173.68,131.16,92.93,103.51,108.72,107.48,94.88,92.58,95.99,78.57,183.84,158.87,292.24,208.78,211.4,351.56,353.7,277.77
PROJ_0040,225.15,234.45,692.96,628.1,831.25,710.87,853.46,652.15,467.77,608.87,223.61,253.86,600.57,846.02,788.27,274.97,204.25,221.81
PROJ_0041,240.62,257.78,700.09,628.08,722.03,755.91,799.95,736.6,551.54,640.56,242.64,238.29,772.33,844.86,725.08,262.89,301.37,256.23
PROJ_0042,125.7,120.69,177.87,209.87,233.13,283.86,233.64,198.9,177.09,146.99,126.79,115.55,588.26,619.78,567.85,225.71,237.99,245.59
PROJ_0043,568.07,403.21,809.8,702.11,906.16,769.09,702.83,635.43,494.0,571.04,465.56,442.16,1906.1,1824.38,1451.86,907.76,1176.94,1072.44
PROJ_0044,122.17,108.0,143.47,127.27,170.26,140.24,137.61,187.35,147.21,137.6,123.38,124.1,380.04,362.64,393.39,227.56,243.19,271.26
PROJ_0045,254.46,176.61,405.21,370.55,399.67,356.3,338.71,430.53,282.78,330.69,187.08,190.24,510.46,441.85,480.6,380.54,281.51,280.13
PROJ_0046,304.2,295.26,406.68,374.57,445.5,370.74,420.99,466.3,361.63,298.76,323.74,260.88,855.11,815.24,1074.79,540.9,643.89,488.5
PROJ_0047,154.58,153.12,112.8,109.28,111.04,169.51,132.74,151.37,104.81,120.77,134.4,135.04,161.41,116.11,152.86,110.79,133.79,155.86
PROJ_0048,634.53,639.3,1347.13,1439.54,1408.59,1650.84,1612.07,1523.47,1097.78,1071.77,609.99,554.51,2564.21,2323.17,1905.04,962.03,1016.96,799.07
PROJ_0049,123.87,115.7,353.76,477.32,516.19,388.69,522.35,393.82,358.34,381.0,135.89,115.83,448.45,516.89,390.12,126.11,122.34,147.18
PROJ_0050,674.56,725.43,476.83,500.99,485.96,428.15,486.95,437.7,322.82,406.25,743.21,824.32,1046.52,1098.71,1076.92,1094.95,1162.19,1313.36
PROJ_0051,213.35,302.53,292.24,302.44,380.51,317.39,438.99,412.56,227.71,296.32,289.69,303.53,972.9,935.11,889.64,479.36,556.72,610.32
PROJ_0052,145.94,150.27,219.93,248.71,270.51,178.71,182.18,210.06,149.28,154.71,123.27,144.64,485.6,486.02,499.58,306.84,297.97,314.74
PROJ_0053,502.69,485.98,1497.42,1207.26,1306.06,1331.13,1513.14,1411.0,800.71,992.94,460.97,567.25,2030.67,1862.62,1861.12,671.83,702.76,822.8
PROJ_0054,367.65,340.17,511.54,442.88,462.89,434.22,469.93,582.94,360.74,321.82,303.23,336.72,1267.08,1072.5,1247.63,756.73,569.92,704.34
PROJ_0055,586.61,476.2,338.82,482.93,476.38,458.32,463.8,401.92,372.62,330.21,436.8,576.2,731.13,701.06,564.29,610.58,874.34,873.36
PROJ_0056,290.21,302.81,188.14,184.87,161.93,176.21,187.64,238.39,131.15,136.1,311.54,270.78,413.17,489.59,452.31,601.92,667.48,493.01
PROJ_0057,89.73,89.4,261.41,243.13,242.1,268.25,273.46,204.96,218.66,191.13,85.67,73.22,185.95,231.9,231.66,75.06,72.06,69.29
PROJ_0058,435.55,409.31,852.96,624.06,666.21,724.71,803.48,789.57,607.43,677.79,426.61,502.69,872.39,974.64,1061.37,524.97,676.62,692.29
PROJ_0059,181.28,166.09,412.46,379.54,323.33,304.91,385.51,434.95,212.87,270.08,193.67,199.0,839.92,864.57,889.92,377.38,280.14,386.26
PROJ_0060,381.7,534.34,391.26,413.47,377.53,506.75,483.77,448.88,369.43,362.09,521.43,545.07,499.74,400.24,432.45,548.87,393.52,453.45
PROJ_0061,422.54,423.72,831.0,919.29,846.69,869.87,641.82,677.38,600.64,512.95,382.85,337.64,829.04,809.69,715.94,398.19,326.14,358.18
PROJ_0062,99.33,129.31,255.21,262.35,260.12,294.3,221.59,291.54,185.95,175.19,115.73,105.89,206.89,202.61,188.25,112.84,130.53,118.88
PROJ_0063,264.7,255.0,517.52,463.95,592.82,507.83,627.54,637.56,432.58,480.97,256.6,322.74,1432.94,1469.34,1398.9,597.73,628.55,508.23
PROJ_0064,535.21,522.02,746.46,890.73,728.67,715.66,587.47,620.9,576.32,486.21,485.71,455.66,1579.68,1778.89,1835.53,787.47,979.46,938.55
PROJ_0065,79.47,74.4,145.84,150.29,156.99,167.27,165.34,188.46,133.55,113.88,85.14,86.75,130.93,157.03,138.95,83.27,68.06,81.21
PROJ_0066,174.1,193.86,682.91,551.51,666.02,760.95,732.4,551.78,522.43,376.52,184.76,221.62,622.72,586.58,553.03,217.11,209.18,190.56
PROJ_0067,793.12,611.45,793.5,966.21,1086.56,903.76,904.73,860.42,836.66,651.18,732.13,874.77,1839.1,2336.63,2296.23,1539.6,1291.64,1321.83
PROJ_0068,258.07,326.27,276.24,211.96,237.43,315.67,218.54,250.84,202.77,185.23,293.0,317.25,324.61,376.41,402.76,459.84,373.75,507.9
PROJ_0069,632.92,804.56,457.95,539.86,428.02,466.63,532.87,433.83,345.37,422.77,880.72,645.88,1397.81,1356.8,1391.8,1570.49,1556.36,1469.6
PROJ_0070,166.6,183.32,395.74,436.29,390.45,610.28,506.76,554.44,428.21,450.8,135.76,175.81,543.99,386.01,518.87,147.88,166.33,157.88
PROJ_0071,220.55,208.4,619.84,615.85,772.34,757.34,713.93,867.0,629.37,594.77,286.45,232.82,830.34,607.6,802.22,291.67,277.83,251.78
PROJ_0072,75.65,67.77,92.6,95.74,103.62,78.96,65.3,82.24,48.82,51.72,67.07,78.65,62.89,62.37,58.89,82.75,77.57,58.75
PROJ_0073,442.01,557.59,497.41,565.88,530.55,583.96,457.01,535.19,298.41,429.43,703.7,646.64,671.52,604.73,766.13,894.46,726.31,801.25
PROJ_0074,427.94,491.12,388.62,382.73,383.7,361.64,377.77,325.83,322.84,281.84,458.97,422.67,479.89,562.07,484.91,538.02,721.32,619.4
PROJ_0075,202.22,206.56,597.92,492.95,585.81,686.8,621.69,568.14,466.9,417.65,222.22,232.43,738.43,670.41,769.37,270.66,307.19,325.86
PROJ_0076,508.19,353.08,303.04,284.11,233.54,286.05,269.39,281.89,210.35,222.07,467.77,370.1,624.78,605.04,736.86,807.72,883.78,770.53
PROJ_0077,350.6,509.44,365.16,368.37,371.78,567.99,498.72,497.31,413.84,289.37,515.18,381.74,454.32,419.16,412.9,507.69,372.25,519.09
PROJ_0078,301.48,335.65,940.23,651.85,925.96,894.83,942.43,748.95,642.06,677.58,337.19,295.84,1066.41,1356.41,966.78,514.9,570.12,381.58
PROJ_0079,244.8,302.93,233.36,293.37,304.04,268.75,245.6,280.09,195.92,166.72,314.55,353.67,377.62,350.01,328.74,354.43,381.41,341.74
PROJ_0080,144.79,107.75,272.93,210.27,221.42,214.94,206.59,248.72,191.19,185.86,113.11,145.83,260.33,353.1,305.17,169.9,156.86,146.3
PROJ_0081,363.63,471.37,754.14,800.66,566.37,768.74,669.38,754.13,500.48,492.5,451.04,382.6,998.52,1071.99,860.64,711.08,607.99,684.13
PROJ_0082,492.99,503.41,840.91,890.13,809.17,775.87,715.01,887.58,511.79,555.12,414.7,512.94,1003.26,1212.27,1296.08,786.29,643.53,710.24
PROJ_0083,56.39,54.4,70.1,58.35,78.65,50.77,68.47,62.78,39.51,48.32,45.86,61.04,56.98,46.44,45.75,60.52,50.44,63.56
PROJ_0084,135.89,132.75,134.53,159.94,174.06,113.2,125.89,120.94,94.2,107.94,121.73,126.48,113.86,105.35,111.53,140.7,128.04,117.0
PROJ_0085,114.94,85.06,278.58,275.64,368.99,367.92,355.91,272.6,215.98,260.6,98.04,120.48,341.72,302.5,339.84,122.59,101.39,108.87
PROJ_0086,204.89,157.86,270.18,196.33,247.89,286.52,269.2,256.94,195.99,161.12,165.9,169.97,607.88,571.4,525.21,404.75,333.3,343.42
PROJ_0087,166.27,150.55,125.65,112.63,92.75,149.98,142.48,137.81,105.58,106.97,172.04,192.17,300.01,260.74,255.52,291.72,366.99,383.77
PROJ_0088,546.67,458.62,1047.94,1165.96,1210.25,1271.55,1252.27,1270.24,902.96,939.18,488.17,405.4,825.09,946.55,894.04,429.65,584.73,434.69
PROJ_0089,278.42,259.74,496.92,503.52,438.69,456.46,377.16,506.7,288.74,282.89,276.32,270.75,576.55,619.15,507.91,377.26,320.43,320.74
PROJ_0090,223.14,240.7,192.47,202.62,180.84,165.97,192.36,161.11,148.0,162.03,267.14,319.35,360.91,351.39,468.08,569.87,586.81,424.53
PROJ_0091,639.8,547.55,884.48,834.44,1150.47,871.69,1194.13,1114.92,840.22,833.04,713.47,545.07,1152.47,1496.75,1355.82,733.98,755.53,805.85
PROJ_0092,208.68,207.34,881.81,699.18,901.83,986.07,712.7,903.09,629.19,650.92,211.3,220.61,627.98,787.49,903.15,269.34,273.24,300.85
PROJ_0093,95.12,72.47,101.84,83.99,71.19,81.64,95.63,73.5,59.0,51.48,79.18,80.06,121.08,127.16,95.16,121.92,116.95,107.99
PROJ_0094,531.62,562.12,882.06,795.51,851.13,639.45,657.84,895.25,613.28,649.08,647.74,588.38,2032.2,1677.19,1390.51,858.85,878.39,872.51
PROJ_0095,531.67,610.7,525.76,488.0,404.39,569.48,488.01,417.17,343.73,351.27,557.01,688.68,779.96,761.76,604.48,952.19,907.88,744.31
PROJ_0096,364.8,342.13,560.07,484.94,578.2,530.36,546.6,538.6,542.61,419.68,351.49,346.55,998.16,882.69,1005.36,475.26,437.01,528.22
PROJ_0097,223.76,267.3,549.39,471.77,566.94,535.83,476.62,522.39,310.98,428.0,213.84,234.94,1223.66,974.5,991.83,514.42,395.3,472.63
PROJ_0098,269.42,256.67,504.29,636.69,680.04,542.41,750.1,657.62,486.91,499.49,311.51,324.84,572.19,583.69,535.41,242.53,306.97,234.27
PROJ_0099,217.55,200.21,209.43,252.26,251.28,254.6,219.8,255.89,179.94,208.06,246.55,238.19,237.76,283.58,263.5,238.71,237.01,193.73
PROJ_0100,240.11,189.24,552.25,734.26,665.54,551.31,555.22,545.43,509.11,405.7,239.36,239.65,623.27,640.55,561.06,168.42,223.38,171.51
PROJ_0101,564.35,625.42,726.1,878.2,976.93,1111.8,1033.6,1129.87,694.61,822.27,723.47,641.66,2655.62,2052.02,1827.63,1213.74,1280.85,1272.55
PROJ_0102,266.6,304.46,322.76,354.92,329.49,437.04,334.17,325.79,281.94,300.96,314.89,291.7,976.4,842.23,715.57,446.92,430.58,491.87
PROJ_0103,103.01,97.27,211.4,204.8,221.09,201.84,175.43,177.56,142.29,142.91,103.51,104.21,278.03,273.21,220.34,151.15,179.12,126.09
PROJ_0104,155.89,118.11,91.26,88.25,73.17,116.73,98.3,118.29,66.59,83.47,170.2,148.91,200.44,244.36,231.96,321.54,266.37,247.72
PROJ_0105,349.99,441.71,1217.01,830.0,1121.39,1317.47,933.9,949.83,881.24,866.84,366.84,502.6,1548.88,1784.44,1766.51,690.53,617.7,552.84
PROJ_0106,472.13,395.79,1502.78,1206.12,1419.31,1277.25,1429.65,1387.73,1184.67,1260.07,387.6,536.99,1616.91,1323.85,1502.87,452.65,405.85,476.4
PROJ_0107,85.12,117.44,198.85,191.87,174.25,191.31,223.25,168.14,112.93,139.37,102.93,102.65,204.72,264.82,230.93,133.9,124.87,144.7
PROJ_0108,842.96,684.18,522.96,538.08,454.45,605.86,578.0,549.52,312.47,317.8,934.11,868.96,1433.53,1416.32,985.98,1634.91,1435.39,1633.57
PROJ_0109,42.54,48.51,58.33,59.21,55.54,53.67,53.88,69.18,41.37,41.5,54.11,51.08,54.12,51.57,59.93,61.67,62.16,54.36
PROJ_0110,282.31,312.73,656.22,592.56,624.24,699.31,680.66,698.4,408.51,462.1,299.2,231.49,660.3,603.44,492.26,325.57,314.09,318.86
PROJ_0111,604.23,720.97,975.65,1038.9,808.58,979.87,1007.03,951.06,672.67,757.11,722.47,613.8,2491.54,2279.52,2515.84,1501.08,1474.63,1392.01
PROJ_0112,754.65,628.19,490.36,533.16,486.02,608.3,447.42,504.95,386.52,375.16,650.46,664.32,1367.73,1197.47,987.48,1166.34,1430.66,1251.88
PROJ_0113,517.22,534.47,852.1,991.25,823.86,968.98,1215.14,1070.15,882.85,680.75,445.5,472.45,948.38,1146.3,808.56,545.3,547.54,488.17
PROJ_0114,364.54,391.79,594.21,725.53,647.55,834.22,747.78,716.88,562.17,519.22,489.35,368.04,1156.04,1093.38,1112.25,579.21,661.86,538.12
PROJ_0115,170.14,131.85,426.34,451.97,429.16,485.23,573.27,458.74,405.86,306.58,170.37,171.99,443.83,503.11,538.72,172.52,147.25,153.03
PROJ_0116,158.76,130.95,133.46,110.82,133.57,109.26,107.04,156.96,109.27,109.78,182.63,150.88,163.28,152.08,178.59,190.21,251.52,171.7
PROJ_0117,48.01,50.32,49.26,49.86,59.5,57.35,64.43,71.22,46.64,48.29,52.99,48.38,51.98,66.4,58.73,51.02,54.9,63.52
PROJ_0118,621.21,596.12,1679.16,1555.36,1538.07,1401.89,1348.51,1898.28,1210.03,1124.74,652.95,519.99,2463.72,1935.13,2448.37,885.0,794.98,708.95
PROJ_0119,505.72,390.89,442.21,593.95,506.48,472.04,443.93,564.86,330.08,317.56,414.74,395.69,416.25,374.1,387.67,434.1,517.15,369.49
PROJ_0120,454.57,597.49,1781.17,1651.4,1380.85,1367.1,1249.25,1202.57,977.89,1058.35,525.23,581.07,1769.03,1807.24,2149.93,886.98,715.56,792.44
PROJ_0121,615.1,554.4,591.38,468.94,523.95,492.44,432.53,414.72,338.11,425.13,753.16,685.85,917.51,1170.12,941.52,1372.97,1486.05,1308.74
PROJ_0122,349.05,310.79,204.91,245.92,291.79,249.81,286.54,298.82,166.84,174.32,377.48,432.34,617.08,691.75,725.5,837.44,908.45,836.22
PROJ_0123,449.5,446.38,860.58,883.13,925.01,858.2,914.75,871.98,718.92,613.09,444.39,441.18,933.59,708.86,854.07,434.49,462.76,458.13
PROJ_0124,232.65,233.16,391.85,537.87,407.71,541.9,556.03,485.51,319.83,316.61,258.23,226.97,377.9,491.24,406.83,260.03,208.79,198.9
PROJ_0125,65.88,79.36,278.8,312.99,280.37,244.41,235.85,237.57,222.05,164.2,94.43,73.53,197.98,213.18,195.14,88.16,79.4,73.85
PROJ_0126,270.89,267.69,249.3,251.11,227.32,262.85,260.48,232.39,183.47,140.99,304.04,326.51,265.21,360.75,373.08,339.81,385.39,446.91
PROJ_0127,556.52,400.04,1589.81,1826.1,1503.55,1442.29,1255.25,1336.04,1156.12,1197.07,498.0,522.33,1362.22,1282.25,1136.79,414.85,434.73,409.5
PROJ_0128,48.48,51.78,53.32,52.59,58.71,61.56,56.49,47.03,41.03,32.99,63.2,62.15,72.83,68.39,80.57,102.27,99.67,94.6
PROJ_0129,512.95,410.44,1375.63,1285.73,1147.18,1293.63,1631.38,1458.41,1000.66,1059.27,528.42,540.77,1735.6,1848.92,2035.14,618.35,847.23,692.02
PROJ_0130,614.84,605.71,405.32,398.52,452.15,421.6,459.25,454.73,273.36,279.11,592.62,556.85,904.1,913.35,994.68,1017.6,1285.49,1117.37
PROJ_0131,339.9,261.43,930.68,764.23,1008.28,971.42,1222.41,963.3,772.83,680.47,329.09,309.86,893.25,830.35,795.62,266.26,376.68,302.99
PROJ_0132,67.26,99.22,54.3,65.01,73.05,71.82,66.85,60.7,53.3,36.54,107.05,102.12,164.02,126.27,119.98,178.97,169.07,169.56
PROJ_0133,209.4,187.6,496.42,515.53,458.27,518.0,506.43,664.02,464.81,434.81,170.0,191.06,604.21,618.89,547.1,201.9,179.81,177.18
PROJ_0134,316.34,263.46,529.02,508.92,556.13,618.09,646.17,590.32,391.76,506.4,276.27,344.21,1218.46,1413.15,1400.21,624.57,472.26,642.51
PROJ_0135,407.05,415.85,538.18,436.52,535.38,533.84,552.5,624.76,428.41,359.03,355.57,374.88,1174.31,1398.05,1167.31,926.76,710.66,672.51
PROJ_0136,809.23,645.91,455.01,555.11,552.36,560.25,426.95,535.16,448.6,442.27,632.14,719.17,1085.99,998.84,1263.86,1279.72,1319.69,1176.45
PROJ_0137,141.88,122.58,138.14,121.74,167.78,134.02,157.57,137.27,94.35,100.07,116.71,121.52,141.63,150.62,118.56,138.65,146.61,126.9
PROJ_0138,62.62,54.7,117.22,130.24,157.9,174.02,173.06,140.73,87.89,98.15,63.01,56.72,276.57,323.82,308.84,115.12,143.41,124.46
PROJ_0139,125.94,98.96,93.41,80.38,91.83,87.13,87.5,105.74,66.65,63.95,140.16,97.74,141.6,140.66,124.23,162.47,138.29,180.26
PROJ_0140,621.19,613.27,1294.48,1623.01,1563.78,1812.69,1631.28,1638.02,1109.47,1299.66,748.84,702.37,3691.24,3559.5,2969.38,1338.01,1293.61,1591.95
PROJ_0141,435.33,516.34,595.94,671.85,521.01,784.98,665.78,606.53,437.54,442.14,461.98,530.46,1799.26,1628.11,1553.77,896.19,1035.12,1042.97
PROJ_0142,601.23,774.39,1256.0,1468.36,1555.8,1559.58,1246.87,1491.79,888.87,1170.1,638.04,753.8,3815.13,2859.3,3137.04,1388.15,1268.87,1140.48
PROJ_0143,357.44,423.95,388.9,377.86,316.54,395.74,382.62,367.24,320.53,271.25,484.76,557.87,559.15,576.27,456.53,575.55,555.16,730.57
PROJ_0144,475.3,366.45,446.34,467.24,521.12,483.35,495.33,535.6,307.72,356.49,429.01,386.46,487.28,351.2,454.53,457.19,488.61,422.11
PROJ_0145,129.55,157.79,206.15,186.02,205.93,185.6,211.93,234.49,137.97,147.82,175.65,166.55,536.99,443.66,557.35,240.23,281.09,276.69
PROJ_0146,98.06,101.92,159.5,153.41,141.76,161.26,161.2,129.79,116.94,133.43,102.84,106.13,209.41,221.54,178.13,125.25,130.06,118.53
PROJ_0147,170.62,225.99,170.46,169.1,157.5,195.41,187.73,190.5,144.53,112.35,264.6,188.47,257.35,231.77,265.0,287.31,360.36,301.94
PROJ_0148,429.06,365.67,437.81,521.22,549.91,586.55,706.38,645.53,519.57,398.06,483.73,443.24,1415.57,1618.33,1438.46,942.7,886.41,691.83
PROJ_0149,620.65,571.19,1118.48,1075.58,806.3,899.49,872.38,1050.95,637.88,834.97,635.74,706.36,1310.43,1448.0,1217.13,994.84,750.12,725.06
PROJ_0150,636.38,809.88,1458.57,1810.86,1902.12,1746.72,1390.51,1308.97,1130.76,1017.02,830.94,725.48,3534.42,3049.76,3704.98,1261.48,1546.31,1195.48
PROJ_0151,83.92,75.7,98.44,90.88,105.33,89.04,91.75,118.82,78.3,65.47,76.9,67.85,279.76,191.08,256.84,156.4,116.59,122.49
PROJ_0152,148.78,178.97,211.08,220.92,231.55,258.83,226.63,229.6,180.91,150.65,189.99,134.5,456.72,582.44,486.77,268.3,272.91,315.84
PROJ_0153,96.77,70.4,207.11,251.45,301.53,255.7,332.02,324.0,186.3,229.86,91.32,85.4,247.14,287.18,284.89,93.74,101.94,84.27
PROJ_0154,430.02,438.53,813.16,750.83,884.18,962.83,771.52,910.01,492.04,577.35,400.7,326.28,887.52,660.68,891.56,339.55,458.72,399.05
PROJ_0155,403.53,399.84,401.7,501.4,543.93,511.73,520.65,551.41,392.32,416.33,478.54,525.4,580.28,455.02,389.56,411.52,494.36,453.85
PROJ_0156,211.68,189.18,362.93,402.92,325.24,446.65,317.28,414.96,338.08,321.16,219.16,184.09,1016.73,918.3,942.67,296.48,317.02,367.34
PROJ_0157,404.18,538.2,929.27,955.54,687.7,1058.06,744.18,890.46,743.46,541.92,429.24,430.67,1232.53,1379.93,1044.14,625.66,756.39,657.96
PROJ_0158,432.47,467.22,1095.35,1139.36,997.76,1233.76,950.87,900.97,841.41,650.06,496.35,461.87,1753.61,1374.45,1476.78,651.43,532.88,603.94
PROJ_0159,46.81,52.43,115.94,89.47,104.56,100.24,83.12,94.17,64.32,59.67,44.21,38.12,91.19,76.37,95.87,38.64,50.97,35.66
PROJ_0160,204.58,188.21,451.25,501.24,576.36,650.34,513.81,480.57,441.32,418.9,193.43,242.57,766.26,807.16,717.71,296.79,265.3,335.41
PROJ_0161,524.15,675.13,1087.87,1067.88,785.15,810.14,879.72,925.05,756.66,615.76,745.21,560.76,1920.74,1662.35,2221.42,1045.22,1096.91,1348.76
PROJ_0162,290.48,230.8,305.94,383.63,352.2,366.47,439.29,374.56,316.87,290.84,267.31,261.36,854.48,775.4,881.7,665.13,648.95,543.66
PROJ_0163,391.94,390.65,1076.05,850.68,873.55,963.16,853.98,968.56,875.81,886.18,347.75,405.19,1358.8,1420.43,1457.72,461.1,648.71,678.71
PROJ_0164,612.94,614.56,778.62,718.96,661.89,875.48,692.83,956.94,596.51,595.0,573.41,731.65,1674.69,1656.51,1667.46,1228.24,1382.26,1032.79
PROJ_0165,395.75,310.35,240.43,185.28,226.61,265.14,253.33,223.51,205.46,215.75,357.27,382.95,633.42,508.82,650.23,621.13,756.14,575.34
PROJ_0166,425.64,471.25,939.27,1060.36,1114.56,862.27,929.45,964.73,737.73,742.19,531.25,515.32,751.01,913.27,973.92,457.63,396.3,445.93
PROJ_0167,391.27,354.94,1117.96,941.56,1050.09,1122.42,1283.79,946.76,686.04,746.41,427.31,403.99,1681.12,1366.02,1268.38,587.42,674.93,693.71
PROJ_0168,267.32,250.16,355.23,349.65,291.36,365.88,397.42,332.37,276.86,258.87,261.13,218.03,869.19,934.21,698.11,462.81,400.72,397.0
PROJ_0169,215.26,179.53,169.6,163.79,214.56,148.65,179.9,150.73,99.38,128.8,156.13,208.71,202.53,247.15,249.28,294.2,218.64,292.0
PROJ_0170,891.66,668.75,1356.36,1677.99,1288.46,1745.45,1807.41,1336.46,1218.45,1229.0,732.68,914.91,3224.66,3525.01,4247.37,1306.5,1682.67,1239.96
PROJ_0171,494.66,412.41,1596.46,1663.64,1698.97,1629.2,1460.2,1513.24,995.89,1157.64,569.15,620.77,1665.86,1860.57,2034.26,656.59,659.16,887.69
PROJ_0172,650.04,582.54,415.0,426.73,466.91,572.33,584.77,519.2,384.47,330.63,813.72,631.63,937.34,1323.1,1274.54,1230.15,1428.54,1317.39
PROJ_0173,289.0,284.47,637.73,761.12,730.46,687.54,606.3,804.24,525.19,577.14,262.39,326.28,708.95,579.93,546.15,281.77,282.75,304.43
PROJ_0174,174.45,170.35,397.28,307.95,351.05,443.81,359.02,366.45,264.08,240.11,197.9,163.12,852.35,1123.05,1094.4,332.26,346.5,369.56
PROJ_0175,203.66,200.67,548.06,547.6,622.94,678.15,680.98,497.93,442.37,370.43,192.33,208.82,527.28,447.45,554.02,172.45,201.26,167.57
PROJ_0176,634.78,502.03,1190.95,1273.18,1123.27,1385.17,1615.22,1300.79,932.38,941.66,496.95,687.61,2437.73,1694.55,2285.34,906.54,992.58,777.61
PROJ_0177,102.39,109.9,127.97,122.24,110.73,110.61,134.39,140.67,86.01,95.64,107.53,111.04,113.12,124.35,133.39,109.51,104.94,106.34
PROJ_0178,310.35,334.07,252.88,294.26,262.68,312.82,372.44,299.43,253.25,281.3,404.45,345.65,426.28,470.93,455.7,468.74,533.79,554.8
PROJ_0179,96.86,111.6,147.4,166.37,199.66,176.95,204.04,188.75,131.95,166.1,108.45,103.51,310.71,293.27,286.42,131.33,136.57,169.06
PROJ_0180,386.03,388.86,404.64,332.83,301.62,326.15,391.3,419.16,334.17,245.87,415.79,478.84,516.32,542.19,638.63,666.97,632.95,783.47
PROJ_0181,144.98,205.83,351.23,351.53,410.24,387.23,376.59,350.96,298.64,288.62,165.81,202.88,928.07,841.46,703.54,343.5,281.65,291.33
PROJ_0182,228.48,195.7,427.83,499.23,434.02,619.91,603.09,534.64,446.23,431.35,217.98,258.46,401.72,504.7,468.32,189.58,213.78,277.81
PROJ_0183,390.17,367.53,921.39,1044.24,1197.32,1277.84,1129.04,1023.35,689.44,829.81,513.75,498.22,1521.75,1639.33,1539.22,651.77,636.22,677.53
PROJ_0184,505.55,592.83,407.91,338.67,375.71,462.11,469.5,471.68,364.84,305.71,582.01,590.56,607.64,605.35,549.09,729.99,842.73,879.67
PROJ_0185,336.13,298.0,1042.87,1065.37,906.76,1007.38,739.07,716.63,550.27,558.84,404.2,340.47,1105.62,1180.53,1163.89,447.4,415.61,516.31
PROJ_0186,413.3,536.88,1064.74,1320.89,1356.78,1130.59,1110.07,1569.05,952.9,1017.59,423.99,477.53,1817.42,2093.66,1647.7,805.25,772.47,613.77
PROJ_0187,77.06,75.19,109.43,118.06,109.02,110.61,132.85,127.36,90.29,91.55,79.63,96.07,267.4,264.71,240.77,174.51,174.9,157.27
PROJ_0188,614.98,611.89,453.53,579.54,514.77,591.3,438.6,449.54,350.1,325.24,627.13,577.95,596.97,673.71,776.51,900.72,806.02,738.18
PROJ_0189,158.0,208.63,327.39,310.72,347.84,281.93,356.45,294.56,204.93,238.28,187.46,230.94,421.11,510.06,498.09,290.06,317.51,261.79
PROJ_0190,454.99,411.44,866.61,1096.62,942.24,980.75,928.29,1040.9,827.6,696.62,525.07,500.71,1061.5,857.15,1001.9,410.07,450.07,518.72
PROJ_0191,73.27,60.91,66.31,47.64,60.21,76.15,64.6,71.47,48.17,51.65,80.09,81.16,77.53,95.42,77.88,124.47,93.03,93.4
PROJ_0192,638.06,500.63,878.26,1009.85,803.05,883.49,1017.42,918.12,665.33,597.95,573.17,560.55,1133.38,1462.65,1465.67,693.3,775.75,961.82
PROJ_0193,102.87,96.09,81.84,73.31,93.35,106.42,106.3,81.22,61.37,57.39,99.58,100.68,131.13,109.04,145.39,125.68,119.93,170.61
PROJ_0194,110.31,96.1,88.25,75.6,73.73,92.42,88.01,97.81,60.33,72.43,122.3,95.77,104.24,124.42,141.48,162.23,165.36,147.05
PROJ_0195,623.55,706.37,1230.04,1521.24,1225.91,1406.38,1538.52,1526.34,1161.02,1088.08,868.84,845.16,4016.36,3668.18,3675.84,1455.93,1358.67,1295.74
PROJ_0196,439.6,343.53,1021.39,1450.92,1041.22,1413.08,1463.56,1230.27,1178.68,891.46,489.21,468.6,1140.09,1094.3,1178.5,406.69,380.89,508.61
PROJ_0197,607.36,771.06,392.1,541.21,404.16,483.76,511.1,423.55,409.23,330.47,740.72,740.82,1181.6,933.19,984.55,1177.42,1254.16,1168.55
PROJ_0198,215.05,184.95,695.14,624.64,603.11,607.97,557.25,569.22,433.25,442.61,219.65,163.64,549.35,474.61,518.88,199.99,160.04,189.99
PROJ_0199,575.66,488.69,931.54,766.56,884.18,844.16,1026.2,800.2,612.9,700.97,595.48,600.74,2377.89,2029.16,2135.37,1259.35,1347.22,1363.37
PROJ_0200,493.68,441.93,779.18,1007.07,1088.37,1038.34,917.23,969.51,773.48,874.15,446.16,536.64,2651.49,2827.41,2038.39,1127.25,1002.09,1065.73
PROJ_0201,80.51,98.24,308.42,271.28,285.96,330.42,330.2,264.14,229.51,208.28,114.33,116.68,270.44,255.8,261.01,97.13,112.68,98.0
PROJ_0202,182.52,181.14,395.58,504.88,465.57,417.25,377.53,476.91,276.01,335.66,278.59,238.9,642.53,505.45,590.17,278.12,329.53,295.35
PROJ_0203,428.72,416.45,1207.94,1345.52,1275.74,1315.6,1709.65,1680.11,883.59,1003.91,596.41,615.47,1844.35,2140.45,1655.56,726.97,846.88,818.58
PROJ_0204,679.23,490.02,694.07,653.88,699.72,703.74,879.28,887.74,678.72,609.01,511.54,682.8,1639.32,2287.2,1614.08,1211.59,1386.09,1231.71
PROJ_0205,519.6,534.18,281.86,355.23,382.51,434.47,356.88,342.49,292.51,270.15,479.63,461.54,720.52,816.45,720.48,804.66,817.55,1167.27
PROJ_0206,79.6,79.61,62.75,57.47,75.84,81.97,67.72,68.96,48.64,41.74,93.92,86.94,134.55,163.9,134.32,161.51,190.5,187.57
PROJ_0207,329.62,309.09,225.44,229.85,287.87,329.68,272.06,271.96,223.07,216.04,359.25,346.67,626.47,659.16,549.65,707.25,711.15,697.38
PROJ_0208,466.56,503.02,317.19,278.26,265.81,392.35,344.72,286.72,228.34,283.54,556.51,581.61,822.26,765.64,766.82,831.96,1005.18,980.26
PROJ_0209,177.56,237.78,390.32,337.8,383.63,520.25,528.79,451.46,389.76,379.07,232.8,235.64,392.53,454.27,424.75,224.1,179.45,225.07
PROJ_0210,535.21,416.69,450.31,358.66,331.72,350.39,461.97,423.79,278.33,314.68,457.19,479.98,647.53,603.54,624.86,701.26,811.99,608.41
PROJ_0211,230.21,212.94,216.58,221.61,231.16,217.85,187.7,245.53,203.43,155.66,240.76,251.54,308.51,286.32,298.53,402.7,357.95,365.73
PROJ_0212,177.48,253.86,139.6,135.03,121.02,168.06,182.71,130.23,99.54,99.59,241.49,271.09,353.48,339.85,401.05,477.21,390.94,375.98
PROJ_0213,448.93,528.47,1539.42,1522.74,1616.17,1430.77,1470.07,1283.24,1310.9,1180.07,437.56,394.02,1555.61,1570.08,1522.92,419.6,554.68,524.2
PROJ_0214,551.11,549.7,1003.75,1012.02,897.05,918.72,898.6,1071.7,731.18,574.32,481.22,651.5,1495.32,1530.23,1258.6,865.95,879.69,720.27
PROJ_0215,193.6,270.45,305.34,390.64,398.59,443.68,373.17,450.26,266.68,340.39,216.94,263.63,627.94,493.83,504.89,376.18,282.36,296.54
PROJ_0216,566.93,676.52,1478.72,1378.17,1719.12,1564.26,1545.23,1531.2,1067.67,1073.91,672.28,510.45,2321.92,1905.8,2064.25,743.39,884.07,945.23
PROJ_0217,382.02,350.99,361.23,457.21,367.9,412.65,346.7,325.51,294.99,267.0,357.02,520.24,435.56,477.27,483.64,605.83,677.87,488.2
PROJ_0218,342.51,309.05,689.27,658.14,683.94,668.35,605.73,627.73,496.73,453.55,319.06,244.33,661.08,514.9,687.71,251.77,248.69,328.43
PROJ_0219,370.94,360.42,389.61,298.8,371.99,340.48,367.31,354.03,211.18,271.04,361.57,286.17,385.81,333.0,286.66,348.21,288.46,271.56
PROJ_0220,150.81,118.54,354.86,461.63,346.26,433.94,431.84,330.72,282.86,235.49,160.17,125.51,620.11,464.95,565.02,179.29,186.14,206.47
PROJ_0221,159.33,185.69,209.08,206.43,242.56,268.61,327.37,330.64,237.82,176.94,161.8,184.19,357.99,412.27,346.31,215.8,265.68,209.03
PROJ_0222,478.44,372.23,653.19,727.88,700.86,890.12,750.18,932.46,742.41,610.1,373.33,413.19,2248.28,2091.33,1695.62,819.0,796.7,751.19
PROJ_0223,81.87,115.67,253.29,255.24,249.75,329.09,312.89,288.03,226.23,248.96,88.53,113.11,268.46,255.87,343.91,109.05,90.91,110.25
PROJ_0224,500.24,466.07,375.96,364.39,304.24,379.64,345.08,291.43,313.72,270.06,550.45,550.76,844.26,758.01,983.59,1041.33,1060.89,975.04
PROJ_0225,510.65,460.76,699.43,647.61,792.24,942.47,753.83,763.69,635.76,511.7,697.44,562.78,1563.29,1617.96,2181.96,1003.11,1188.44,962.51
PROJ_0226,243.98,320.17,716.58,673.46,834.41,1050.51,853.55,780.95,795.9,714.37,317.0,306.04,900.13,795.49,775.4,302.13,302.1,328.11
PROJ_0227,101.72,90.87,295.76,310.51,288.3,364.75,337.76,262.59,244.24,250.3,115.44,95.58,305.85,294.03,300.76,81.87,114.73,115.25
PROJ_0228,139.43,139.89,337.77,426.48,398.77,407.66,308.05,407.93,250.28,290.2,155.74,132.01,500.78,581.87,534.67,169.8,200.51,189.75
PROJ_0229,492.93,487.88,500.19,648.79,680.43,757.75,563.5,630.47,481.93,433.86,481.82,412.24,1314.42,1659.93,1407.32,1011.9,764.35,956.4
PROJ_0230,714.56,835.74,1663.69,1419.63,1567.33,1464.3,1696.26,1368.14,1163.94,1043.52,918.99,779.24,3870.62,3526.41,3419.38,1316.46,1740.13,1672.96
PROJ_0231,606.7,781.17,458.55,382.12,479.38,444.24,460.9,562.29,342.36,438.64,806.08,859.2,1239.6,1359.83,1119.44,1449.95,1431.04,1651.68
PROJ_0232,384.49,457.86,815.31,701.53,848.8,772.65,707.63,841.37,573.19,477.2,398.24,422.37,1229.58,1284.07,1130.26,560.92,675.17,760.73
PROJ_0233,87.98,73.32,163.11,222.77,219.19,144.58,198.79,147.64,105.64,141.24,81.16,77.27,185.85,181.72,131.69,83.71,88.71,81.62
PROJ_0234,134.83,121.41,95.11,99.36,127.75,149.0,104.33,104.43,99.92,74.65,93.5,130.57,126.58,130.25,119.8,104.98,131.37,103.9
PROJ_0235,271.24,344.06,383.46,414.2,308.38,387.11,342.58,349.83,277.88,227.03,324.17,314.73,332.3,345.32,319.46,246.46,260.23,352.11
PROJ_0236,455.98,455.79,417.14,487.93,565.18,620.17,469.91,587.87,351.09,408.49,366.95,336.39,1064.97,1490.38,1405.26,900.66,758.78,741.36
PROJ_0237,262.25,290.93,784.48,916.16,934.52,1055.32,823.02,927.32,593.39,543.78,301.11,283.45,908.7,696.43,999.31,332.97,274.11,318.71
PROJ_0238,497.53,607.08,1915.49,1872.54,1870.62,1502.05,1719.74,1640.9,945.78,937.68,665.93,630.74,2095.11,2417.68,2211.72,797.05,802.97,866.61
PROJ_0239,291.49,270.8,264.93,287.96,285.68,328.77,239.59,320.02,212.36,175.27,282.9,286.87,266.5,295.03,242.91,232.52,248.24,254.5
PROJ_0240,107.84,113.82,326.51,260.88,283.95,284.91,354.65,296.76,242.44,268.02,106.84,91.93,279.94,318.4,305.94,83.86,114.96,100.5
PROJ_0241,135.05,120.03,259.57,254.74,247.96,308.4,295.77,347.05,256.96,193.89,122.31,162.22,817.6,781.76,552.47,245.84,223.13,308.03
PROJ_0242,382.05,372.03,378.06,333.36,385.04,330.59,430.77,445.17,316.49,276.12,418.29,401.9,314.99,324.88,390.29,338.83,313.68,318.94
PROJ_0243,354.47,405.56,1066.94,890.58,1109.95,1026.73,1040.48,1000.84,911.77,968.92,441.97,362.09,1387.54,1324.61,1744.89,511.87,728.33,635.53
PROJ_0244,559.54,632.8,1126.51,1542.99,1175.99,1736.17,1545.73,1259.68,1259.32,901.1,514.83,673.6,2054.22,2401.35,2196.37,874.58,764.14,711.28
PROJ_0245,493.21,350.58,1053.08,946.3,942.79,1188.42,1281.57,1272.06,955.66,763.81,444.92,362.56,1715.69,1438.04,1599.91,541.98,704.4,703.87
PROJ_0246,435.07,309.35,1357.38,1019.59,1047.56,1122.33,1131.41,1273.68,812.78,868.65,401.53,428.81,1221.43,1176.78,974.21,425.8,308.04,342.35
PROJ_0247,320.08,415.05,737.04,825.32,730.4,840.65,841.41,700.24,605.03,657.52,396.17,322.91,830.3,718.52,626.89,335.41,388.62,359.5
PROJ_0248,435.41,362.09,1075.4,886.79,1016.48,995.18,848.11,727.68,655.56,774.49,479.79,358.92,890.64,757.89,698.2,430.81,404.14,410.34
PROJ_0249,204.7,169.17,193.1,171.31,147.89,189.39,234.94,197.77,122.11,155.68,214.55,210.54,186.21,172.04,186.84,203.87,207.15,204.08
PROJ_0250,710.12,612.77,495.34,415.76,397.35,529.92,563.15,605.31,429.22,440.7,851.43,833.9,968.89,1265.78,1022.07,1190.73,1247.27,1632.99
PROJ_0251,619.01,665.24,1120.1,1087.87,801.98,1190.5,1174.06,1187.48,647.23,636.73,714.58,531.28,1335.9,1385.18,1198.19,683.78,1013.2,973.46
PROJ_0252,660.52,518.14,671.36,733.58,741.88,667.14,924.49,996.81,611.74,577.77,578.85,507.08,1713.22,1891.61,1838.48,1154.43,1292.34,1009.37
PROJ_0253,455.01,457.38,319.27,384.54,420.1,475.05,433.63,395.46,257.85,287.4,558.29,686.97,930.03,832.6,856.01,958.85,1309.86,920.2
PROJ_0254,383.25,415.64,1605.57,1441.4,1499.88,1481.41,1299.79,1794.58,1001.61,929.03,489.84,396.66,1197.1,1599.58,1423.21,426.78,447.18,519.65
PROJ_0255,493.45,505.42,833.02,830.06,946.43,831.66,723.27,888.75,672.04,545.0,650.27,559.82,2264.41,2256.79,1933.98,1416.92,1423.14,1016.93
PROJ_0256,94.71,104.01,200.14,228.73,217.07,259.78,212.22,243.12,152.75,136.44,114.53,80.02,164.48,189.15,214.95,93.67,82.65,92.71
PROJ_0257,442.71,395.47,499.86,417.4,451.09,572.93,591.13,490.99,367.45,354.47,583.1,431.97,430.52,482.16,431.73,425.3,413.31,520.64
PROJ_0258,536.63,544.45,1424.37,1194.82,1498.9,1544.15,1584.55,1537.23,969.04,938.05,539.16,466.72,1888.47,1574.04,1543.84,903.37,828.75,789.46
PROJ_0259,84.28,92.54,104.1,95.49,93.69,97.42,92.89,106.86,85.85,69.83,86.12,87.41,87.32,107.66,97.44,84.93,85.37,87.51
PROJ_0260,541.36,671.89,996.35,942.91,779.12,1063.5,1060.15,882.03,743.64,740.26,805.14,605.62,1944.63,2202.57,1811.11,1284.13,1482.22,1142.26
PROJ_0261,90.53,110.02,184.44,183.88,188.33,176.98,173.83,216.76,141.06,134.83,74.76,104.73,149.58,202.4,175.31,95.63,82.71,79.32
PROJ_0262,77.52,82.49,134.36,149.11,149.61,149.18,172.68,144.46,122.88,103.47,81.13,75.45,375.19,372.36,444.91,152.38,172.49,136.21
PROJ_0263,38.57,34.03,39.7,43.77,46.55,46.29,47.63,39.28,26.73,36.63,35.54,34.3,48.18,48.6,42.91,39.01,46.47,36.16
PROJ_0264,432.63,419.74,1556.08,1559.86,1416.21,1033.67,1215.58,1099.58,1027.49,761.61,396.32,521.74,1638.3,1895.46,1385.44,748.22,544.21,541.74
PROJ_0265,170.32,153.71,538.46,420.56,422.55,622.77,504.71,606.62,456.71,342.01,191.67,156.97,496.07,433.19,589.3,177.2,173.32,205.42
PROJ_0266,254.93,315.67,395.99,426.39,423.38,479.04,341.41,447.81,326.67,308.02,265.44,345.38,802.41,909.85,917.82,472.14,594.6,456.21
PROJ_0267,189.59,200.54,330.8,381.49,303.67,440.78,457.21,333.41,303.21,282.26,178.22,190.54,350.41,366.13,314.11,167.45,201.71,148.54
PROJ_0268,589.13,495.4,1291.19,1169.85,1090.02,1122.57,1215.89,1475.73,910.54,896.13,664.38,575.54,2752.7,2650.1,2439.14,1230.98,1303.21,1317.98
PROJ_0269,150.38,127.98,158.97,183.6,205.65,208.78,191.01,205.86,154.37,162.54,153.86,135.48,395.61,434.98,405.1,307.22,261.83,258.08
PROJ_0270,52.6,59.12,169.35,143.07,192.81,174.38,179.82,163.04,137.27,145.26,64.54,45.96,199.81,181.7,153.5,49.38,51.43,64.42
PROJ_0271,229.6,246.77,542.23,575.55,532.78,606.9,479.09,634.3,364.84,341.22,318.1,235.31,1070.46,1315.64,1161.75,427.52,521.26,552.9
PROJ_0272,62.57,48.28,57.27,63.03,48.41,54.4,49.34,62.21,39.33,48.82,66.35,49.48,59.34,49.55,45.2,61.79,54.52,66.01
PROJ_0273,758.77,645.95,586.77,527.64,689.35,590.81,514.04,555.01,426.26,444.37,664.32,645.91,1055.11,1195.1,1230.89,1279.31,1443.8,1462.04
PROJ_0274,125.28,173.25,205.85,189.17,198.55,201.61,248.67,224.34,158.08,184.43,179.81,178.22,440.67,426.32,532.64,293.27,318.83,327.96
PROJ_0275,84.83,84.44,276.18,252.09,295.75,279.18,251.26,276.85,185.57,200.54,89.09,109.66,376.32,314.15,354.26,158.3,124.71,151.68
PROJ_0276,515.17,499.87,418.83,454.7,521.76,492.73,405.75,392.4,389.3,338.14,391.84,409.43,480.89,429.94,500.27,476.97,518.67,503.76
PROJ_0277,132.57,156.35,237.62,351.75,265.89,344.72,368.57,279.48,267.93,189.31,143.59,145.36,279.19,304.16,342.79,136.83,151.66,169.19
PROJ_0278,575.01,423.17,1525.54,1060.98,1342.01,1468.57,1588.91,1225.13,903.83,1141.35,482.86,554.74,2124.13,2061.61,1718.97,716.62,923.47,761.63
PROJ_0279,155.79,169.13,119.0,152.37,116.98,113.24,140.42,116.43,92.42,121.61,219.83,166.68,310.98,275.8,269.61,394.27,381.86,418.01
PROJ_0280,236.01,183.33,477.03,410.94,368.64,425.73,304.52,382.9,296.11,248.06,253.13,198.04,579.33,424.02,440.63,291.43,349.34,262.5
PROJ_0281,71.77,55.65,51.01,48.94,44.06,67.37,55.79,61.55,42.85,41.63,70.75,78.37,84.22,79.01,82.53,97.58,91.1,98.27
PROJ_0282,126.67,142.95,128.26,127.87,121.86,123.64,130.65,103.5,85.67,78.01,112.52,166.61,185.58,162.89,146.07,209.41,189.33,217.99
PROJ_0283,456.41,357.44,853.77,862.51,796.31,1001.76,844.17,884.75,691.32,657.29,450.37,347.09,1635.34,1267.37,1203.16,458.79,619.72,515.05
PROJ_0284,580.6,488.54,575.57,409.77,465.02,604.78,476.1,480.78,433.18,350.64,502.0,608.53,582.03,841.51,764.01,896.41,764.04,936.99
PROJ_0285,552.59,425.28,495.51,443.66,480.3,428.14,401.49,511.3,384.44,328.32,452.5,630.16,569.17,603.47,678.08,650.15,641.49,627.16
PROJ_0286,605.49,479.84,1325.65,1489.36,1330.03,1153.26,1151.35,1085.59,863.54,982.79,617.38,536.82,2421.08,2993.11,2216.95,1183.15,936.31,1127.53
PROJ_0287,784.62,692.57,408.64,530.26,441.3,475.83,514.65,499.29,400.1,318.7,726.42,862.42,948.81,1145.12,1239.81,1614.81,1450.45,1579.45
PROJ_0288,380.52,402.8,1511.08,1482.24,1313.76,1398.55,1384.76,1163.13,1188.42,1157.92,420.51,390.24,1203.32,1090.46,1397.91,437.7,382.48,449.06
PROJ_0289,606.33,431.95,1000.7,1015.22,881.97,944.58,972.34,804.95,584.71,775.1,509.61,579.94,1336.5,1444.57,1394.06,867.17,801.43,747.77
PROJ_0290,236.48,235.05,238.94,210.38,239.49,259.68,221.12,247.26,217.51,203.76,277.25,251.22,281.98,276.25,207.31,294.13,199.06,256.57
PROJ_0291,155.82,130.12,348.0,316.34,275.96,246.56,257.17,257.6,233.1,225.51,146.15,160.22,562.69,633.6,774.89,324.75,272.12,232.29
PROJ_0292,480.26,495.1,828.37,769.92,701.49,978.19,1098.53,1010.96,636.22,725.63,518.38,453.18,2419.34,2052.26,2015.02,886.48,845.88,1021.74
PROJ_0293,330.15,312.93,314.22,334.29,308.96,392.97,343.58,344.08,274.68,216.31,348.38,328.65,321.84,356.77,361.88,373.43,311.57,305.31
PROJ_0294,317.9,302.38,256.86,249.42,270.61,235.12,274.38,231.69,187.96,208.0,316.32,301.92,422.36,405.94,369.85,518.27,425.91,489.81
PROJ_0295,391.27,412.54,421.98,380.06,451.53,362.69,435.8,362.33,255.5,357.24,519.74,574.13,561.72,458.74,580.78,692.59,545.49,774.6
PROJ_0296,54.08,56.65,42.9,45.04,38.83,56.26,45.42,40.91,28.29,36.27,66.71,64.75,69.71,77.16,70.25,72.42,80.53,64.39
PROJ_0297,324.37,352.96,642.93,862.42,874.71,761.54,870.2,773.38,499.79,545.91,326.07,339.9,646.79,616.8,647.49,424.24,304.44,339.41
PROJ_0298,464.83,432.85,925.67,751.32,973.83,863.99,903.59,865.27,597.58,576.07,443.42,497.91,931.17,1070.06,1230.75,581.5,568.86,731.36
PROJ_0299,58.51,68.36,86.0,86.58,71.02,60.77,70.02,70.54,51.19,45.32,50.36,53.92,52.57,51.82,71.4,49.14,63.49,71.92
PROJ_0300,43.05,46.09,40.98,35.22,37.66,47.1,45.9,46.96,36.33,28.82,54.28,51.43,60.8,62.47,62.69,78.95,64.28,72.6
PROJ_0301,488.16,555.45,981.62,995.83,863.5,984.62,915.99,851.3,645.24,831.24,535.5,689.91,1199.64,1457.39,1377.55,866.02,849.03,869.19
PROJ_0302,262.66,231.74,186.93,205.28,244.82,248.01,253.43,258.2,172.31,200.61,246.21,245.37,245.46,261.29,234.62,268.22,191.58,237.93
PROJ_0303,101.72,92.75,214.18,238.68,221.34,299.52,242.66,224.01,192.92,179.41,85.01,104.03,356.31,305.12,364.71,144.18,155.77,132.63
PROJ_0304,226.67,297.48,645.43,510.84,710.82,608.94,772.29,749.87,598.51,597.86,248.37,302.1,875.77,993.84,981.95,310.65,303.18,311.13
PROJ_0305,316.64,335.94,692.09,599.64,665.88,619.43,596.87,521.9,454.55,435.22,435.39,460.54,1288.94,1254.17,1433.52,730.45,836.72,611.22
PROJ_0306,123.28,155.74,255.47,366.71,247.08,368.36,304.02,402.16,234.72,199.81,124.86,157.29,367.96,367.11,287.95,152.93,129.39,155.37
PROJ_0307,375.6,325.23,629.0,698.25,481.83,590.4,585.36,562.57,417.28,505.86,329.11,428.63,1042.79,1057.08,960.86,476.22,451.93,483.72
PROJ_0308,214.68,214.71,431.6,421.43,454.81,456.78,593.91,442.73,343.43,352.16,166.86,187.1,776.46,581.75,702.34,261.65,235.98,218.78
PROJ_0309,159.13,144.33,332.75,393.43,380.76,453.9,373.76,417.0,298.52,248.31,161.25,177.09,391.53,344.65,311.88,209.54,148.09,206.91
PROJ_0310,320.23,323.63,955.86,755.19,900.34,1037.09,1032.93,854.56,596.75,636.97,282.7,293.41,970.24,947.01,915.24,258.04,282.59,266.24
PROJ_0311,451.9,406.47,630.72,608.25,693.38,611.6,673.35,606.4,569.7,553.91,504.15,463.14,1993.64,1741.88,1805.72,1023.68,1134.96,1171.3
PROJ_0312,155.83,175.93,97.22,115.62,104.6,96.25,141.75,137.57,79.9,104.56,161.64,171.53,310.79,251.2,267.11,348.66,278.67,316.84
PROJ_0313,375.51,435.24,694.62,726.08,881.74,771.32,866.4,970.45,719.46,545.0,494.65,472.45,1901.85,2246.97,2218.11,845.81,832.02,889.33
PROJ_0314,660.8,568.11,1031.36,1007.7,1048.65,1193.39,885.83,874.67,759.77,719.5,613.58,667.84,1614.79,1331.51,1497.04,726.0,837.62,668.17
PROJ_0315,136.7,138.98,298.71,289.32,257.54,240.93,254.11,357.12,255.3,203.12,131.56,141.9,734.35,643.41,564.37,262.39,246.86,253.88
PROJ_0316,493.15,606.22,480.06,431.46,485.23,520.98,584.36,617.8,323.86,438.35,668.08,665.06,676.68,668.01,571.61,1019.91,891.42,821.6
PROJ_0317,270.15,216.7,307.79,371.47,356.02,434.11,414.13,405.2,318.91,234.29,304.82,307.62,805.41,777.26,783.7,466.89,536.05,453.61
PROJ_0318,638.23,505.22,648.6,742.17,701.4,1052.01,810.65,782.17,562.37,607.71,667.1,712.18,1891.66,2100.78,1985.65,1366.32,1233.14,1099.15
PROJ_0319,535.31,558.37,1171.58,1419.52,1368.15,956.99,1213.91,1132.97,803.03,796.42,602.64,551.42,2512.33,2028.37,2423.82,1151.58,1073.85,812.18
PROJ_0320,185.15,181.47,261.6,207.74,263.21,193.46,218.49,247.54,199.48,161.46,195.85,199.85,432.5,479.24,579.91,353.98,307.19,341.13
PROJ_0321,142.1,149.04,443.69,340.41,352.23,382.87,526.44,523.04,365.23,276.36,140.04,118.99,386.52,369.99,461.68,116.66,143.95,162.32
PROJ_0322,338.57,261.98,366.39,333.03,309.5,368.63,399.04,343.33,255.16,247.21,261.15,351.17,267.93,301.72,300.74,287.29,302.72,329.87
PROJ_0323,48.08,45.19,59.68,61.79,51.14,53.24,46.85,46.6,39.82,48.76,56.8,48.86,61.74,50.52,47.36,50.47,46.0,60.02
PROJ_0324,291.27,327.89,491.19,596.6,543.27,562.74,482.21,656.3,418.9,375.85,384.61,274.56,713.66,782.36,721.6,458.29,418.99,394.15
PROJ_0325,136.88,144.99,165.37,144.22,139.38,146.87,166.84,131.9,101.97,118.98,180.48,201.66,243.36,237.16,183.47,210.82,218.68,280.58
PROJ_0326,346.16,347.54,436.84,539.89,482.09,491.84,444.03,373.9,263.48,374.74,307.4,297.86,933.1,942.06,1166.22,490.1,503.49,662.82
PROJ_0327,368.13,307.36,705.06,770.83,783.51,639.88,704.01,869.91,659.72,669.61,345.1,334.92,866.36,799.79,732.79,325.59,335.2,363.22
PROJ_0328,469.78,372.13,729.2,634.63,637.97,599.4,749.42,741.91,413.0,511.53,523.98,558.95,1358.95,1772.62,1516.27,774.88,778.24,812.31
PROJ_0329,199.42,218.09,240.13,191.03,261.44,173.09,208.16,234.55,164.97,154.21,256.99,201.98,219.46,265.81,228.18,308.96,291.4,382.16
PROJ_0330,269.57,263.85,508.05,403.24,383.45,455.41,453.41,406.59,308.59,310.65,227.13,234.66,565.9,609.14,691.66,356.4,383.46,394.1
PROJ_0331,239.42,300.55,468.62,485.67,384.85,603.56,613.23,416.08,334.22,329.3,341.32,318.84,616.62,796.92,666.5,418.15,405.65,428.43
PROJ_0332,333.33,305.7,543.1,651.47,560.65,718.6,628.35,682.24,411.01,500.04,329.69,294.05,726.0,679.28,990.21,604.8,556.87,425.0
PROJ_0333,379.88,359.54,764.04,819.75,871.99,729.39,901.46,984.65,573.49,640.47,359.52,388.34,1456.73,1399.64,1288.21,507.84,511.68,500.28
PROJ_0334,364.51,477.6,961.58,889.42,1016.12,1040.65,920.02,786.47,583.15,666.03,464.85,409.11,1937.56,1973.74,2460.75,981.04,843.56,769.02
PROJ_0335,469.13,463.84,1328.59,1136.5,1296.57,1809.97,1532.49,1725.09,946.42,1008.12,709.41,573.86,2207.18,2480.3,2125.83,768.51,844.05,684.93
PROJ_0336,381.24,362.25,1041.08,964.23,829.61,734.94,887.78,966.01,553.26,558.66,558.06,565.71,1314.81,1034.67,956.69,660.56,621.51,780.72
PROJ_0337,331.56,428.8,473.13,484.6,431.44,528.27,371.71,422.5,261.62,388.27,472.56,330.17,328.55,385.34,367.69,463.48,351.73,454.32
PROJ_0338,423.02,393.7,710.66,992.84,867.08,888.72,863.85,1058.61,747.5,744.85,462.13,510.13,1903.8,2238.67,1990.88,861.12,992.99,988.47
PROJ_0339,266.34,272.83,307.12,316.48,294.53,240.8,270.82,337.74,234.76,232.54,282.8,256.02,254.74,297.75,243.14,284.59,288.98,301.52
PROJ_0340,56.61,66.9,51.4,52.17,58.98,55.16,79.12,77.89,40.0,55.4,61.22,65.93,70.44,62.88,51.64,48.86,60.92,71.96
PROJ_0341,526.05,485.22,1038.21,1490.14,1189.64,1520.95,1515.02,1267.4,844.0,975.37,513.29,598.16,2162.21,1704.17,1938.65,625.9,679.16,847.09
PROJ_0342,80.45,79.96,61.7,73.47,69.77,94.77,84.08,92.99,49.43,56.47,79.82,68.19,75.82,72.34,86.17,62.61,84.54,69.17
PROJ_0343,282.83,289.78,346.15,452.85,444.88,499.69,503.72,448.74,299.69,348.47,247.39,346.48,953.96,1021.17,906.89,542.89,465.67,555.53
PROJ_0344,541.88,500.58,337.1,387.62,347.67,466.99,348.38,425.31,259.21,303.39,612.61,634.15,910.28,941.05,817.86,1108.36,1067.86,1199.76
PROJ_0345,444.11,506.95,1106.25,1019.51,1036.8,1025.92,1274.02,1419.97,1010.17,889.31,433.95,565.82,1406.84,1641.07,1953.92,654.77,579.45,619.96
PROJ_0346,371.28,307.31,758.25,696.34,666.7,704.01,886.98,752.94,625.69,557.57,318.63,371.74,1790.49,1754.9,2010.8,831.34,795.9,737.64
PROJ_0347,528.21,549.66,792.5,974.02,989.61,863.9,1106.09,1085.48,671.87,806.14,477.44,456.62,1219.95,1333.0,1221.81,917.22,702.93,711.19
PROJ_0348,384.68,292.56,398.22,347.11,434.75,432.24,329.59,336.08,243.9,344.87,391.87,354.43,321.27,419.55,321.43,395.18,403.45,335.02
PROJ_0349,471.93,418.81,1075.66,1340.72,1217.73,1179.86,1053.03,928.04,817.77,753.77,437.46,484.8,2482.02,2576.68,2113.11,1083.68,896.61,855.76
PROJ_0350,237.95,303.97,510.38,538.4,481.91,640.58,663.22,557.91,510.79,352.19,231.21,280.62,585.67,487.95,553.72,251.31,276.86,288.27
PROJ_0351,684.93,565.79,508.46,494.98,444.97,475.85,631.04,466.09,428.59,329.72,699.97,545.56,854.54,773.56,601.95,930.76,899.81,807.86
PROJ_0352,264.78,318.42,802.67,681.41,842.16,730.74,666.66,837.37,493.56,533.29,318.11,290.09,972.83,1187.24,1118.64,498.89,453.47,436.29
PROJ_0353,162.81,201.03,569.43,581.19,736.54,651.31,620.82,484.45,367.59,431.99,197.74,177.42,435.74,471.8,559.17,193.98,146.41,147.12
PROJ_0354,92.26,85.01,311.13,259.94,324.14,373.93,399.95,396.97,222.61,198.72,95.04,110.51,252.12,288.83,281.28,90.55,110.41,108.49
PROJ_0355,261.66,300.39,542.61,554.62,614.93,753.74,733.36,588.61,610.62,475.77,263.73,293.32,1139.78,1030.46,1143.5,338.64,405.39,437.91
PROJ_0356,228.82,215.43,226.84,162.72,183.23,240.21,242.48,249.16,175.4,124.7,289.46,239.9,302.28,272.95,320.76,352.39,389.27,300.11
PROJ_0357,174.36,194.74,319.96,429.78,366.45,448.96,363.41,381.08,334.89,294.39,188.52,189.72,883.71,1046.52,864.91,377.09,428.99,401.18
PROJ_0358,392.71,340.34,295.62,243.32,230.53,322.03,294.42,289.83,232.79,166.0,457.66,431.89,594.72,568.6,530.41,889.38,647.71,683.25
PROJ_0359,120.56,121.41,193.6,252.15,224.92,280.74,205.72,201.34,189.02,154.11,113.12,90.23,249.08,259.8,254.36,132.53,130.06,109.49
PROJ_0360,666.26,804.56,1951.45,1982.05,1845.69,1345.77,1799.84,1801.17,1185.04,1270.0,758.93,872.4,2908.48,3978.05,2855.09,1299.61,1186.39,1377.41
PROJ_0361,392.43,518.97,299.95,339.61,266.99,261.19,357.84,348.39,238.67,263.97,532.57,485.28,869.02,796.88,784.32,830.28,703.99,787.92
PROJ_0362,449.97,441.17,1138.47,1282.33,1072.18,1216.11,1583.47,1296.46,877.16,971.76,388.61,444.37,1446.7,1265.8,1265.52,384.99,417.52,377.59
PROJ_0363,80.84,115.79,196.3,201.36,168.35,252.16,192.9,214.26,183.59,158.87,118.42,89.26,219.39,240.62,206.01,108.76,96.69,111.15
PROJ_0364,496.84,461.68,1002.91,884.28,880.35,865.99,1018.17,1082.92,723.19,610.24,434.53,470.71,1004.09,736.69,726.75,412.13,363.05,509.06
PROJ_0365,106.18,110.97,234.11,257.45,313.75,239.81,193.57,216.09,208.73,209.47,103.27,122.19,454.84,564.46,465.58,246.91,257.51,190.35
PROJ_0366,65.02,55.49,102.92,90.86,99.64,144.73,98.96,138.37,73.13,89.02,70.13,83.84,145.14,143.86,181.42,107.94,106.89,80.23
PROJ_0367,343.06,431.1,789.62,790.03,697.04,754.81,984.03,910.96,516.57,713.51,418.14,377.82,1819.43,2068.58,1803.59,782.91,822.91,666.52
PROJ_0368,314.44,251.64,172.26,192.13,185.75,191.11,207.53,227.35,159.5,160.87,257.28,275.62,454.58,363.87,493.02,496.29,487.56,482.58
PROJ_0369,624.73,639.68,1425.36,1413.73,1234.33,1328.09,1701.24,1259.65,1100.01,1103.4,751.24,842.15,3589.51,4067.93,3928.01,1211.91,1226.38,1283.06
PROJ_0370,314.72,335.97,293.8,292.46,313.39,386.8,389.13,430.82,231.87,251.92,390.15,354.01,341.14,334.22,273.14,380.77,345.52,338.43
PROJ_0371,208.44,196.33,185.06,226.16,205.99,153.03,180.51,220.35,129.9,132.05,233.32,249.12,273.78,292.42,216.89,360.08,357.53,310.16
PROJ_0372,626.16,527.89,1167.96,1050.95,964.73,1303.73,988.06,1134.12,731.66,754.05,619.68,603.47,1572.95,1765.9,1448.44,1063.98,954.64,932.94
PROJ_0373,354.36,326.77,301.16,271.81,254.96,326.64,268.4,323.34,196.67,246.76,383.2,361.16,712.3,570.99,778.63,841.28,706.74,699.75
PROJ_0374,224.55,200.28,185.2,135.05,187.23,177.41,187.86,167.05,105.43,151.45,249.15,196.73,282.61,208.1,206.85,238.82,275.47,236.43
PROJ_0375,409.01,365.24,1678.95,1742.18,1652.68,1240.29,1559.51,1267.91,1131.17,1052.43,404.23,355.86,1448.82,1506.28,1366.02,506.34,501.15,374.84
PROJ_0376,481.79,414.42,585.06,507.32,699.67,705.31,586.49,613.55,455.81,516.98,550.5,436.8,1453.83,1524.81,1407.29,883.48,742.89,764.76
PROJ_0377,332.31,403.43,975.45,934.11,1138.84,1346.93,1123.13,917.37,892.9,802.19,370.03,315.24,831.4,973.43,1123.03,331.21,307.13,341.02
PROJ_0378,352.3,271.29,413.45,409.7,364.15,418.22,407.57,326.12,207.98,236.37,282.2,326.05,373.6,367.4,295.15,310.86,260.68,325.65
PROJ_0379,255.03,363.21,708.71,547.35,667.28,698.3,761.75,673.18,433.44,522.06,274.26,340.75,1367.45,1659.29,1747.73,521.47,593.35,675.73
PROJ_0380,384.27,455.81,1138.84,1003.71,1207.1,980.96,1026.42,836.48,574.9,582.74,515.74,511.96,997.26,781.3,897.04,496.59,475.02,375.72
PROJ_0381,741.84,553.57,445.13,594.59,509.25,445.82,479.78,560.14,289.63,376.71,637.92,578.55,1034.17,1088.32,941.95,1232.46,1350.52,1320.17
PROJ_0382,307.17,319.95,815.25,819.93,844.88,955.3,784.8,860.86,587.97,645.9,335.39,291.33,822.1,868.31,903.22,274.66,276.1,304.72
PROJ_0383,355.29,437.91,878.32,950.53,1028.42,1060.37,949.64,822.83,713.95,781.81,505.55,487.08,754.76,935.3,993.08,462.21,463.02,431.03
PROJ_0384,247.88,215.67,589.04,797.42,829.97,886.19,723.98,649.41,514.4,641.34,249.65,278.87,660.64,719.52,786.79,210.0,278.62,243.69
PROJ_0385,247.37,249.5,355.09,325.9,340.41,377.29,328.02,379.27,289.52,214.09,340.54,284.32,286.01,297.25,352.81,249.12,299.86,330.18
PROJ_0386,180.65,239.02,503.65,357.97,368.58,560.08,413.9,391.51,404.33,396.17,227.33,218.4,499.77,454.63,455.12,243.42,227.12,214.31
PROJ_0387,255.22,267.33,808.2,756.41,784.38,987.49,851.68,713.89,585.18,572.04,298.35,261.58,730.61,900.55,646.96,232.21,301.92,272.41
PROJ_0388,457.65,468.3,323.62,226.98,307.92,327.76,267.05,354.74,211.57,254.11,458.5,444.71,593.87,801.44,703.08,662.01,666.03,916.62
PROJ_0389,228.3,274.43,707.81,601.75,678.3,650.57,855.61,830.59,483.23,534.09,286.07,338.63,948.04,1014.64,1159.77,342.59,404.0,333.54
PROJ_0390,410.84,371.32,776.33,631.87,558.83,815.51,811.73,775.47,575.27,473.96,449.25,346.54,862.06,1150.63,1074.88,525.19,497.1,694.29
PROJ_0391,149.54,159.8,103.02,94.75,109.23,154.42,121.59,130.02,103.69,96.33,207.2,201.01,307.81,312.66,330.3,383.76,395.32,303.82
PROJ_0392,292.4,298.88,167.44,209.27,167.78,179.69,229.6,179.94,140.68,137.91,337.57,285.99,490.36,508.52,478.28,642.9,612.07,524.21
PROJ_0393,66.57,56.95,76.05,84.98,98.58,89.21,106.88,97.68,76.23,60.22,69.62,57.73,120.7,137.5,140.22,89.25,85.43,69.15
PROJ_0394,613.36,524.71,591.53,789.7,757.61,830.02,760.3,755.16,577.88,467.21,523.79,680.76,1895.48,1722.28,1582.32,1172.75,965.6,923.76
PROJ_0395,230.1,291.49,188.17,147.37,150.59,206.28,201.37,210.37,124.06,155.31,334.48,296.31,390.91,476.96,417.07,437.73,491.78,620.63
PROJ_0396,287.41,341.47,299.03,300.02,239.02,345.78,276.38,325.01,215.54,228.14,302.42,240.12,272.32,356.36,245.24,276.47,276.71,283.62
PROJ_0397,177.2,148.35,194.85,209.47,183.93,214.08,216.32,153.89,123.75,116.58,144.33,164.4,169.21,160.09,149.99,150.39,197.48,192.96
PROJ_0398,347.51,444.71,548.38,600.14,579.64,709.37,507.49,576.87,533.09,389.67,379.86,487.29,1549.81,1491.13,1549.12,901.86,715.06,873.23
PROJ_0399,818.07,844.18,1323.48,1253.48,1638.62,1462.51,1316.93,1831.08,1181.22,1096.68,632.07,639.58,4113.53,3667.34,3166.54,1389.63,1275.8,1244.91
PROJ_0400,605.04,677.66,783.23,830.6,878.18,943.42,829.82,794.83,577.09,666.32,770.83,604.25,2469.26,2406.09,1775.49,1077.42,1166.88,1093.03
PROJ_0401,590.82,476.05,872.18,775.81,848.94,941.62,858.12,1001.41,744.45,587.35,529.26,588.35,1729.77,1969.12,1850.39,1157.87,1289.86,1061.51
PROJ_0402,333.73,307.12,1098.83,1041.46,792.48,962.09,784.9,985.39,675.31,631.69,383.85,407.01,1370.48,1255.38,1342.83,476.22,550.22,558.12
PROJ_0403,494.48,517.79,1050.37,1002.29,1107.07,930.2,1100.92,891.42,700.22,822.26,601.17,606.92,1618.32,1726.24,1483.64,721.52,729.79,1030.19
PROJ_0404,320.22,328.98,799.52,651.27,731.57,919.67,942.12,735.37,620.54,515.63,383.04,291.62,1222.08,999.98,1172.52,476.75,417.44,505.36
PROJ_0405,121.88,120.6,164.09,193.2,180.19,200.77,191.85,201.36,120.28,135.67,99.65,104.34,224.7,233.64,293.77,161.56,128.22,176.68
PROJ_0406,717.47,710.31,928.21,983.84,850.41,1071.51,1066.54,836.65,753.2,734.53,730.15,761.84,1959.8,1972.85,2170.12,1350.29,1420.29,1418.37
PROJ_0407,317.85,345.37,763.39,1033.8,723.29,985.04,805.65,989.81,670.0,583.52,309.3,319.0,761.83,944.13,763.54,249.65,250.81,303.57
PROJ_0408,254.54,237.88,772.01,712.14,768.7,899.74,722.74,649.88,469.45,571.03,233.31,200.08,792.0,812.51,619.18,202.15,202.8,218.69
PROJ_0409,673.82,613.06,406.89,486.68,411.38,520.9,520.31,573.32,401.39,452.6,515.84,709.7,597.09,680.23,850.08,953.05,769.41,882.34
PROJ_0410,454.01,489.95,1318.21,1013.15,1250.85,1185.08,1127.18,1430.32,1111.66,815.08,464.3,451.43,1377.09,1123.26,1197.76,353.57,373.45,384.11
PROJ_0411,533.01,499.82,670.62,889.01,852.99,790.18,993.47,754.61,589.96,689.65,598.8,547.75,1814.3,1915.55,2007.41,1105.62,1117.43,1040.51
PROJ_0412,46.24,40.48,43.59,41.76,36.64,45.93,33.56,39.2,29.67,30.03,54.31,58.55,54.26,53.59,59.52,62.42,58.59,81.03
PROJ_0413,72.82,76.68,95.81,87.17,105.29,139.41,101.61,100.61,71.5,95.56,78.23,75.69,133.05,176.47,158.67,83.9,89.23,97.24
PROJ_0414,449.16,572.57,954.26,914.7,1030.77,1124.26,849.35,1110.65,692.16,732.71,521.78,493.06,913.35,835.75,966.11,447.17,561.61,488.62
PROJ_0415,847.75,707.02,2007.25,1459.98,1631.48,1352.39,1322.12,1899.48,1285.84,1242.41,799.05,810.75,3902.62,4180.51,3840.8,1626.06,1349.43,1761.05
PROJ_0416,151.17,177.56,771.93,584.03,573.54,580.76,596.17,720.21,506.42,439.99,221.19,196.59,641.4,501.32,555.54,151.01,149.46,201.29
PROJ_0417,191.49,230.32,243.72,183.71,221.37,266.91,287.35,228.64,215.1,205.72,239.62,216.23,245.08,254.58,208.22,270.55,262.94,224.69
PROJ_0418,440.44,408.28,446.61,457.29,327.28,308.29,346.45,432.62,258.63,311.39,431.52,401.1,586.51,517.77,477.29,496.05,512.2,519.08
PROJ_0419,277.16,305.58,540.9,484.16,530.87,621.05,771.53,617.01,391.77,484.01,342.18,326.6,664.81,686.38,618.01,351.0,238.3,332.24
PROJ_0420,272.56,278.25,472.83,531.9,418.82,546.34,495.03,544.88,408.4,358.26,225.52,236.25,1270.71,1276.87,1307.61,405.74,537.77,512.9
PROJ_0421,406.43,467.49,411.45,393.75,353.19,405.0,371.47,384.04,302.42,376.3,547.88,525.73,666.07,635.89,533.3,667.32,667.29,780.61
PROJ_0422,60.06,58.26,149.72,173.93,135.52,135.28,133.15,145.83,106.59,106.54,53.72,59.76,137.19,116.22,145.63,57.7,60.94,60.38
PROJ_0423,56.46,66.02,100.0,119.14,121.5,145.53,133.17,151.08,106.61,87.19,66.35,68.64,104.73,121.11,105.88,61.47,48.57,63.43
PROJ_0424,679.49,726.52,1137.72,1513.76,1401.75,1621.78,1430.53,1325.6,1094.19,1322.67,667.27,801.47,2877.98,3816.21,3142.77,1376.77,1329.73,1186.57
PROJ_0425,412.07,412.87,738.47,870.3,723.22,938.68,792.82,678.8,522.39,563.94,442.56,545.42,1176.46,1132.39,1094.15,631.73,688.36,559.88
PROJ_0426,33.74,35.93,101.61,125.29,94.76,111.21,149.43,154.31,93.14,93.43,43.27,31.76,113.58,98.27,112.36,46.55,42.96,46.57
PROJ_0427,624.45,593.08,835.08,806.24,747.1,764.61,840.53,753.25,603.17,520.57,622.26,544.62,1738.55,1894.26,1639.19,1347.29,1112.87,1069.82
PROJ_0428,172.89,242.25,223.72,205.88,191.32,257.27,276.05,223.13,145.51,143.76,170.94,233.79,254.01,254.99,237.21,184.22,253.7,198.33
PROJ_0429,201.62,232.19,141.63,195.32,207.17,175.83,176.25,151.45,95.2,128.69,239.35,268.12,304.7,331.94,339.93,463.67,481.72,511.66
PROJ_0430,158.66,172.36,350.6,389.32,410.23,493.03,469.66,449.44,362.75,391.03,167.86,175.43,701.12,720.04,732.34,229.06,263.27,300.67
PROJ_0431,43.63,44.32,136.11,96.36,123.38,142.97,107.88,136.16,90.1,104.07,57.45,56.76,141.2,188.57,199.83,71.72,71.16,55.95
PROJ_0432,216.6,155.2,438.64,554.74,559.27,623.99,516.48,454.12,377.37,318.88,236.01,210.37,683.84,591.42,684.05,326.06,307.54,236.9
PROJ_0433,50.8,56.27,123.56,172.52,155.95,135.49,180.33,153.19,105.6,120.89,51.3,62.82,250.82,258.25,206.61,93.23,78.56,90.32
PROJ_0434,389.5,444.33,938.18,1270.61,1247.15,1110.5,1319.47,995.78,947.07,788.82,399.79,501.36,1600.43,1639.53,1633.3,533.81,531.72,674.22
PROJ_0435,364.19,284.15,330.13,362.66,368.75,431.82,369.6,389.07,286.32,256.73,285.07,278.19,393.65,305.39,365.08,357.69,333.07,393.29
PROJ_0436,369.14,276.71,759.7,685.91,642.14,820.68,808.4,695.39,652.93,579.75,380.24,302.04,1559.05,1673.73,1799.35,687.49,755.97,619.04
PROJ_0437,212.93,221.95,653.66,655.03,682.84,541.97,701.38,771.98,486.73,419.34,236.3,171.36,552.13,513.48,582.61,190.61,196.31,230.73
PROJ_0438,450.06,456.66,629.07,614.05,488.08,402.1,525.27,568.29,370.88,321.24,497.83,484.79,465.81,519.98,505.62,484.5,483.92,483.46
PROJ_0439,374.53,365.45,669.81,645.31,615.52,578.28,734.71,719.5,463.2,465.99,361.0,475.92,1060.56,949.64,890.53,608.89,562.37,662.07
PROJ_0440,87.79,86.9,91.44,78.44,92.71,108.92,83.73,95.57,76.57,80.71,115.53,102.1,138.08,131.07,148.02,163.76,146.07,176.5
PROJ_0441,450.17,389.35,1649.8,1897.77,1741.49,1356.39,1599.52,1346.83,1091.12,1084.21,401.83,419.8,1578.19,1207.22,1502.47,476.93,452.83,382.19
PROJ_0442,464.28,458.89,435.82,500.96,484.76,312.78,351.15,333.17,334.23,251.1,494.5,588.75,897.22,781.27,937.3,883.26,850.56,877.11
PROJ_0443,220.22,277.03,395.33,427.53,360.3,464.25,506.39,402.52,372.36,327.58,277.28,227.2,615.31,584.56,688.25,405.73,334.77,411.62
PROJ_0444,268.86,241.42,582.16,604.16,580.69,648.33,915.59,680.37,601.89,589.74,245.22,205.66,721.19,734.1,718.69,203.75,253.79,193.23
PROJ_0445,620.64,583.53,898.31,1120.71,868.62,1287.93,1266.67,1036.58,736.17,682.63,756.73,681.79,1216.63,1503.59,1248.98,924.7,901.42,748.32
PROJ_0446,667.36,536.17,803.11,833.94,936.09,866.85,1014.06,818.55,722.36,565.22,684.45,528.0,2358.98,2333.61,1929.35,1196.35,1231.35,1078.37
PROJ_0447,105.91,106.86,99.99,85.05,115.6,92.13,114.53,91.61,67.99,64.01,93.59,104.53,99.85,105.91,105.93,84.75,81.47,103.96
PROJ_0448,155.37,149.72,328.78,411.5,303.88,423.91,341.47,427.47,283.16,318.34,130.19,162.09,471.02,589.05,465.54,182.14,238.32,181.26
PROJ_0449,481.83,611.84,1217.16,1236.41,1007.67,1204.67,1321.56,1018.32,944.16,726.9,673.08,609.32,2700.25,2690.96,2362.42,1016.25,1181.39,1100.74
PROJ_0450,76.49,66.38,135.59,120.56,110.01,163.2,138.98,140.15,120.21,95.41,96.41,88.29,199.06,168.92,155.11,110.58,91.18,93.94
PROJ_0451,573.05,601.56,478.68,603.34,651.3,555.22,563.63,546.62,327.48,347.52,705.46,636.56,769.77,819.36,615.88,768.94,875.96,670.47
PROJ_0452,240.67,262.89,203.61,179.04,212.48,184.13,248.37,180.26,178.68,155.86,246.26,253.57,257.42,287.55,333.42,393.25,303.69,375.35
PROJ_0453,234.26,231.22,198.9,167.94,240.36,216.11,212.96,248.91,148.52,185.96,170.24,224.74,243.19,245.65,239.75,235.4,186.87,243.27
PROJ_0454,231.89,200.72,228.29,200.46,246.21,235.27,209.44,209.61,163.05,128.48,234.26,181.36,169.56,158.83,226.27,226.77,165.95,170.46
PROJ_0455,51.7,46.16,57.78,43.47,53.85,46.13,47.72,46.94,30.32,31.26,47.24,48.4,78.62,60.19,60.91,67.39,87.28,92.64
PROJ_0456,537.86,503.71,1301.74,1112.49,1323.15,1187.02,849.05,1055.22,698.59,643.56,548.75,387.13,1052.75,1152.25,957.07,457.18,502.4,540.75
PROJ_0457,209.69,210.67,488.06,550.35,430.27,407.85,513.66,373.44,259.21,323.2,205.26,221.1,613.6,622.33,587.44,334.68,361.7,371.13
PROJ_0458,751.89,749.02,1715.28,1862.96,1826.78,1258.7,1744.56,1706.24,995.96,866.9,744.95,697.58,3687.17,3385.49,2784.57,1204.05,1546.19,1093.02
PROJ_0459,420.35,352.04,753.45,777.52,691.22,896.15,910.17,704.58,583.42,674.46,418.04,390.85,853.3,647.47,650.71,408.19,413.7,432.31
PROJ_0460,641.22,739.93,521.52,435.85,493.32,568.85,477.44,512.17,347.52,455.18,701.46,665.09,997.23,1002.03,1073.88,1533.63,1186.38,1344.61
PROJ_0461,558.17,651.87,740.77,942.89,972.13,1086.42,884.75,1140.97,778.25,594.95,706.06,800.66,2089.05,2152.93,2377.16,1114.89,1609.27,1179.44
PROJ_0462,287.95,284.92,340.93,409.79,400.63,379.26,330.0,318.92,225.99,193.84,447.83,384.21,436.02,446.69,496.24,474.08,577.53,577.72
PROJ_0463,625.08,440.62,396.75,451.71,521.08,596.23,521.78,444.82,319.47,385.99,525.2,606.72,777.31,655.29,652.18,669.97,741.68,887.81
PROJ_0464,696.79,637.13,1243.25,1236.92,1569.95,1696.74,1635.63,1623.81,1016.97,1181.09,648.63,921.29,3037.65,3577.13,2952.84,1644.94,1278.91,1726.87
PROJ_0465,380.18,524.67,658.85,557.93,546.2,643.17,771.59,780.74,431.58,466.92,443.92,421.13,1640.8,1454.44,1379.74,1066.15,1022.37,1031.84
PROJ_0466,46.0,65.77,48.41,47.07,37.8,59.92,52.61,58.42,39.94,42.06,65.82,71.39,62.76,62.1,76.49,84.65,87.96,91.66
PROJ_0467,149.79,163.92,136.35,168.11,123.93,170.37,186.93,145.7,109.45,108.45,150.78,141.88,123.95,170.01,129.63,149.0,152.57,120.0
PROJ_0468,98.92,140.26,125.76,95.98,131.89,130.24,107.74,139.18,94.38,83.26,135.83,108.15,107.83,107.27,130.62,127.73,137.03,105.22
PROJ_0469,589.82,544.66,407.25,359.05,497.26,434.86,510.66,494.58,282.87,422.56,645.38,570.2,709.22,655.31,726.22,677.69,776.77,741.58
PROJ_0470,94.45,94.1,109.73,152.4,103.19,113.21,133.67,147.58,89.28,103.76,111.52,85.77,382.01,299.1,338.23,162.1,208.09,218.15
PROJ_0471,509.06,514.03,735.41,648.65,962.7,921.49,924.76,1049.37,730.44,725.85,603.4,602.21,1847.14,1891.44,1909.82,1034.91,1139.34,1183.25
PROJ_0472,304.83,285.83,751.9,785.95,861.93,787.34,639.66,591.44,486.56,455.59,316.24,393.27,575.8,612.18,719.43,331.21,269.8,285.34
PROJ_0473,360.68,258.44,809.5,857.8,695.94,920.86,733.25,772.06,568.15,736.4,294.8,283.44,1348.16,996.22,1326.77,488.53,474.97,507.13
PROJ_0474,336.93,260.86,1334.64,1309.02,1288.87,1069.58,1029.0,1034.5,597.71,741.44,324.3,328.62,864.76,916.35,977.54,300.14,366.12,334.39
PROJ_0475,396.73,401.09,1333.31,1195.71,1407.24,1184.64,1097.86,1301.89,1084.79,1178.23,619.29,533.48,2091.05,1539.08,1912.23,869.57,712.59,880.22
PROJ_0476,169.48,160.7,481.72,554.7,440.99,587.7,455.27,576.24,390.3,331.99,224.73,224.37,719.92,636.93,610.26,338.55,304.04,321.6
PROJ_0477,156.64,164.34,104.66,120.85,129.09,111.98,114.46,140.23,111.08,103.01,128.12,186.9,155.33,162.08,215.98,241.41,255.83,244.51
PROJ_0478,292.75,252.21,171.26,216.92,210.54,191.02,192.14,186.02,136.96,168.44,236.76,286.87,541.48,467.85,450.88,510.57,457.92,491.17
PROJ_0479,339.16,345.04,292.51,311.23,271.89,438.75,315.85,354.42,311.45,227.85,436.52,500.0,518.55,448.26,554.76,652.53,574.86,497.99
PROJ_0480,382.62,538.41,737.33,678.96,799.89,1020.42,701.68,718.33,614.12,679.91,511.17,598.17,973.8,1114.84,1120.18,668.9,711.08,797.66
PROJ_0481,262.57,310.9,243.15,290.08,269.05,263.67,218.87,306.69,219.48,213.45,355.0,263.44,354.53,328.22,408.85,372.03,377.21,456.53
PROJ_0482,472.26,617.73,1538.33,1804.75,1948.61,1622.45,1375.67,1274.01,924.49,944.48,631.85,575.13,1901.71,1881.53,2499.81,718.53,781.61,838.13
PROJ_0483,66.41,96.98,69.69,89.06,87.28,102.59,96.83,101.14,64.31,66.1,89.7,85.27,83.38,73.22,74.97,78.3,66.71,80.26
PROJ_0484,70.9,90.8,63.82,60.47,63.57,51.92,53.46,70.05,52.92,51.31,100.56,102.23,161.64,160.74,161.54,146.84,146.08,167.17
PROJ_0485,66.73,72.93,184.91,180.19,220.29,195.96,245.75,189.67,149.5,152.13,60.71,52.89,177.05,185.14,183.24,73.54,54.05,63.07
PROJ_0486,193.16,277.83,352.68,376.95,367.84,321.99,374.24,320.7,292.06,243.78,240.25,294.67,896.41,937.39,653.01,425.34,436.24,459.66
PROJ_0487,214.87,199.08,202.03,160.96,195.23,227.11,207.36,187.49,126.72,123.62,258.28,232.39,222.23,324.04,290.1,370.65,317.74,385.15
PROJ_0488,379.2,376.72,597.95,598.24,517.0,403.13,437.16,522.3,392.52,323.79,355.36,459.57,472.29,417.9,445.33,515.02,387.04,443.58
PROJ_0489,223.5,218.2,736.79,668.97,644.03,599.71,763.6,602.28,416.34,511.24,220.2,256.72,696.53,731.52,602.55,214.76,254.6,206.93
PROJ_0490,507.56,456.7,1447.53,1679.54,1443.69,1195.09,1334.02,1308.52,1028.79,1253.42,431.72,514.41,1386.16,1088.93,1187.17,529.98,470.83,529.66
PROJ_0491,121.97,143.43,439.09,471.35,319.68,514.4,416.71,494.49,322.47,324.99,124.58,149.34,358.62,394.77,405.53,144.81,130.5,141.52
PROJ_0492,392.18,419.64,562.64,570.07,594.02,588.02,507.61,620.18,349.62,373.49,469.98,409.87,1313.97,1571.37,1175.7,637.37,666.35,708.36
PROJ_0493,249.69,254.27,235.0,206.56,230.99,203.03,270.22,263.42,148.16,206.43,253.13,211.43,241.4,238.3,196.32,200.9,245.78,268.71
PROJ_0494,262.78,261.92,215.97,199.15,167.62,179.26,216.94,209.81,159.25,117.11,272.65,281.22,375.69,374.16,472.95,545.06,540.03,462.47
PROJ_0495,437.18,352.82,371.46,439.18,402.81,568.93,474.13,399.71,281.53,380.23,378.71,381.55,422.71,394.85,456.33,433.5,368.24,485.66
PROJ_0496,126.63,136.29,139.47,182.8,158.89,190.97,175.91,229.39,124.21,162.19,162.47,134.8,400.9,414.3,520.15,273.4,265.68,212.55
PROJ_0497,449.39,328.82,215.34,239.32,260.45,335.04,322.87,254.31,199.63,233.99,425.36,366.01,630.16,690.62,781.96,840.07,636.31,853.7
PROJ_0498,203.48,258.74,431.01,397.69,446.2,448.51,444.66,511.77,400.27,410.05,216.75,186.84,449.1,440.03,397.21,261.81,268.86,185.48
PROJ_0499,534.1,505.44,720.04,839.03,677.76,724.79,1048.44,923.36,573.94,624.07,610.55,504.72,1385.25,1370.14,1119.57,772.57,762.39,794.12
PROJ_0500,398.9,346.01,244.02,294.1,311.92,340.76,319.45,257.76,181.39,250.17,458.48,500.44,607.74,676.49,820.29,732.26,695.15,894.75
PROJ_0501,230.39,262.14,430.16,406.92,298.84,403.81,471.49,396.2,350.72,314.05,202.93,241.39,598.43,458.51,520.51,361.92,287.32,312.8
PROJ_0502,494.94,510.7,926.81,1088.12,1076.52,1001.25,874.48,1122.48,660.38,836.93,476.03,440.51,940.75,932.07,1076.3,407.44,538.78,373.77
PROJ_0503,469.21,494.71,811.3,702.52,950.45,883.11,725.73,782.38,634.72,495.23,482.57,446.17,921.08,1199.4,984.73,745.81,652.92,639.09
PROJ_0504,443.17,439.03,429.46,408.05,422.71,405.87,379.11,349.84,338.53,294.47,497.13,489.23,555.76,613.54,596.36,815.29,586.74,705.97
PROJ_0505,462.5,629.42,977.45,907.24,1046.92,1008.91,915.53,1016.1,618.93,866.11,663.19,670.32,1610.87,1564.4,1362.81,712.37,798.02,986.56
PROJ_0506,375.12,352.07,560.81,558.27,732.61,499.49,602.62,554.61,390.42,454.08,407.83,382.76,790.6,776.15,924.64,491.9,476.36,511.89
PROJ_0507,393.02,362.56,501.59,458.04,380.33,370.08,481.5,424.25,308.74,242.69,565.06,550.55,559.49,507.14,592.49,746.65,734.2,784.51
PROJ_0508,399.96,352.08,378.89,427.18,343.61,310.26,378.86,339.87,284.81,216.77,383.8,372.69,511.52,523.17,465.66,563.8,485.08,614.72
PROJ_0509,143.63,133.34,88.92,104.92,91.8,89.33,95.91,92.51,70.27,89.46,119.23,143.37,176.93,154.46,149.12,198.01,150.99,174.83
PROJ_0510,115.45,130.79,86.68,87.73,83.09,85.74,95.81,97.35,61.12,73.57,141.67,123.72,159.34,171.29,213.78,195.07,228.21,240.69
PROJ_0511,169.94,168.09,489.61,426.45,379.44,433.44,354.15,415.86,351.96,301.14,169.21,171.26,626.65,539.1,552.95,192.7,231.56,203.31
PROJ_0512,107.33,118.41,86.35,109.74,93.02,107.31,95.79,102.14,102.26,102.67,116.41,111.79,118.86,123.97,107.83,87.11,115.96,127.74
PROJ_0513,291.74,318.28,610.15,617.7,703.21,676.04,835.97,792.93,419.16,582.65,358.25,325.13,645.18,732.7,626.56,279.0,298.83,292.66
PROJ_0514,82.58,67.11,195.5,182.28,209.91,168.38,198.52,196.54,107.69,132.37,68.21,86.96,162.36,141.32,138.55,74.83,86.26,86.12
PROJ_0515,301.59,341.48,898.39,958.73,797.04,952.52,1176.98,1010.13,814.02,737.08,396.07,421.29,1256.66,1251.34,1662.68,638.29,609.1,475.47
PROJ_0516,258.24,276.71,311.4,298.53,267.45,346.16,250.29,298.4,185.14,195.59,405.15,395.25,334.19,357.68,412.53,393.31,486.56,493.12
PROJ_0517,394.96,395.33,768.59,1012.22,823.68,980.54,872.94,1025.07,579.66,571.44,473.11,470.08,780.97,812.02,1019.66,362.79,376.37,418.94
PROJ_0518,226.38,262.78,320.29,300.74,310.84,265.53,301.21,222.83,183.55,213.04,231.1,206.19,232.63,268.98,210.5,270.28,275.33,261.42
PROJ_0519,424.43,530.54,1046.99,1373.87,1279.7,1068.62,1455.85,1303.55,927.69,915.53,534.05,558.21,2053.83,1611.97,1865.75,762.06,758.79,707.21
PROJ_0520,163.55,188.95,157.32,151.03,174.13,170.62,152.98,154.36,147.47,162.69,167.9,146.86,192.76,154.68,204.9,175.33,152.71,170.73
PROJ_0521,517.89,616.38,933.97,1267.14,1227.37,1163.32,1176.99,906.54,745.41,842.67,571.14,494.99,1270.48,1242.92,1591.16,819.57,892.65,985.32
PROJ_0522,446.04,535.67,784.83,816.4,838.8,986.94,1025.59,1057.19,696.95,641.35,519.44,392.59,1090.07,1136.51,1051.62,503.62,515.46,514.53
PROJ_0523,865.44,875.06,477.58,515.04,551.59,433.18,547.05,574.29,427.8,372.94,722.85,687.11,1258.45,1436.3,1424.82,1393.32,1333.04,1646.5
PROJ_0524,491.8,452.16,1293.52,1149.91,1507.99,1299.1,1179.69,1448.65,960.04,1057.34,483.8,479.93,1987.92,2003.19,2003.85,763.13,666.62,598.37
PROJ_0525,261.7,322.63,346.02,403.58,427.93,478.35,474.69,411.47,291.85,349.91,259.79,256.2,1084.52,984.25,928.29,468.2,551.91,646.55
PROJ_0526,137.43,126.96,215.52,243.82,246.08,185.86,201.97,176.5,138.05,125.02,142.57,145.21,411.46,399.89,378.58,225.94,286.33,234.6
PROJ_0527,172.83,244.71,295.05,378.11,340.66,324.94,306.49,261.0,247.81,246.15,204.52,240.57,691.71,791.26,762.37,333.09,469.9,484.47
PROJ_0528,361.96,279.83,370.57,349.47,308.73,418.76,372.52,414.25,281.96,241.67,392.7,339.37,332.21,317.26,282.0,354.58,320.87,387.37
PROJ_0529,102.47,95.65,193.75,234.66,174.56,268.62,236.99,279.11,164.35,156.43,112.13,94.75,371.07,377.27,326.39,127.3,132.34,147.63
PROJ_0530,536.48,421.33,825.97,689.27,787.46,930.52,957.62,812.39,571.77,543.71,418.24,463.62,1299.28,1094.27,1048.34,743.51,601.4,612.45
PROJ_0531,62.01,43.96,127.49,136.05,117.76,132.48,129.04,136.21,122.43,102.71,55.32,54.6,234.76,167.69,227.45,73.72,93.66,73.35
PROJ_0532,284.1,343.73,911.64,1126.52,1087.37,1209.23,987.33,1219.21,756.64,981.65,372.61,353.33,1173.22,1059.55,1044.59,305.17,365.29,323.9
PROJ_0533,297.47,410.02,298.75,389.09,314.02,389.6,457.91,335.44,310.67,304.32,417.51,316.35,407.65,356.74,353.61,343.88,347.34,366.91
PROJ_0534,529.65,609.66,444.47,418.7,362.99,435.65,450.38,492.03,388.93,341.95,717.69,557.02,1237.92,970.07,986.45,1117.65,1048.17,1402.84
PROJ_0535,602.24,613.59,469.17,639.72,598.03,577.54,564.1,572.89,355.39,311.17,667.16,657.29,1217.28,907.5,959.63,1442.32,1141.56,1101.16
PROJ_0536,183.5,234.09,124.08,124.49,129.36,175.51,140.38,129.86,134.83,133.46,202.75,210.22,317.34,394.33,326.25,510.07,492.01,450.38
PROJ_0537,81.96,117.65,400.65,409.49,304.31,364.68,377.61,398.08,252.68,245.59,98.96,110.21,357.51,318.21,272.62,82.32,106.86,116.88
PROJ_0538,62.48,72.5,74.09,63.04,55.96,65.24,66.75,58.69,53.64,52.26,86.74,85.53,76.23,82.19,81.86,95.16,124.08,96.17
PROJ_0539,289.23,236.14,229.62,234.42,271.91,315.45,335.29,253.81,226.88,240.55,250.66,225.44,233.7,226.72,312.97,257.63,273.53,300.13
PROJ_0540,179.85,200.91,131.25,156.79,132.5,156.3,159.43,188.93,135.2,138.89,169.39,245.98,194.76,267.88,259.78,294.84,277.44,313.65
PROJ_0541,56.55,44.11,96.07,71.5,86.02,100.09,106.77,93.2,61.56,68.54,50.31,56.54,127.07,143.47,115.59,68.11,76.6,63.48
PROJ_0542,325.31,343.45,725.99,662.31,747.3,770.03,680.5,611.78,401.18,415.71,404.88,424.24,747.72,797.29,846.0,507.75,647.54,482.36
PROJ_0543,116.33,132.71,160.51,159.92,181.04,190.78,173.03,215.43,150.5,124.96,172.22,137.45,556.74,551.13,457.61,251.38,319.77,266.35
PROJ_0544,67.5,79.61,233.01,266.76,255.46,296.13,281.57,272.04,187.21,223.71,92.33,88.88,259.77,241.26,211.51,89.71,62.74,69.5
PROJ_0545,327.68,352.54,290.92,247.17,239.11,277.7,293.49,251.68,244.69,204.27,347.26,344.82,428.02,487.31,366.26,478.63,550.47,418.0
PROJ_0546,163.01,170.6,125.17,141.91,115.83,127.51,111.21,107.47,86.19,95.16,156.48,138.38,188.12,157.05,167.49,189.71,232.99,217.43
PROJ_0547,96.86,72.83,114.48,140.04,96.93,125.56,105.94,111.45,92.98,81.47,95.11,110.36,259.65,248.65,333.38,174.19,204.09,163.27
PROJ_0548,152.92,170.14,84.26,108.67,102.1,120.06,92.65,103.89,66.08,91.88,128.05,128.23,281.12,223.17,251.91,266.26,308.32,255.2
PROJ_0549,506.04,521.39,960.53,926.8,880.91,1225.23,981.71,1037.78,769.5,808.17,593.27,532.98,2954.36,2757.5,2920.8,1118.05,884.38,1225.71
PROJ_0550,165.86,153.13,107.4,107.76,129.67,131.83,145.99,129.44,99.71,86.82,138.97,133.84,209.78,190.12,219.27,245.47,247.2,224.01
PROJ_0551,421.64,440.6,339.67,262.78,330.85,291.09,285.16,369.68,283.02,215.54,336.51,468.31,399.15,380.97,509.38,639.71,564.85,570.57
PROJ_0552,481.21,460.94,1418.39,1466.81,1194.98,1287.62,1284.21,1161.21,939.44,834.24,622.04,503.25,2077.34,1963.85,2191.09,914.4,731.21,645.05
PROJ_0553,201.93,148.44,272.09,251.32,354.73,269.99,335.62,326.37,259.76,224.21,228.63,217.54,446.57,432.93,517.0,303.72,264.27,257.93
PROJ_0554,148.02,151.13,238.58,235.16,250.08,304.23,297.95,303.0,203.19,203.21,164.48,209.01,551.77,609.66,715.04,416.81,324.26,397.36
PROJ_0555,221.18,213.05,533.0,570.34,708.23,683.18,582.77,863.78,532.62,503.29,286.85,286.97,973.77,1030.02,1137.51,362.93,392.15,315.93
PROJ_0556,485.6,391.54,771.33,1017.96,877.66,793.08,846.31,879.07,811.25,660.35,403.92,465.43,2041.64,1744.66,2428.92,684.53,984.33,948.12
PROJ_0557,372.4,488.62,331.4,311.24,308.29,269.66,270.95,358.8,201.46,214.5,478.18,414.13,834.16,839.41,849.8,735.39,871.12,1021.47
PROJ_0558,521.8,595.24,1143.41,1036.53,1005.26,1288.6,1036.43,1389.33,910.21,745.95,636.73,572.58,2433.31,3269.02,3002.49,1145.07,1258.06,1123.37
PROJ_0559,336.92,302.14,594.34,671.22,677.85,829.83,741.42,787.28,625.42,660.93,341.88,427.17,1936.18,1426.92,1610.57,612.46,735.37,705.26
PROJ_0560,472.03,522.87,441.46,450.82,542.18,618.58,577.82,461.42,319.77,334.39,458.39,423.18,548.88,505.3,457.25,430.21,450.42,468.47
PROJ_0561,439.64,338.47,923.02,689.33,733.03,1066.92,780.59,748.85,683.87,620.3,338.88,324.61,673.65,817.37,722.81,449.96,462.92,347.46
PROJ_0562,328.12,301.38,513.68,503.01,626.04,482.98,513.89,550.61,422.66,344.63,330.85,446.05,1085.83,1250.06,1253.23,705.94,625.75,601.32
PROJ_0563,94.31,95.21,262.92,256.89,276.06,309.8,284.46,216.54,182.4,197.85,106.41,89.61,367.29,334.12,332.6,161.2,137.76,143.76
PROJ_0564,524.36,524.39,724.49,850.96,764.26,796.72,643.88,898.47,604.97,527.54,502.25,521.11,1855.86,1810.99,1842.83,1182.18,1005.12,1092.37
PROJ_0565,412.52,445.73,696.91,781.91,564.68,686.34,711.34,912.37,564.79,532.64,440.09,448.78,1211.37,1251.29,1201.38,720.19,557.32,574.97
PROJ_0566,314.64,321.92,533.94,665.7,533.27,603.41,615.08,758.86,529.81,490.75,364.54,363.66,1448.24,1685.55,1336.98,606.78,513.46,588.25
PROJ_0567,142.75,117.81,348.71,375.48,370.15,319.99,326.37,366.25,322.02,325.09,141.72,166.83,547.44,633.68,444.9,216.47,220.26,196.06
PROJ_0568,378.28,379.23,1360.29,1492.71,1496.98,1330.04,1742.91,1449.69,1314.76,939.45,524.18,537.46,1564.89,1557.22,1309.11,501.43,476.66,448.04
PROJ_0569,824.3,630.79,443.05,532.97,420.26,434.76,466.53,557.27,420.06,310.57,770.15,754.17,1224.98,1226.01,1358.4,1292.47,1266.71,1421.74
PROJ_0570,282.78,287.94,321.15,333.41,455.57,353.1,442.19,470.26,249.79,275.98,295.14,311.25,908.54,1027.81,863.84,471.53,465.97,546.04
PROJ_0571,426.23,532.16,615.07,761.04,775.41,893.14,873.1,664.45,633.33,558.86,542.15,427.87,1225.55,1184.62,1196.71,589.07,722.6,740.95
PROJ_0572,333.58,313.61,580.64,613.71,740.71,710.29,796.76,807.78,573.34,573.21,349.85,337.47,589.01,761.87,794.42,330.51,393.05,401.73
PROJ_0573,273.48,299.68,290.82,246.1,225.18,296.86,337.25,281.34,245.03,233.62,296.51,251.43,271.71,239.99,247.12,229.88,233.95,243.16
PROJ_0574,348.85,330.05,1103.36,1392.56,1229.04,1304.17,1175.62,899.36,945.36,927.19,356.29,342.7,994.91,1006.77,1123.2,339.78,294.2,278.27
PROJ_0575,509.01,539.0,1360.41,1661.87,1286.49,1221.69,1170.82,1340.79,1002.45,969.91,753.79,764.9,3396.36,3357.94,2832.17,1235.2,1125.88,1333.15
PROJ_0576,315.35,321.86,197.35,252.55,260.25,213.32,267.35,253.09,216.24,157.89,317.28,405.82,627.18,685.12,627.33,856.5,672.1,696.36
PROJ_0577,812.91,575.35,1526.56,1098.32,1357.64,1293.33,1560.88,1680.58,888.03,945.14,682.17,656.89,3253.1,4029.3,2868.15,1323.11,1341.57,1245.07
PROJ_0578,475.75,566.84,1366.51,1468.3,1255.45,1496.77,1661.5,1637.23,1219.4,947.52,675.3,637.07,2188.33,2088.71,2335.9,764.7,858.65,845.27
PROJ_0579,107.54,108.3,86.23,92.46,94.16,99.15,98.0,102.23,73.17,68.12,91.25,112.38,142.04,130.04,142.46,177.06,139.29,160.78
PROJ_0580,238.76,230.77,631.64,633.35,616.16,816.29,664.46,754.22,569.26,550.07,268.36,229.66,587.36,843.8,802.29,250.04,259.09,200.05
PROJ_0581,61.07,48.75,54.96,48.09,60.8,45.46,45.6,42.69,40.05,33.79,60.24,55.79,76.58,61.45,81.17,76.88,69.68,74.2
PROJ_0582,614.72,731.73,889.3,1140.57,994.77,970.89,1065.62,954.64,688.83,727.38,666.56,691.96,2902.79,2634.8,2886.05,1337.86,1693.64,1400.36
PROJ_0583,474.72,620.96,912.01,1064.87,1248.39,1274.78,1226.5,1146.41,735.07,1059.52,513.59,532.61,2475.16,3219.09,3059.4,1088.11,1308.66,908.97
PROJ_0584,378.49,269.5,625.52,537.33,784.53,838.64,743.8,638.21,476.48,512.64,303.82,264.39,694.88,683.67,759.77,323.97,306.69,328.51
PROJ_0585,242.29,289.86,407.75,316.99,341.27,464.35,405.7,409.95,320.59,303.57,243.71,330.19,1075.6,755.61,780.62,596.6,575.07,526.06
PROJ_0586,366.87,390.58,603.08,515.36,503.14,646.0,774.21,677.5,454.29,560.33,373.87,392.73,764.48,988.75,975.35,605.57,503.92,527.94
PROJ_0587,234.18,320.17,225.3,286.09,292.17,213.62,234.17,202.27,184.08,215.64,284.3,349.83,287.04,322.98,391.77,466.02,376.42,433.93
PROJ_0588,419.76,402.41,955.71,782.68,753.74,1045.74,1000.01,895.13,666.92,695.81,393.19,376.61,1302.03,1153.92,1562.89,569.21,468.19,528.79
PROJ_0589,365.41,393.21,315.57,319.97,326.34,233.22,255.57,223.68,197.94,195.91,440.99,349.51,663.14,581.29,600.24,822.31,626.44,708.46
PROJ_0590,220.38,250.28,405.36,543.27,552.55,476.28,388.56,450.09,255.98,352.82,251.2,217.3,536.24,645.29,661.3,348.33,342.88,380.26
PROJ_0591,369.67,361.64,623.77,691.13,747.49,619.19,687.21,591.81,504.13,580.18,306.53,354.64,1331.93,1895.06,1844.28,660.39,707.83,550.38
PROJ_0592,216.24,206.36,161.12,226.53,153.71,219.74,181.56,227.33,125.88,126.53,187.44,227.54,173.02,198.55,191.41,216.0,173.93,194.18
PROJ_0593,624.94,494.04,344.44,407.9,329.35,369.77,357.88,436.38,331.02,297.21,592.73,539.95,710.41,767.4,758.05,896.29,1124.25,904.96
PROJ_0594,57.56,65.76,124.15,118.45,118.47,137.0,154.04,167.47,125.98,121.5,77.37,85.6,347.72,363.4,332.8,128.47,128.71,118.59
PROJ_0595,200.01,147.0,159.41,170.72,148.85,135.72,159.21,153.62,142.35,128.32,210.85,194.93,242.22,243.4,184.73,238.44,215.95,269.25
PROJ_0596,293.33,266.17,765.06,895.35,664.7,698.31,981.97,977.08,656.79,549.82,302.92,282.07,818.21,680.21,769.01,287.9,291.75,261.27
PROJ_0597,672.07,718.66,898.03,858.76,740.74,830.69,1078.49,791.08,583.18,825.38,768.37,569.52,2053.09,2453.83,2146.83,1315.38,1310.05,1173.3
PROJ_0598,279.76,216.19,309.29,267.69,252.46,242.36,324.46,246.08,187.37,175.84,281.21,251.39,302.61,273.89,260.23,273.1,209.76,303.33
PROJ_0599,144.27,111.08,256.52,214.91,248.63,297.47,315.62,251.14,210.31,212.1,108.39,128.3,259.17,269.77,292.79,99.56,107.47,104.68
PROJ_0600,80.14,91.3,142.78,121.46,132.36,129.66,126.56,154.64,105.37,93.28,115.63,99.14,271.35,307.92,331.66,176.11,211.58,188.47
PROJ_0601,230.98,267.58,184.42,180.79,157.53,162.16,164.53,149.68,129.18,107.02,222.01,255.7,353.96,411.79,419.72,430.8,390.76,466.03
PROJ_0602,39.18,47.09,85.06,81.75,76.39,101.1,72.13,98.84,69.89,60.4,43.66,43.72,136.74,104.54,134.51,70.29,69.13,73.56
PROJ_0603,511.41,560.66,565.36,430.64,562.11,633.69,434.27,535.74,334.29,403.53,747.74,724.57,844.11,638.77,733.71,773.97,1004.13,758.84
PROJ_0604,359.8,336.11,607.45,609.63,578.37,878.22,851.35,690.41,619.89,539.46,502.26,420.37,1071.0,994.56,913.57,647.86,689.25,689.82
PROJ_0605,123.0,131.48,96.18,71.5,72.1,90.96,85.11,90.9,58.29,72.16,148.76,155.45,230.6,208.49,255.34,284.63,263.89,230.4
PROJ_0606,124.61,121.91,126.22,130.82,137.12,127.16,113.41,127.89,91.3,62.8,134.41,111.01,134.96,135.09,146.01,141.89,157.76,143.17
PROJ_0607,496.18,540.87,467.66,381.97,352.58,489.59,362.62,510.38,338.81,312.49,425.2,409.29,595.42,564.84,665.18,741.96,682.88,625.06
PROJ_0608,586.37,511.33,1260.96,1231.99,1328.6,1273.95,1185.08,1475.15,1017.84,1023.79,637.48,725.21,2633.24,2838.8,3305.15,1008.46,1327.67,1112.31
PROJ_0609,627.45,613.76,1119.02,1093.66,900.57,916.3,972.96,958.14,860.58,697.64,697.81,639.92,2555.31,2645.96,2611.03,1516.5,1751.17,1459.9
PROJ_0610,274.57,254.02,500.2,674.42,620.25,700.53,575.58,643.5,553.07,425.36,208.01,234.78,895.52,1015.66,951.58,420.35,353.6,344.28
PROJ_0611,92.38,91.83,151.03,114.84,123.8,175.23,156.47,124.27,119.42,110.7,126.06,118.46,276.61,304.39,311.6,223.74,207.77,227.49
PROJ_0612,474.43,439.41,397.17,415.86,453.27,529.89,610.3,465.15,402.69,325.12,512.36,379.74,501.44,408.42,411.65,483.12,448.48,466.58
PROJ_0613,323.61,413.96,535.1,593.82,666.78,684.59,596.86,655.87,389.27,475.74,369.18,418.76,997.91,770.75,729.37,502.59,532.78,499.7
PROJ_0614,435.29,414.94,1750.7,1436.38,1241.5,1257.96,1424.07,1232.87,901.79,929.84,454.76,486.89,1167.67,1090.72,1202.57,389.46,495.15,408.02
PROJ_0615,414.11,450.36,677.25,579.44,671.67,680.6,686.4,844.22,469.57,508.8,361.65,364.78,1005.99,1062.99,1018.73,540.02,477.5,572.71
PROJ_0616,277.47,306.99,292.54,318.14,308.35,288.35,320.82,334.84,262.1,214.72,293.43,265.11,303.35,322.65,323.45,239.01,244.21,305.25
PROJ_0617,241.53,266.69,283.21,348.6,328.49,295.6,286.31,363.89,211.36,273.62,250.39,242.53,696.31,913.06,832.98,510.05,508.34,474.43
PROJ_0618,99.95,87.85,308.45,278.3,279.28,307.08,261.96,306.16,240.94,199.05,71.31,90.66,204.97,284.27,257.62,84.65,87.36,85.56
PROJ_0619,342.43,336.2,593.2,710.99,524.45,628.06,592.27,655.72,419.19,542.44,335.8,425.48,835.42,910.75,810.48,603.49,651.69,491.09
PROJ_0620,447.7,352.51,387.77,409.56,333.41,407.69,344.83,449.76,293.09,350.7,344.74,443.22,324.58,395.22,349.86,330.76,317.44,402.6
PROJ_0621,278.7,321.09,743.66,578.06,507.92,588.33,581.88,676.32,548.05,458.55,285.65,351.54,1435.94,1606.91,1830.68,571.92,627.12,700.58
PROJ_0622,93.67,95.75,347.35,318.2,317.72,312.24,309.8,306.63,198.96,236.24,77.82,75.02,244.83,235.3,278.04,77.64,92.45,87.46
PROJ_0623,339.23,355.92,397.42,430.74,377.96,387.08,397.87,363.21,255.33,374.85,330.39,334.88,452.46,419.77,383.93,417.49,462.55,330.86
PROJ_0624,424.06,540.6,1051.08,1131.83,874.66,1224.48,974.51,1128.94,871.74,656.44,444.66,520.32,2687.41,1964.61,2694.08,885.7,909.55,884.47
PROJ_0625,158.97,116.34,93.7,78.19,106.6,112.03,89.44,92.0,69.35,70.05,164.08,149.36,220.94,247.47,223.67,232.4,230.14,253.99
PROJ_0626,466.02,382.22,380.48,338.63,402.16,332.88,405.22,336.82,278.17,240.58,478.91,536.69,470.03,612.14,578.34,672.64,698.12,627.33
PROJ_0627,256.94,263.51,175.58,143.43,167.73,149.34,173.48,139.22,110.91,133.06,290.66,207.2,404.25,416.61,463.32,503.42,398.74,407.02
PROJ_0628,407.38,342.45,377.17,376.18,379.79,324.87,384.94,377.3,209.75,233.44,369.5,396.97,570.53,549.77,443.09,586.56,508.25,528.0
PROJ_0629,187.5,239.95,241.25,257.74,260.74,215.75,273.97,213.21,172.43,182.73,186.09,195.83,206.22,193.18,266.42,207.78,227.11,272.09
PROJ_0630,186.34,175.07,141.8,107.57,105.49,134.98,129.23,148.91,79.07,101.36,209.91,230.15,259.64,271.8,354.83,381.97,295.92,301.63
PROJ_0631,488.01,449.82,374.55,420.46,327.2,346.97,419.78,462.92,264.58,313.18,408.52,412.23,635.43,463.83,443.33,729.25,620.87,629.84
PROJ_0632,507.33,395.0,960.48,838.42,762.59,1071.34,924.31,1142.74,846.29,826.0,448.86,432.29,2620.88,2222.37,2453.21,1024.56,825.43,767.96
PROJ_0633,202.64,199.96,420.62,478.89,517.0,399.13,380.84,462.81,344.11,364.91,165.79,223.05,426.93,417.17,357.14,156.11,193.58,176.46
PROJ_0634,406.67,519.86,318.64,434.27,370.56,462.07,371.77,428.8,302.7,346.22,419.3,424.16,654.67,465.75,584.9,548.93,553.31,691.88
PROJ_0635,152.06,153.35,176.92,196.13,214.0,149.2,152.32,152.3,131.75,111.95,159.53,145.77,155.43,168.61,149.84,147.52,135.11,149.95
PROJ_0636,47.06,59.15,149.07,132.86,139.77,173.97,200.17,157.91,113.04,120.14,61.73,59.18,134.14,163.1,174.21,57.57,51.77,56.82
PROJ_0637,694.47,591.75,442.13,509.54,443.4,472.11,557.63,560.67,291.6,296.69,765.5,716.8,962.91,1256.88,992.99,1117.21,1478.14,1402.13
PROJ_0638,270.09,303.74,437.87,305.94,395.2,366.97,409.32,401.02,287.56,263.54,337.21,286.3,1085.59,885.36,1067.73,574.03,538.2,610.03
PROJ_0639,439.73,391.77,612.37,650.75,652.7,561.35,638.23,555.39,412.89,438.53,502.75,380.52,1174.01,1145.04,1414.65,772.93,753.84,695.61
PROJ_0640,378.16,319.57,454.78,368.43,367.63,396.6,454.15,474.4,313.16,327.83,279.91,328.02,923.96,927.98,873.96,705.37,766.82,685.8
PROJ_0641,238.46,340.1,677.01,561.57,479.58,567.44,617.64,579.53,398.04,396.01,367.0,255.49,611.33,805.08,610.07,406.69,389.32,382.82
PROJ_0642,245.52,311.03,194.02,206.17,186.2,261.44,230.32,263.19,151.9,129.43,359.56,365.52,415.86,530.32,537.53,520.13,618.73,543.75
PROJ_0643,461.69,656.41,475.42,530.75,519.53,628.32,511.68,509.49,348.29,400.7,616.66,676.84,674.43,609.85,819.23,971.26,807.43,923.97
PROJ_0644,506.06,560.59,1213.23,1287.09,1044.55,1214.38,1553.23,1329.77,826.42,880.23,530.46,597.83,1799.56,2090.18,2176.13,713.02,852.88,647.76
PROJ_0645,160.86,139.7,182.26,183.33,186.9,276.99,248.47,287.9,180.3,186.74,155.19,180.48,529.54,650.78,651.33,292.84,349.0,351.41
PROJ_0646,739.55,613.08,510.63,538.54,451.22,532.18,447.9,620.25,324.7,339.91,707.56,869.89,1299.02,965.37,1050.29,1587.39,1387.49,1169.53
PROJ_0647,272.09,197.48,460.92,412.79,502.6,560.79,484.14,536.9,427.28,413.44,236.47,239.07,1325.08,933.78,928.47,404.98,519.15,395.33
PROJ_0648,290.69,334.42,185.22,195.3,209.19,207.84,279.13,201.81,193.34,167.57,288.88,287.44,530.06,498.95,473.74,752.75,626.68,745.09
PROJ_0649,598.56,603.95,574.45,502.28,483.48,424.89,421.15,558.45,336.66,439.38,644.11,694.66,1094.83,1152.57,1323.36,1568.19,1111.91,1332.8
PROJ_0650,780.51,552.05,1118.86,997.78,1065.48,979.74,968.18,1170.66,746.73,854.86,802.75,692.17,2294.08,2198.67,2602.29,1207.55,1620.9,1424.39
PROJ_0651,393.33,379.03,769.41,803.5,799.7,733.59,855.61,780.13,635.42,613.93,350.14,439.31,1850.13,1921.24,2012.5,799.04,827.98,664.67
PROJ_0652,237.21,300.02,603.18,570.44,574.92,571.91,739.81,533.45,413.37,525.26,333.08,250.52,647.53,480.83,620.79,226.26,270.5,252.6
PROJ_0653,158.35,118.06,360.86,394.8,299.64,466.6,380.25,348.69,260.65,273.93,139.46,159.27,578.19,534.38,532.98,244.34,202.12,230.38
PROJ_0654,177.05,135.96,320.68,360.83,309.65,400.81,311.02,345.26,226.3,196.2,195.66,146.23,909.77,811.83,888.6,363.19,314.3,367.16
PROJ_0655,630.95,575.43,807.1,667.06,611.35,754.67,814.25,745.06,611.41,646.41,645.89,703.76,2254.4,2196.93,1991.33,1005.83,1342.21,991.74
PROJ_0656,548.61,590.98,437.51,455.85,342.26,519.49,406.73,429.44,315.8,317.21,750.82,555.14,933.52,859.49,1180.78,1521.7,1356.37,1320.97
PROJ_0657,807.86,626.43,1377.75,1673.45,1507.02,1498.0,1501.19,1417.18,1105.12,1057.93,626.14,849.47,3752.07,2835.38,2938.83,1164.82,1145.5,1144.01
PROJ_0658,381.81,504.07,333.73,328.41,308.54,353.51,355.45,375.03,257.93,258.32,529.41,482.64,652.84,614.94,713.62,740.46,767.93,716.44
PROJ_0659,178.5,230.47,184.61,173.89,186.51,196.44,228.24,224.88,125.86,155.9,158.01,207.76,227.82,225.62,171.16,212.83,216.74,222.27
PROJ_0660,462.31,501.44,606.03,552.23,725.38,729.63,674.61,854.36,544.66,653.55,609.62,626.18,1891.41,1436.24,1408.35,1192.85,874.95,978.49
PROJ_0661,601.32,509.62,683.61,757.63,725.27,904.47,701.21,841.0,534.35,640.63,520.08,540.09,2153.39,1716.61,2102.07,1047.43,1029.9,1059.45
PROJ_0662,482.84,401.76,451.27,510.17,479.8,514.4,551.32,465.8,328.73,314.15,498.33,416.2,365.03,497.64,496.24,408.23,393.56,449.24
PROJ_0663,525.05,463.73,865.2,854.28,863.63,864.84,1134.57,859.5,712.2,841.86,446.2,425.91,1094.39,789.37,1070.86,382.72,447.95,488.45
PROJ_0664,240.32,257.01,297.98,347.33,288.59,415.84,384.26,369.11,222.23,270.38,277.28,245.05,905.03,701.95,746.54,555.17,435.46,455.4
PROJ_0665,47.08,48.46,60.72,62.95,72.41,84.42,79.9,86.19,65.26,69.85,45.21,41.62,100.53,95.38,106.3,76.53,62.53,57.24
PROJ_0666,251.25,298.0,145.3,184.45,187.47,175.39,191.33,177.66,120.17,128.88,222.6,287.59,469.65,383.03,426.04,444.64,423.79,530.59
PROJ_0667,54.63,71.22,116.31,144.31,121.27,133.41,154.91,141.38,90.15,116.75,59.91,53.83,123.7,131.79,133.63,72.59,65.06,56.93
PROJ_0668,440.75,409.41,444.31,342.0,423.18,463.92,497.6,370.61,286.2,378.01,543.05,518.87,669.33,707.06,551.27,848.16,616.41,870.44
PROJ_0669,91.79,96.09,266.69,356.63,379.59,321.39,325.4,318.87,219.28,283.65,87.37,125.83,372.35,269.47,321.76,126.9,120.95,115.12
PROJ_0670,258.23,264.09,594.57,505.71,567.84,641.19,566.98,501.72,406.31,488.77,322.44,285.31,944.55,855.67,811.04,541.83,461.79,571.71
PROJ_0671,793.83,633.54,878.24,842.94,985.02,1075.37,1027.77,1208.4,732.58,824.87,787.65,746.19,1890.98,2460.84,2447.04,1180.58,1553.41,1370.66
PROJ_0672,211.96,257.55,769.38,860.81,859.51,617.81,729.18,668.97,481.44,581.12,183.44,270.78,655.38,628.95,798.9,226.78,238.43,245.86
PROJ_0673,285.99,212.12,207.33,298.17,200.08,296.71,286.07,279.66,221.97,238.44,203.87,260.41,270.59,229.67,288.13,244.72,215.58,284.3
PROJ_0674,401.42,286.37,900.79,725.11,656.92,678.36,856.7,642.53,465.0,597.77,328.23,293.05,608.34,762.37,715.63,376.59,286.14,335.29
PROJ_0675,427.96,346.67,531.02,583.06,571.21,490.42,662.87,557.21,425.64,346.16,425.96,417.03,1495.28,1230.28,1418.85,705.08,789.16,895.65
PROJ_0676,292.96,302.57,641.92,652.95,492.89,539.12,626.19,735.46,444.64,416.21,283.16,230.39,485.95,479.64,452.63,303.8,259.52,242.01
PROJ_0677,177.87,164.5,112.95,109.29,94.59,139.58,109.59,115.22,82.71,88.03,163.14,177.24,264.71,243.22,338.73,326.47,296.69,357.05
PROJ_0678,628.06,820.28,1219.63,1458.08,1741.57,1404.97,1432.56,1692.28,1410.31,1129.17,835.7,679.1,3906.63,3331.69,3865.05,1235.65,1493.77,1323.65
PROJ_0679,86.89,89.02,184.56,193.91,159.37,190.36,143.87,207.07,135.6,125.52,84.13,95.32,459.02,454.88,406.71,153.65,190.87,170.7
PROJ_0680,259.45,265.03,536.49,553.47,520.85,645.23,641.72,548.04,353.91,420.51,285.14,274.54,1474.19,1067.44,1166.58,584.62,599.64,494.89
PROJ_0681,503.87,556.19,376.28,386.0,348.43,389.72,447.52,441.82,326.27,291.36,572.71,576.41,1130.3,917.38,998.15,1159.5,1321.91,1088.85
PROJ_0682,287.42,335.68,425.28,510.56,472.3,646.36,589.13,435.25,447.05,425.59,327.6,286.05,634.48,775.9,720.27,506.85,400.71,467.16
PROJ_0683,307.64,360.65,280.21,327.19,297.22,392.14,348.62,417.06,231.42,279.75,354.82,276.62,278.52,315.77,356.92,405.29,286.02,369.79
PROJ_0684,218.65,216.76,612.93,722.72,609.43,760.55,606.27,751.98,583.97,567.12,187.09,231.11,510.4,652.29,570.55,215.88,195.87,163.13
PROJ_0685,182.96,167.48,716.53,838.39,808.26,754.68,759.63,641.85,493.19,493.66,173.28,213.05,669.16,642.3,675.51,173.75,226.44,181.07
PROJ_0686,250.86,195.76,434.6,433.78,395.69,453.07,419.28,493.05,406.43,323.21,218.7,249.56,427.72,493.77,426.65,212.79,188.11,185.3
PROJ_0687,309.2,334.76,252.83,344.56,279.29,315.87,376.97,377.21,239.15,215.66,257.16,268.96,329.23,275.23,319.04,259.91,293.45,278.49
PROJ_0688,371.34,381.17,739.36,716.85,666.42,585.65,793.74,786.55,570.87,490.25,348.79,442.58,885.66,869.37,886.5,569.34,519.16,598.45
PROJ_0689,724.42,686.42,374.64,535.63,439.89,491.46,492.78,474.52,390.28,293.87,838.6,613.58,1367.87,1198.41,942.21,1402.17,1275.69,1615.91
PROJ_0690,203.35,185.02,286.91,353.75,314.96,272.11,259.55,251.61,212.97,203.72,224.21,201.02,635.25,609.43,679.6,356.45,420.95,343.47
PROJ_0691,208.95,224.49,644.64,545.36,630.04,565.16,527.05,714.82,522.96,376.75,228.75,189.8,676.35,649.09,675.27,219.87,230.78,204.02
PROJ_0692,223.62,239.91,552.58,433.12,588.31,487.1,635.25,548.6,456.32,475.22,243.18,270.74,447.12,562.4,566.24,230.44,203.22,244.09
PROJ_0693,122.39,158.97,255.05,332.05,335.22,360.93,322.56,281.34,253.33,243.79,179.11,143.02,580.57,845.54,800.39,250.58,307.45,225.68
PROJ_0694,285.45,263.69,531.51,500.98,507.75,602.67,551.96,605.56,460.21,484.1,318.69,266.89,1137.87,1580.64,1602.75,664.89,660.61,587.87
PROJ_0695,590.43,499.39,1137.23,1205.78,1140.88,1084.2,1067.14,1028.44,772.61,920.64,587.85,489.57,2765.77,2426.98,2608.93,967.11,1028.82,1113.76
PROJ_0696,290.05,292.39,203.14,228.58,190.2,192.94,201.17,209.22,164.94,130.54,322.31,261.8,451.69,500.57,482.0,608.07,597.88,483.5
PROJ_0697,335.81,329.53,545.33,459.39,516.9,700.08,728.39,698.97,430.26,369.19,301.3,284.41,1190.99,1181.38,1207.85,494.99,617.95,534.45
PROJ_0698,129.84,138.44,394.29,367.16,352.41,402.03,398.43,394.18,266.02,273.52,142.08,138.24,453.7,470.57,485.22,206.14,199.79,168.47
PROJ_0699,407.16,413.46,1695.62,1461.32,1257.78,1196.83,1433.78,1256.63,1041.75,1074.99,510.42,462.07,1060.2,1242.74,1458.18,393.34,508.95,440.05
PROJ_0700,384.17,411.57,1600.79,1647.7,1576.95,1406.05,1677.57,1346.4,1050.72,1188.48,545.09,447.84,1374.71,1222.87,1323.7,378.77,524.84,371.48
PROJ_0701,123.66,104.75,285.25,262.84,276.49,322.73,334.65,372.59,214.94,238.22,144.85,114.33,495.08,511.07,492.05,177.63,188.15,171.49
PROJ_0702,487.45,558.25,352.08,436.75,391.97,374.51,454.79,480.41,321.4,355.02,481.03,592.43,621.3,657.62,533.24,688.63,819.12,577.37
PROJ_0703,240.88,278.59,183.29,190.49,182.99,216.55,183.57,192.83,152.18,144.38,224.67,252.98,426.28,460.04,424.78,556.62,568.66,453.93
PROJ_0704,722.04,705.76,1229.48,1374.41,1406.81,1710.69,1494.31,1263.53,1098.39,1253.24,756.98,682.67,4030.94,2974.8,3211.09,1345.3,1511.36,1565.33
PROJ_0705,106.22,144.07,505.37,537.71,538.79,472.96,372.95,394.01,363.63,321.76,131.0,150.45,444.93,422.22,446.17,109.07,142.29,153.03
PROJ_0706,284.23,308.38,968.95,873.95,723.64,865.18,886.58,885.44,798.38,738.56,411.0,302.6,1262.79,1205.73,1483.57,614.64,504.25,618.63
PROJ_0707,577.72,667.02,1061.13,902.5,1116.98,933.18,1175.97,926.12,672.14,748.2,900.92,790.94,2519.09,1921.3,1966.12,1185.59,1617.35,1283.06
PROJ_0708,532.37,596.64,393.79,367.36,305.46,410.65,459.15,374.72,330.2,245.69,709.09,719.34,762.94,936.43,919.67,1299.31,1161.62,1193.92
PROJ_0709,430.81,406.27,351.08,341.74,369.34,408.04,377.4,364.1,303.99,292.23,601.39,625.05,783.54,885.72,876.31,850.52,1031.42,949.87
PROJ_0710,361.71,321.79,1458.44,1433.58,1345.56,1050.49,1245.4,1022.93,828.7,840.38,425.59,356.54,1150.6,1272.95,1074.13,425.63,315.34,349.05
PROJ_0711,222.21,271.66,627.42,563.7,557.15,443.06,570.04,480.66,320.64,422.58,278.47,272.53,539.67,577.68,745.0,395.05,470.18,331.59
PROJ_0712,452.04,470.01,301.96,291.44,297.02,340.82,362.83,296.06,226.68,242.93,426.56,401.59,854.26,632.08,643.03,905.02,717.94,702.97
PROJ_0713,182.46,187.7,773.07,900.38,745.31,708.16,758.55,671.58,516.09,506.28,207.02,211.13,533.35,765.44,789.59,253.04,177.31,243.18
PROJ_0714,744.14,605.64,1130.91,1070.51,827.23,1257.23,901.85,1041.18,666.0,663.29,915.51,793.45,2177.84,2676.45,2771.74,1687.54,1696.44,1680.59
PROJ_0715,381.59,338.72,282.02,204.61,209.07,258.08,242.16,277.37,224.06,192.11,393.91,373.74,652.52,506.27,493.71,763.88,733.09,696.21
PROJ_0716,600.77,528.14,1379.95,1246.57,1258.82,1638.5,1550.22,1256.83,1094.33,878.15,602.4,745.2,2736.02,2934.61,3729.8,1409.68,1508.09,1483.57
PROJ_0717,171.13,194.8,633.68,718.51,625.63,488.72,511.34,676.68,370.12,461.66,211.48,202.84,535.78,490.31,648.8,189.91,178.0,217.71
PROJ_0718,320.73,353.64,610.66,615.37,694.63,860.0,745.08,856.8,649.91,666.68,296.08,401.64,621.81,781.42,686.83,392.09,320.56,382.99
PROJ_0719,279.72,285.54,1032.19,922.56,1067.45,1166.11,1138.52,1185.82,882.44,919.54,273.8,338.42,1085.22,875.25,893.68,298.33,338.52,311.39
PROJ_0720,525.97,514.95,436.83,370.28,454.96,481.76,385.31,397.88,302.62,386.15,497.19,431.69,528.12,501.13,592.54,827.73,725.13,840.12
PROJ_0721,451.11,544.13,1535.12,1473.24,1571.34,1377.67,1515.22,1621.87,955.52,1240.76,551.7,499.63,2285.02,2234.89,2382.5,955.77,753.01,872.92
PROJ_0722,327.5,245.02,540.08,635.58,459.31,703.48,597.75,695.02,458.01,466.75,323.0,240.78,1434.76,1596.47,1614.04,648.28,577.85,575.11
PROJ_0723,599.11,612.04,510.93,399.5,408.58,563.59,497.93,495.17,343.23,438.31,753.77,668.19,864.19,846.13,650.74,758.21,778.66,738.03
PROJ_0724,771.76,682.06,1740.76,1561.77,1410.1,1961.98,1941.31,1826.55,1334.65,1423.37,828.82,917.92,3084.85,3815.77,3738.76,1217.74,1247.16,1208.25
PROJ_0725,356.95,319.53,377.04,437.66,406.71,457.65,347.71,486.01,267.16,286.63,391.61,455.91,466.51,432.98,424.68,393.31,414.77,333.67
PROJ_0726,443.85,583.8,777.08,605.83,584.47,639.6,712.86,637.95,552.58,432.89,438.91,475.06,1810.89,1514.78,1610.97,1039.27,1090.88,902.54
PROJ_0727,160.58,134.42,310.99,288.22,344.17,385.76,358.86,377.14,201.0,249.73,129.26,133.89,296.68,322.46,320.05,168.72,150.49,172.07
PROJ_0728,457.44,451.29,294.3,334.15,361.18,432.13,292.09,337.9,247.35,241.67,483.47,350.93,467.17,536.91,476.53,509.43,620.34,599.37
PROJ_0729,184.87,170.41,444.34,325.33,410.93,348.04,369.99,336.57,219.47,202.94,175.97,174.52,268.15,328.0,339.48,158.57,143.67,178.62
PROJ_0730,258.75,266.36,432.83,444.11,350.07,524.66,410.35,509.22,377.76,346.14,275.63,223.73,596.39,639.33,509.64,310.13,439.68,342.56
PROJ_0731,154.52,148.06,290.0,271.05,305.83,302.91,242.98,299.31,180.2,247.85,150.58,157.94,404.42,360.89,417.45,242.72,291.24,206.0
PROJ_0732,262.83,277.48,520.84,645.41,701.17,625.53,658.65,610.5,390.7,476.62,242.12,281.11,1410.49,1464.86,1487.44,425.34,556.12,449.64
PROJ_0733,125.62,122.07,197.19,256.09,222.55,252.96,295.48,264.17,187.2,145.85,99.4,91.6,210.93,211.94,228.74,121.58,98.51,117.59
PROJ_0734,94.51,70.79,137.85,106.04,131.21,130.28,96.66,110.9,99.46,76.91,94.1,90.28,233.68,296.1,273.46,136.86,191.12,161.48
PROJ_0735,445.8,360.15,347.08,445.19,434.23,406.25,490.6,447.49,305.13,362.07,424.97,407.18,450.35,413.28,477.22,457.65,382.97,400.3
PROJ_0736,255.51,250.15,126.21,131.0,136.19,182.47,185.48,177.56,104.86,133.04,187.35,223.29,342.38,365.07,368.73,384.55,380.95,484.46
PROJ_0737,328.04,393.94,692.56,732.98,719.63,941.48,853.71,799.29,715.77,527.29,437.08,355.23,922.09,633.76,807.91,414.32,407.21,444.77
PROJ_0738,90.23,103.19,203.9,205.68,177.88,200.34,216.47,217.7,164.51,161.99,111.74,122.63,265.21,226.2,301.36,166.72,131.88,171.53
PROJ_0739,455.71,413.03,520.28,545.35,502.45,440.36,565.78,440.57,467.29,362.04,573.05,401.62,418.6,489.3,550.62,587.34,503.21,470.15
PROJ_0740,581.47,734.81,451.26,551.57,470.22,576.76,594.02,437.62,370.23,438.92,735.48,778.17,1361.85,1058.25,1372.03,1363.43,1474.92,1324.19
PROJ_0741,234.52,190.17,383.31,448.17,433.37,534.04,416.06,442.55,328.08,362.36,208.51,198.38,482.11,509.26,498.39,211.23,264.89,242.38
PROJ_0742,463.32,392.12,1191.96,1315.58,1189.63,1571.88,1349.95,1258.35,915.04,904.67,432.32,354.94,1351.53,1221.78,1356.9,520.16,508.4,456.54
PROJ_0743,712.36,794.94,1148.21,977.89,824.61,1195.17,868.69,1194.54,655.16,661.98,874.12,845.16,2515.79,2769.81,2800.04,1447.97,1765.42,1389.09
PROJ_0744,613.67,804.27,546.11,649.87,465.99,437.49,422.83,539.24,426.82,362.13,630.22,715.46,1105.93,1245.08,1249.16,1188.63,1367.88,1493.55
PROJ_0745,435.87,464.47,420.28,386.38,326.56,393.14,491.03,397.72,362.47,317.34,516.94,579.15,574.85,539.92,507.73,773.36,714.9,813.15
PROJ_0746,251.67,247.28,847.45,810.8,1043.41,708.01,980.69,684.93,619.87,505.85,284.63,226.46,788.25,895.93,813.85,223.06,286.38,250.01
PROJ_0747,276.21,341.18,771.75,666.78,756.91,816.64,741.59,701.26,598.53,520.02,297.74,318.42,789.4,626.56,613.27,292.71,281.97,408.4
PROJ_0748,370.37,398.53,1214.56,1030.31,1225.92,1426.84,1320.98,1306.51,852.25,995.6,304.97,401.45,1034.55,1123.9,1267.12,380.33,295.73,397.5
PROJ_0749,205.62,185.47,160.7,158.67,160.69,120.67,127.37,146.62,108.97,80.38,163.35,175.73,324.12,336.37,301.89,296.7,323.45,401.13
PROJ_0750,304.24,272.52,497.25,606.25,538.59,515.97,549.48,701.77,420.24,421.91,302.29,323.56,911.96,902.73,789.1,562.53,462.72,556.83
PROJ_0751,326.68,377.43,306.06,311.02,295.49,314.83,332.0,319.28,193.32,211.5,456.36,443.86,773.21,662.99,583.7,712.21,915.29,646.0
PROJ_0752,697.2,499.51,774.9,907.26,780.07,1005.88,748.55,895.11,669.38,749.31,542.67,606.17,2154.07,2413.74,2307.1,1383.4,1223.35,1246.25
PROJ_0753,680.57,683.2,555.97,559.2,571.32,461.31,500.35,649.51,403.91,345.45,645.59,682.4,841.68,836.9,609.85,876.2,721.59,1031.42
PROJ_0754,65.22,78.75,102.82,105.02,102.54,119.49,115.55,91.97,75.74,81.49,74.41,88.33,231.79,282.87,214.67,166.16,131.01,151.68
PROJ_0755,74.26,84.39,212.42,268.36,247.06,312.29,286.36,275.34,217.28,170.47,84.25,76.49,263.4,194.35,233.06,84.85,78.74,71.62
PROJ_0756,88.72,102.59,238.34,255.65,322.96,346.04,241.64,300.6,178.45,252.63,87.9,87.06,245.48,277.43,231.66,100.76,89.68,92.39
PROJ_0757,207.95,159.95,191.07,212.64,244.73,165.75,225.07,201.36,150.02,150.17,150.51,164.68,201.69,176.58,187.43,215.56,149.79,179.32
PROJ_0758,133.74,119.31,334.27,335.47,261.85,305.99,211.33,309.54,214.17,167.23,159.51,171.7,328.41,333.29,372.26,182.42,179.96,191.14
PROJ_0759,77.63,67.02,118.35,103.63,103.56,137.61,109.47,138.51,90.65,100.87,73.07,87.32,145.53,204.85,160.62,86.77,108.85,94.49
PROJ_0760,383.64,437.16,870.96,811.32,929.1,845.56,699.92,967.63,554.43,543.19,322.92,363.15,725.76,718.46,809.08,429.24,458.29,326.67
PROJ_0761,413.91,498.49,1211.55,1368.97,1515.52,1471.8,1173.82,1412.22,1018.55,1100.84,482.46,573.45,1986.39,1616.25,1891.95,772.37,656.67,707.88
PROJ_0762,533.14,607.07,1094.78,1368.56,1195.27,1593.19,1613.37,1505.48,1112.8,1013.44,548.54,650.92,1749.73,2274.85,2179.23,947.03,742.05,822.83
PROJ_0763,186.77,266.79,588.16,576.61,600.75,460.34,524.73,564.44,306.35,433.64,264.9,271.41,514.49,420.32,472.94,194.21,252.28,197.27
PROJ_0764,249.41,194.93,375.91,360.34,471.78,418.44,420.63,415.28,320.97,409.42,230.76,209.81,944.12,878.22,1028.77,367.15,352.7,365.92
PROJ_0765,377.46,447.84,336.51,436.09,426.62,516.11,391.11,500.4,373.12,387.66,457.23,345.75,479.79,458.28,360.17,352.49,478.05,350.95
PROJ_0766,153.3,132.77,451.06,346.41,451.27,457.57,528.33,398.64,279.45,290.96,114.74,164.5,351.55,364.46,465.28,124.02,122.67,147.51
PROJ_0767,97.87,115.69,215.28,186.72,211.99,257.29,212.24,245.63,157.71,166.01,111.53,84.07,200.32,170.97,222.36,106.4,94.94,84.71
PROJ_0768,807.52,638.94,502.4,463.9,569.08,458.57,575.39,542.99,294.98,377.67,657.05,593.32,1204.91,1014.26,1333.83,1420.51,1219.47,1644.48
PROJ_0769,108.99,92.68,107.74,126.66,103.76,114.19,115.87,107.35,74.02,88.3,123.87,117.09,89.72,102.76,85.83,98.78,114.25,98.02
PROJ_0770,188.61,164.5,177.23,191.49,178.14,211.62,205.1,187.5,122.03,122.08,190.92,136.38,195.31,154.52,181.86,154.71,196.1,135.22
PROJ_0771,67.78,82.58,54.58,54.61,69.57,74.73,55.59,68.12,42.69,42.53,81.6,66.26,88.91,81.21,102.74,110.35,95.69,126.42
PROJ_0772,102.98,82.64,180.03,137.88,139.39,159.57,144.78,179.71,124.39,140.79,88.56,85.77,215.11,195.73,268.69,148.7,153.01,150.37
PROJ_0773,531.55,507.34,383.85,446.99,368.22,349.26,462.32,382.37,321.41,254.68,634.24,605.1,1137.76,1075.12,804.23,1322.23,1323.04,1262.46
PROJ_0774,224.97,215.29,340.82,365.81,360.95,423.23,499.06,441.93,284.21,361.45,207.38,174.03,446.44,360.07,386.49,190.4,224.53,174.0
PROJ_0775,389.2,443.71,962.97,705.53,737.22,1081.81,1019.16,860.91,629.21,659.07,445.99,427.18,926.11,685.27,940.43,343.28,480.55,340.81
PROJ_0776,49.03,50.23,42.68,46.11,50.99,61.09,53.32,53.49,35.62,43.02,52.68,57.44,60.39,63.77,74.49,73.47,72.6,97.66
PROJ_0777,552.88,680.7,491.1,604.76,565.34,394.17,554.19,462.02,319.91,372.05,756.68,641.23,1022.97,938.0,1128.15,1543.51,1261.48,1564.02
PROJ_0778,305.05,391.9,684.01,627.93,492.74,597.83,535.93,668.55,560.29,443.79,328.42,344.47,900.81,900.16,781.33,578.31,438.98,551.47
PROJ_0779,403.64,353.96,438.36,444.8,406.02,512.14,459.31,418.38,393.18,391.91,348.71,490.23,461.84,350.55,419.22,338.62,430.79,488.08
PROJ_0780,219.77,232.8,413.44,471.6,520.16,452.27,521.32,480.72,408.0,401.2,250.45,220.66,482.43,492.04,497.56,238.98,266.04,208.69
PROJ_0781,373.01,537.52,747.8,1053.42,947.95,970.89,853.21,938.38,658.33,610.88,464.53,393.68,1021.01,1338.92,1032.15,748.94,682.71,628.29
PROJ_0782,268.48,183.74,579.42,552.36,465.97,546.53,665.05,520.42,502.84,471.25,204.29,222.37,719.37,941.67,852.59,269.66,342.38,334.28
PROJ_0783,284.4,218.95,438.02,505.58,578.57,631.23,539.31,524.59,461.93,348.99,275.11,260.83,481.85,542.37,477.13,275.92,231.23,258.85
PROJ_0784,368.53,298.25,919.81,968.99,1041.48,711.52,713.32,744.37,678.98,565.32,337.9,402.41,598.35,748.33,719.38,385.33,400.93,341.31
PROJ_0785,325.86,312.01,422.01,569.89,544.75,529.64,493.15,406.94,320.44,314.68,268.4,317.81,966.37,825.62,1173.01,529.97,618.24,688.37
PROJ_0786,339.62,282.88,341.41,359.59,372.26,332.59,291.75,374.08,232.19,290.1,349.46,361.62,386.97,337.02,378.72,344.5,284.5,365.03
PROJ_0787,496.5,548.89,1033.77,1075.1,1300.14,1045.64,1334.72,1285.18,799.51,798.15,561.14,402.44,1898.62,1888.82,1831.46,666.18,560.79,774.64
PROJ_0788,329.91,353.98,548.81,428.7,420.0,507.61,356.11,368.87,302.74,346.12,447.65,427.67,461.9,313.01,406.55,328.46,451.69,455.56
PROJ_0789,107.78,132.34,123.1,98.3,121.81,153.21,118.82,103.02,111.45,90.38,113.77,126.95,121.89,107.73,98.28,132.32,116.22,125.07
PROJ_0790,64.08,45.2,192.15,184.92,198.03,165.11,171.67,196.74,157.29,160.89,54.13,56.88,145.86,181.04,190.67,62.69,52.55,66.38
PROJ_0791,186.59,219.47,674.41,669.64,728.08,757.83,603.2,633.03,534.81,569.09,221.25,207.28,541.5,735.47,659.26,223.41,217.27,199.35
PROJ_0792,393.36,356.57,467.87,392.58,397.19,569.0,453.5,477.23,329.91,316.6,346.61,493.32,427.36,470.0,511.26,346.09,462.25,366.1
PROJ_0793,499.95,579.04,280.89,405.39,349.96,357.24,301.23,385.85,270.65,240.32,540.33,436.69,1016.82,790.59,840.8,1132.85,1103.56,1175.07
PROJ_0794,813.57,605.53,881.58,990.9,754.2,1102.21,813.34,1182.19,801.97,756.92,716.62,881.59,2523.06,2588.32,2605.0,1118.5,1136.65,1216.14
PROJ_0795,469.44,463.91,1479.92,1892.25,1332.22,1620.05,1447.44,1411.24,859.49,1157.46,490.01,409.99,1335.0,1382.46,1255.8,462.43,430.35,508.84
PROJ_0796,520.87,404.37,1931.05,1612.32,2024.84,1646.06,1282.0,1728.88,979.8,1323.08,564.9,516.41,1455.9,1495.67,1396.11,399.21,561.17,446.27
PROJ_0797,138.77,131.48,299.24,294.26,234.94,248.6,308.59,266.49,237.42,232.1,179.36,135.85,405.32,448.09,355.99,259.34,216.73,267.42
PROJ_0798,270.67,213.84,505.73,418.14,488.6,654.21,500.91,662.11,342.71,434.9,302.5,270.72,591.4,610.17,538.94,283.79,207.26,247.59
PROJ_0799,186.72,230.45,182.08,177.78,199.35,156.25,220.95,157.14,127.68,143.09,206.99,237.14,283.09,288.51,222.29,267.09,251.2,304.88
PROJ_0800,38.99,42.29,103.62,107.57,102.95,66.9,85.87,72.45,57.78,59.05,58.15,52.04,103.41,120.51,134.61,56.34,77.05,60.65
PROJ_0801,250.62,337.43,466.03,638.12,485.91,670.42,671.16,733.1,525.68,500.09,277.1,252.17,613.59,581.29,483.74,344.03,269.4,233.05
PROJ_0802,289.7,257.29,682.17,537.31,600.19,726.23,618.02,741.72,446.01,441.12,217.58,246.81,841.18,1034.98,962.1,326.15,384.6,333.28
PROJ_0803,69.85,83.18,104.42,101.8,87.61,89.74,116.28,108.47,80.57,91.4,72.14,86.04,245.66,214.58,197.08,150.68,132.34,155.26
PROJ_0804,504.5,458.68,1137.12,1177.53,1106.72,1182.48,853.13,1224.59,607.76,659.96,505.91,389.47,845.15,804.73,1017.53,481.74,385.64,459.55
PROJ_0805,345.85,464.74,440.13,542.47,518.21,592.13,679.05,537.75,459.15,408.82,444.45,395.16,1162.56,1087.65,1097.11,926.89,873.34,703.12
PROJ_0806,256.46,275.22,318.06,329.89,367.53,331.27,375.72,328.68,216.65,290.98,292.82,324.02,737.18,925.98,996.41,536.32,600.92,607.27
PROJ_0807,433.69,464.29,487.77,463.85,541.98,482.06,359.31,392.11,279.96,353.6,345.71,356.67,389.91,321.38,458.4,385.62,339.08,351.52
PROJ_0808,220.49,207.56,388.43,367.46,457.15,480.65,471.21,424.04,375.86,341.69,190.98,233.29,456.37,431.82,436.08,190.98,197.58,172.69
PROJ_0809,333.25,304.3,602.82,757.11,555.92,799.41,644.47,573.05,419.19,499.05,336.16,317.78,1713.36,1595.59,1331.58,602.98,539.78,529.76
PROJ_0810,102.82,125.74,251.05,266.45,256.68,216.43,197.4,171.22,164.33,142.15,113.5,150.05,253.08,236.58,343.31,161.05,167.16,145.33
PROJ_0811,262.52,324.57,470.7,432.23,403.16,378.95,418.21,361.07,250.66,314.06,334.24,337.97,1034.28,921.14,1015.13,639.12,441.9,526.8
PROJ_0812,292.71,397.97,1167.14,1116.39,914.68,1293.73,889.3,958.89,834.05,890.19,382.95,305.51,952.5,978.0,807.55,380.34,310.48,292.06
PROJ_0813,95.4,107.34,181.9,140.37,137.66,170.97,148.16,137.4,92.9,126.52,114.86,93.68,276.05,290.31,296.7,167.2,176.59,167.65
PROJ_0814,57.07,59.67,39.28,45.27,36.06,50.81,51.18,52.09,27.92,28.75,67.17,54.81,83.42,82.95,104.25,134.62,108.43,140.81
PROJ_0815,755.5,562.16,1302.83,1119.21,1577.7,1632.84,1599.35,1597.07,989.39,1270.11,843.63,790.73,3340.46,2769.75,2744.31,1157.16,1404.83,1514.33
PROJ_0816,702.32,518.17,361.35,326.19,474.66,485.77,433.33,449.9,325.5,286.39,555.26,583.62,892.12,1015.34,916.36,1300.07,1223.37,1206.37
PROJ_0817,530.05,417.1,473.29,359.21,491.55,494.4,436.29,395.42,388.93,382.58,478.71,437.77,474.02,461.81,402.11,452.37,451.62,507.12
PROJ_0818,409.8,410.24,1206.18,1169.83,906.24,1078.21,792.07,1057.12,588.27,653.55,502.49,353.14,956.44,840.23,710.98,497.2,429.29,485.1
PROJ_0819,647.27,454.5,851.58,878.68,953.11,856.92,988.08,1164.13,653.7,812.54,601.3,506.08,1228.04,1207.54,1477.52,706.35,955.32,949.77
PROJ_0820,192.7,267.56,228.45,157.76,227.77,193.57,226.29,184.69,174.01,175.52,298.91,300.33,240.38,307.79,263.22,295.37,298.6,408.05
PROJ_0821,395.46,302.16,879.51,827.52,680.56,667.53,736.61,722.96,483.95,493.63,326.18,399.2,862.15,841.81,836.13,585.52,536.96,536.2
PROJ_0822,151.14,207.33,467.02,505.28,459.94,624.43,562.75,557.55,483.02,463.59,176.39,172.8,621.58,620.86,568.0,193.21,202.94,207.5
PROJ_0823,168.66,242.78,437.89,420.02,390.93,416.34,499.71,473.02,285.21,338.24,185.0,215.73,1046.3,1067.45,868.83,339.49,365.91,422.34
PROJ_0824,401.05,380.18,300.49,255.02,231.11,290.12,250.89,210.72,184.95,195.2,338.52,293.19,597.73,465.14,554.68,772.86,820.48,648.51
PROJ_0825,224.96,277.61,422.48,536.9,503.25,490.87,563.9,477.98,374.43,433.98,265.43,279.05,803.35,685.39,645.3,340.31,404.06,417.7
PROJ_0826,103.95,98.39,68.23,76.1,83.27,83.94,83.83,89.24,49.88,53.02,94.49,108.27,215.92,167.71,205.9,180.21,212.52,203.17
PROJ_0827,459.69,495.38,461.32,433.31,494.91,556.01,475.03,570.7,288.43,316.87,546.66,584.21,664.49,670.24,755.92,713.33,882.24,801.17
PROJ_0828,194.26,179.35,359.43,372.6,431.11,425.01,369.6,473.59,332.39,368.06,197.29,207.04,386.78,418.2,380.03,166.75,232.96,212.19
PROJ_0829,76.38,72.66,132.32,103.79,113.51,114.05,114.13,108.51,107.59,86.95,89.83,92.13,158.74,198.29,180.09,128.2,109.12,104.48
PROJ_0830,178.06,225.32,172.75,219.43,170.27,225.64,209.22,179.65,131.98,141.64,214.69,211.77,171.12,192.15,162.73,210.76,216.76,224.54
PROJ_0831,368.22,298.32,575.36,739.21,547.66,578.1,649.65,774.87,550.05,609.84,301.08,290.4,606.92,710.03,565.09,376.13,320.6,355.13
PROJ_0832,690.42,605.33,1338.89,1154.92,1372.86,1517.11,1378.67,1191.68,1160.53,1151.44,682.41,777.24,3055.91,2900.47,3004.27,999.22,1244.99,1302.19
PROJ_0833,394.06,421.35,1524.95,1565.53,1673.28,1388.98,1751.58,1338.97,955.32,1223.56,456.89,521.9,1279.15,1240.27,1428.35,395.14,425.67,404.65
PROJ_0834,535.93,638.83,326.59,402.23,398.05,429.96,420.83,451.26,351.34,266.36,693.4,507.95,955.62,966.91,846.07,965.43,958.61,941.2
PROJ_0835,109.94,92.08,199.98,206.41,163.22,169.52,188.72,225.68,136.69,120.09,138.13,115.68,250.17,309.04,312.65,160.0,147.81,159.09
PROJ_0836,238.62,266.46,199.76,234.95,247.29,292.67,280.16,205.61,158.52,181.47,262.96,234.63,370.24,316.88,277.68,404.63,480.16,431.99
PROJ_0837,558.26,650.2,1500.77,1062.45,1364.32,1548.19,1538.37,1223.27,1202.92,960.86,565.95,574.64,3177.65,2637.7,3593.96,1482.2,1041.32,1453.34
PROJ_0838,148.46,101.11,325.69,358.45,334.31,274.49,316.06,296.68,182.66,177.23,133.47,126.05,580.04,542.3,708.48,269.42,232.2,222.87
PROJ_0839,238.35,236.6,352.86,283.43,397.85,280.79,249.58,351.78,212.14,209.93,237.29,297.97,264.18,316.18,294.63,322.55,293.73,311.28
PROJ_0840,311.94,284.87,259.19,256.77,193.45,286.16,239.88,269.53,162.83,156.02,252.53,270.46,292.08,308.34,370.06,416.5,517.22,487.36
PROJ_0841,190.63,214.61,259.04,251.71,265.93,260.79,257.96,230.24,192.17,162.65,251.79,263.24,203.77,247.28,249.83,221.18,185.39,247.41
PROJ_0842,292.36,268.15,797.45,739.85,633.79,996.43,749.63,838.56,647.83,513.71,360.4,348.41,1135.66,1151.4,1345.61,530.25,384.72,431.49
PROJ_0843,366.04,424.68,1024.1,867.73,1049.43,951.17,908.39,1043.85,685.28,762.81,379.67,440.5,1611.28,1238.23,1368.96,594.36,470.9,609.95
PROJ_0844,576.52,479.82,533.49,451.37,404.85,449.18,569.91,600.65,353.88,309.33,507.98,641.85,661.44,676.89,652.04,825.46,885.06,850.77
PROJ_0845,636.29,732.44,482.28,498.96,413.69,464.3,545.52,490.58,412.23,372.05,696.42,833.05,1173.01,1057.23,1376.32,1429.87,1714.06,1289.72
PROJ_0846,324.45,317.63,474.64,571.15,598.67,619.28,593.17,730.54,487.44,535.28,321.05,317.77,614.9,596.96,651.28,294.79,234.09,291.31
PROJ_0847,408.79,573.34,1543.54,1490.45,1281.77,1613.91,1502.78,1716.31,1215.11,1166.08,437.93,491.0,1435.66,1662.86,1687.98,536.4,450.94,396.2
PROJ_0848,717.88,734.24,695.96,878.73,793.51,773.3,1079.08,1055.73,780.73,561.19,652.29,758.0,2188.28,1991.5,2058.66,1000.55,1281.73,1403.55
PROJ_0849,295.13,318.29,618.42,628.97,575.53,547.87,741.21,605.95,519.61,502.82,388.06,413.51,992.85,947.61,942.19,538.47,537.13,550.6
PROJ_0850,498.75,496.1,299.73,369.49,289.23,433.86,391.52,305.61,288.45,256.18,635.64,637.01,964.77,870.5,989.6,1077.94,1169.6,878.71
PROJ_0851,174.25,159.7,345.49,449.67,403.03,479.89,330.92,421.14,325.5,241.65,179.57,172.34,511.82,605.01,479.45,254.16,257.96,223.69
PROJ_0852,488.65,468.11,1142.65,1399.68,1122.93,1287.74,1232.57,1423.79,1096.87,843.57,476.02,444.22,1578.66,1758.95,2028.61,742.97,600.21,767.37
PROJ_0853,414.6,355.0,554.97,683.25,500.31,765.62,762.53,785.3,413.22,416.83,461.59,397.73,887.08,954.18,763.32,588.17,655.22,595.29
PROJ_0854,510.16,612.9,742.03,567.72,736.93,625.32,700.47,794.12,489.21,450.03,578.04,504.72,1747.75,1560.19,1853.64,1198.82,863.84,1153.54
PROJ_0855,244.24,263.88,667.61,624.83,587.71,862.44,870.27,933.57,664.86,551.59,261.81,246.75,1075.39,1215.17,963.41,373.64,414.43,491.67
PROJ_0856,248.31,275.76,623.51,600.83,618.04,771.05,767.16,677.29,459.33,433.3,219.59,231.87,822.14,1021.64,1070.24,415.8,413.71,454.9
PROJ_0857,831.9,637.09,1445.63,1451.15,1951.41,1298.75,1445.65,1563.15,1174.17,1166.21,834.58,770.27,4002.87,2926.82,4013.99,1454.55,1248.4,1672.3
PROJ_0858,694.95,672.73,458.87,375.43,351.1,378.43,498.2,490.02,375.84,359.11,663.78,540.2,852.95,974.64,1090.51,1027.52,1378.46,1268.9
PROJ_0859,271.93,339.37,916.8,964.26,841.58,774.07,650.88,820.76,649.34,698.27,368.47,265.88,1314.41,947.92,900.13,484.91,512.6,520.34
PROJ_0860,290.18,226.49,368.77,352.5,442.03,468.39,397.22,464.18,351.62,372.94,268.65,257.99,684.55,689.31,583.05,311.21,453.87,424.53
PROJ_0861,450.35,524.94,849.48,695.96,717.46,887.25,752.6,657.61,610.54,539.18,575.81,501.41,1403.49,1476.49,2027.61,1073.57,1158.48,827.21
PROJ_0862,274.78,246.9,264.82,234.31,260.41,185.4,186.31,254.92,140.72,133.41,313.5,243.86,320.73,352.59,341.04,305.03,381.68,378.83
PROJ_0863,221.1,259.06,232.38,168.34,168.19,235.84,211.67,241.06,134.29,127.94,274.97,305.22,246.35,336.85,280.51,284.61,354.21,321.59
PROJ_0864,455.72,387.1,279.94,248.22,319.01,362.99,298.21,303.86,269.16,193.3,506.9,463.34,812.37,646.46,647.52,787.06,682.43,734.29
PROJ_0865,203.03,152.48,182.6,205.98,217.72,253.35,205.7,277.48,204.34,160.06,202.38,170.78,547.62,663.62,653.57,322.07,337.39,310.05
PROJ_0866,585.59,624.35,811.96,1132.9,1054.92,894.89,1224.48,1171.0,717.99,782.65,721.32,748.56,1327.59,1542.62,1664.66,1043.47,723.09,874.26
PROJ_0867,155.18,108.17,394.83,418.64,409.29,486.98,368.08,496.36,295.9,366.02,130.65,110.32,480.15,450.45,380.35,122.58,139.8,161.31
PROJ_0868,531.78,684.59,1298.68,1506.94,1327.29,1065.13,1499.92,1105.42,1094.01,781.42,561.48,723.45,3086.57,2541.99,3009.42,1012.57,1334.89,951.94
PROJ_0869,188.22,153.52,334.18,364.04,351.05,323.5,305.11,289.31,285.06,206.45,211.88,190.8,557.21,466.64,474.08,325.64,331.41,288.33
PROJ_0870,543.58,512.2,1415.66,1199.83,1584.99,1732.27,1357.91,1430.63,1274.7,1002.97,523.12,528.37,1372.47,1316.97,1383.96,458.63,506.8,533.4
PROJ_0871,358.29,254.16,341.36,289.74,355.4,285.87,351.35,351.0,233.02,297.51,263.79,267.48,331.06,314.79,283.51,288.49,270.06,359.04
PROJ_0872,611.75,534.45,474.85,576.69,572.75,451.56,579.23,469.86,350.91,454.61,746.73,537.17,855.28,812.0,826.05,997.01,895.38,1052.4
PROJ_0873,625.78,712.41,1318.79,1605.4,1184.64,1522.7,1735.31,1446.79,1019.51,1029.55,823.19,693.72,3416.62,3619.94,4181.76,1589.42,1242.99,1639.9
PROJ_0874,95.58,92.24,253.7,208.64,273.32,279.23,256.11,222.86,179.91,210.12,70.97,89.22,284.22,233.67,209.86,71.89,79.23,94.53
PROJ_0875,384.39,418.48,1092.37,803.5,983.07,989.76,1000.58,933.21,683.64,781.05,414.3,366.51,1159.29,1410.81,1499.0,560.03,438.56,499.55
PROJ_0876,357.88,353.24,258.94,318.17,313.93,375.78,301.07,371.4,303.65,244.39,301.05,261.24,264.99,377.59,383.24,258.33,373.61,280.01
PROJ_0877,431.54,451.21,993.64,1065.21,1106.72,1016.49,1387.3,1021.1,677.4,992.11,443.36,437.8,1437.77,1279.92,1430.75,604.83,636.94,621.1
PROJ_0878,85.22,86.18,68.59,87.6,84.8,95.32,88.12,71.58,51.98,68.88,74.21,85.56,80.53,65.49,70.59,87.85,59.78,80.35
PROJ_0879,543.33,383.8,345.34,387.15,432.25,419.09,344.36,355.67,288.91,282.42,438.61,561.21,462.13,645.09,666.14,719.6,718.3,587.97
PROJ_0880,226.53,209.49,262.14,303.8,235.34,294.48,343.59,317.58,201.86,188.28,213.6,239.82,745.16,626.54,768.43,529.01,455.97,445.88
PROJ_0881,264.36,290.27,593.91,411.47,444.53,469.19,614.8,453.62,468.14,325.88,262.34,229.38,498.07,492.28,554.18,251.66,244.06,275.21
PROJ_0882,524.89,501.23,981.93,892.59,1040.6,981.3,1156.53,1106.26,617.21,587.57,524.49,513.96,2334.07,2669.69,2283.23,842.43,920.31,727.79
PROJ_0883,233.99,263.31,454.58,645.31,635.48,525.43,710.23,689.45,451.98,407.37,224.87,256.73,764.19,791.09,997.07,371.41,372.32,402.24
PROJ_0884,594.52,665.27,1260.52,1156.33,1001.98,1209.06,889.9,1105.86,810.15,833.39,732.11,639.78,2854.32,2894.05,2452.2,1197.84,1529.94,1372.88
PROJ_0885,390.23,387.81,311.72,333.4,326.22,371.91,327.19,318.31,204.63,274.24,391.9,427.12,781.2,805.29,834.74,861.92,839.19,818.39
PROJ_0886,534.68,488.99,323.14,279.94,409.23,314.61,346.72,446.04,303.73,286.28,590.91,465.72,974.6,780.79,1025.81,929.14,1093.2,1059.87
PROJ_0887,338.61,373.34,439.44,349.59,468.13,398.96,456.52,455.16,312.31,335.64,433.49,413.8,404.48,411.85,379.51,327.2,341.23,411.86
PROJ_0888,158.07,109.39,329.71,291.87,332.0,326.66,324.97,323.72,240.1,179.07,135.52,122.14,315.5,300.55,227.61,121.14,132.58,160.0
PROJ_0889,407.59,496.13,452.34,511.27,511.73,476.17,592.04,444.44,435.57,341.88,500.31,453.5,504.21,438.07,496.32,387.98,458.74,546.06
PROJ_0890,595.55,604.32,1267.79,1177.18,1386.52,1278.47,1565.32,1530.42,936.67,915.28,690.36,710.65,2642.71,2709.42,2594.82,1335.07,1312.68,1058.63
PROJ_0891,124.81,136.0,434.98,321.55,340.12,381.28,426.19,346.87,259.0,328.31,125.07,106.29,352.53,315.05,348.73,118.09,103.92,101.34
PROJ_0892,666.69,668.09,1389.95,1833.21,1453.18,1787.92,1832.09,1664.8,1209.16,1097.33,563.81,626.42,1851.21,2318.42,2143.05,755.71,898.25,970.09
PROJ_0893,324.64,317.22,238.07,168.1,218.76,221.6,201.72,274.0,160.77,156.18,290.13,400.98,596.91,432.62,536.24,538.57,681.12,623.01
PROJ_0894,218.81,265.11,754.45,606.84,531.57,839.74,610.67,705.69,527.66,463.88,244.57,237.35,804.8,975.16,1104.98,330.75,420.0,375.21
PROJ_0895,210.85,262.73,233.31,269.9,243.39,303.87,332.59,255.79,243.65,182.69,214.52,227.16,291.63,277.39,307.78,280.74,249.95,299.66
PROJ_0896,589.26,556.1,1018.57,1125.79,868.13,1271.05,1314.53,1167.97,699.87,683.47,628.82,610.11,2737.68,2937.32,2493.39,1150.48,861.67,869.63
PROJ_0897,477.85,443.64,925.33,1064.43,781.12,1138.51,873.8,1191.51,670.08,832.3,525.84,484.0,2156.43,1956.64,2238.06,837.08,812.5,1041.72
PROJ_0898,498.08,500.48,878.15,923.99,943.15,1099.71,1068.33,1024.24,718.57,680.1,660.9,565.19,1603.74,1455.49,1482.38,847.17,988.91,817.72
PROJ_0899,333.47,397.5,238.61,224.34,207.21,226.21,282.27,229.68,146.98,147.99,436.51,375.17,569.99,668.19,538.54,768.07,747.95,680.71
PROJ_0900,739.16,790.08,1172.48,1074.93,1503.27,1408.69,1491.22,1302.54,1211.28,1159.89,839.23,703.37,3964.78,3344.46,3491.73,1424.78,1326.55,1365.45
PROJ_0901,452.49,480.79,549.91,414.98,549.59,429.79,423.83,502.5,300.52,401.84,659.38,541.96,610.92,528.91,706.78,660.24,895.4,912.97
PROJ_0902,369.81,467.49,429.67,442.77,379.77,435.0,346.05,460.84,285.05,306.07,551.52,516.81,553.4,523.3,536.25,612.02,770.01,588.81
PROJ_0903,510.01,588.09,500.48,611.04,474.81,394.16,510.08,486.7,413.91,341.95,489.73,534.26,633.24,683.5,601.83,809.78,923.36,769.58
PROJ_0904,600.74,504.98,1057.78,857.03,974.13,955.43,858.72,963.5,668.21,873.82,556.21,730.04,1411.66,1258.01,1354.46,742.02,963.0,720.45
PROJ_0905,346.2,246.49,461.76,429.69,539.2,554.92,649.24,522.64,327.83,443.63,336.68,369.04,730.75,824.74,653.92,542.07,392.82,511.4
PROJ_0906,404.88,509.2,349.07,350.95,302.04,325.95,380.29,346.17,255.84,218.24,477.49,462.52,812.92,669.93,733.75,1042.64,932.0,1059.95
PROJ_0907,370.78,405.22,415.27,398.69,445.84,327.12,383.55,325.61,291.1,313.37,363.44,442.05,517.49,564.72,430.71,599.39,693.92,630.81
PROJ_0908,442.18,380.13,1126.92,801.69,807.02,894.48,874.08,933.38,573.49,572.71,442.06,368.52,877.1,849.25,670.0,435.95,463.03,452.92
PROJ_0909,65.09,82.29,125.86,112.26,98.94,104.28,127.59,131.69,100.66,100.42,80.85,89.99,226.96,226.2,223.72,189.68,139.48,160.85
PROJ_0910,468.12,447.29,976.52,770.67,915.88,1049.46,1186.58,1143.26,877.27,731.52,411.91,461.96,1140.19,852.07,836.85,566.49,567.57,413.51
PROJ_0911,149.55,131.21,322.99,323.83,384.7,259.54,329.44,238.27,227.11,229.19,148.7,158.0,297.41,295.07,243.41,161.61,133.29,130.54
PROJ_0912,362.67,347.04,313.31,283.83,270.59,389.07,389.05,331.7,286.26,233.45,374.91,458.07,477.08,500.57,437.19,523.38,452.99,645.09
PROJ_0913,260.67,291.83,164.94,206.46,186.49,237.47,216.93,182.71,125.47,138.06,340.0,353.0,456.56,494.51,436.8,674.02,693.86,644.19
PROJ_0914,228.11,266.13,979.69,730.35,874.85,1058.94,999.35,940.13,656.96,767.58,261.5,316.82,796.41,903.04,955.19,278.53,252.24,223.97
PROJ_0915,250.59,233.88,201.86,256.67,260.49,283.29,255.26,292.06,205.15,150.16,265.91,227.35,260.47,246.22,236.16,207.54,180.81,203.08
PROJ_0916,293.94,313.34,547.84,604.1,731.35,687.28,644.57,626.58,577.38,567.96,338.92,274.45,876.91,1148.77,1226.35,387.48,470.38,453.5
PROJ_0917,85.02,70.79,122.72,123.71,161.37,183.94,157.84,132.31,96.56,121.41,85.22,70.07,154.8,148.45,168.76,82.71,64.22,78.18
PROJ_0918,845.71,870.28,1538.42,1292.49,1519.59,1741.85,1484.84,1942.56,1059.38,1383.47,768.3,633.78,3776.78,3903.0,4261.0,1509.09,1243.91,1738.53
PROJ_0919,406.35,359.81,765.3,559.92,553.74,736.17,762.27,729.18,618.6,477.91,513.12,346.52,838.94,865.53,823.51,579.32,680.81,670.21
PROJ_0920,161.39,118.04,224.67,187.89,214.16,235.17,187.79,216.93,183.53,141.94,170.29,185.53,462.68,467.98,480.7,330.34,286.86,292.38
PROJ_0921,55.47,74.59,72.19,64.9,73.9,61.48,67.7,49.46,37.03,48.01,65.43,64.12,85.94,82.07,73.14,89.78,90.17,79.61
PROJ_0922,221.53,252.13,829.21,721.07,710.43,724.23,589.45,650.52,438.8,526.94,227.37,263.48,967.34,1055.83,1015.17,438.6,399.41,350.12
PROJ_0923,514.19,473.84,874.59,820.55,909.78,1141.57,1137.12,979.19,770.63,680.99,624.74,626.52,1325.55,1301.45,1716.23,876.83,885.45,693.89
PROJ_0924,136.15,147.05,462.69,339.34,359.31,513.11,425.76,397.84,328.77,311.54,199.92,140.82,652.99,533.31,656.76,266.55,266.69,268.32
PROJ_0925,191.36,150.83,346.69,395.5,421.57,356.63,424.71,421.65,334.76,270.4,196.12,192.98,420.82,390.53,321.53,141.88,208.96,191.21
PROJ_0926,243.01,241.34,236.37,237.73,253.11,276.96,226.12,193.02,140.91,169.11,244.94,246.03,207.74,198.86,216.57,244.73,227.79,184.88
PROJ_0927,444.1,480.42,1717.9,1915.77,1984.49,1303.13,1380.02,1484.09,1036.13,1086.62,383.66,388.41,1600.84,1185.86,1592.78,433.62,434.13,394.94
PROJ_0928,553.24,647.23,519.44,534.94,377.68,409.27,435.04,557.46,323.15,326.95,846.81,842.71,1222.99,991.12,1090.57,1229.0,1468.45,1527.85
PROJ_0929,64.78,87.63,74.48,84.52,62.04,65.44,55.85,75.36,41.92,47.14,91.13,90.06,99.8,101.83,100.22,119.81,106.58,92.0
PROJ_0930,688.59,576.82,464.15,463.25,409.6,575.79,559.23,529.31,440.06,343.99,680.42,656.78,1195.89,1036.52,1348.38,1299.63,1404.89,1426.64
PROJ_0931,262.15,311.08,305.82,313.63,296.03,307.42,306.02,339.46,216.02,221.5,245.79,304.41,235.94,339.72,243.53,270.71,254.21,260.22
PROJ_0932,490.5,574.11,766.22,796.88,739.62,902.74,1138.85,921.58,782.1,693.22,560.47,646.12,1070.16,1512.66,1312.19,744.84,920.89,741.27
PROJ_0933,262.04,258.4,718.48,741.5,890.89,637.61,793.36,618.31,465.82,528.11,241.64,241.07,688.76,599.84,637.66,197.67,200.38,204.44
PROJ_0934,513.53,436.22,403.61,532.03,399.51,645.73,510.86,436.15,456.0,410.98,556.72,481.16,465.19,524.67,475.43,505.11,450.1,460.93
PROJ_0935,403.95,539.59,455.68,577.15,438.39,528.18,492.0,574.88,435.86,385.98,459.18,532.48,425.14,504.3,530.32,440.24,515.21,530.63
PROJ_0936,409.59,449.54,387.9,447.48,413.88,434.36,411.16,355.36,260.53,288.93,443.57,444.18,629.34,630.0,494.43,752.66,622.63,689.78
PROJ_0937,301.36,254.22,136.7,157.76,179.48,164.44,219.13,179.28,108.65,136.58,287.74,264.07,491.93,487.52,359.35,419.32,466.16,525.8
PROJ_0938,199.8,174.46,151.1,118.14,143.58,159.5,118.18,125.74,90.73,119.59,192.6,232.36,317.19,314.52,371.64,374.92,421.61,372.38
PROJ_0939,441.9,431.64,386.88,476.94,415.86,472.96,405.07,505.51,392.93,367.88,679.78,459.24,529.72,657.0,595.61,847.22,880.87,663.02
PROJ_0940,500.62,348.33,922.66,818.36,915.47,791.9,1108.81,1108.93,691.73,689.03,482.28,472.26,2182.36,2221.53,2452.7,896.12,753.61,1000.05
PROJ_0941,648.83,633.96,1170.05,864.12,819.88,1100.23,1214.11,884.97,777.71,646.03,758.53,732.07,2085.84,2860.68,2571.65,1664.89,1701.72,1715.92
PROJ_0942,223.15,187.32,689.13,613.92,553.37,639.29,616.64,660.84,542.03,484.25,184.15,169.5,695.66,588.87,594.85,224.41,231.4,203.9
PROJ_0943,118.77,101.03,397.29,347.59,368.13,262.33,327.19,293.94,221.09,242.04,136.68,114.84,486.15,375.45,433.64,145.6,154.94,195.96
PROJ_0944,168.97,244.91,325.98,377.41,292.84,406.76,448.06,393.5,264.56,312.88,246.86,192.71,559.8,559.58,577.9,291.85,302.56,372.96
PROJ_0945,355.75,346.78,1032.26,770.54,828.73,1049.2,1031.41,1127.82,733.86,639.52,359.07,312.96,1515.66,1103.5,1319.69,497.95,442.55,475.47
PROJ_0946,171.92,132.6,484.05,474.76,340.21,514.93,418.03,371.16,301.09,366.73,188.53,158.31,665.65,662.87,671.45,248.78,276.03,258.64
PROJ_0947,308.61,408.05,1012.23,1178.31,1165.29,1119.28,1035.79,1291.32,992.83,989.07,381.37,323.42,1008.94,1199.92,1050.17,396.76,335.33,291.32
PROJ_0948,257.22,256.97,519.2,448.19,555.47,540.68,600.43,567.55,381.93,423.6,254.41,248.06,523.36,412.18,575.07,230.71,219.8,273.85
PROJ_0949,230.26,309.16,208.16,197.51,177.34,193.15,198.2,189.68,160.1,158.96,271.68,249.64,266.09,267.18,281.5,358.61,332.51,366.12
PROJ_0950,147.28,113.98,218.57,268.61,251.08,227.0,309.11,301.08,240.09,236.95,130.25,135.38,242.88,291.16,257.32,117.21,101.28,130.36
PROJ_0951,77.78,86.61,202.08,260.14,186.21,262.97,243.62,236.98,179.87,164.37,67.25,86.4,205.84,252.9,250.53,62.63,88.74,85.91
PROJ_0952,501.61,503.97,926.62,1074.03,781.88,817.91,1067.28,905.37,748.67,686.51,446.54,553.65,1921.41,1963.52,2393.05,998.4,1016.2,800.54
PROJ_0953,278.99,252.6,273.29,200.23,228.15,268.85,274.39,223.51,196.59,206.42,228.6,242.07,221.92,277.86,251.6,246.96,285.01,257.97
PROJ_0954,385.75,446.98,1202.66,821.73,1066.61,802.86,1048.4,982.97,795.1,722.71,341.31,424.75,982.6,755.41,704.85,460.21,423.42,346.45
PROJ_0955,71.13,72.59,55.49,51.41,51.73,64.22,52.13,61.15,39.4,40.24,85.06,89.71,153.15,117.99,109.39,151.56,158.92,139.03
PROJ_0956,754.42,730.5,433.9,426.31,355.09,485.56,496.83,553.46,348.15,300.31,606.93,601.31,1278.26,1215.12,1228.77,1482.71,1093.92,1410.54
PROJ_0957,527.89,434.29,1458.53,1559.12,1696.68,1359.45,1863.04,1882.5,1369.65,939.23,433.54,525.33,1359.61,1206.97,1617.98,395.98,477.46,575.37
PROJ_0958,207.91,248.09,410.49,399.88,359.1,442.0,438.04,533.56,398.04,275.63,178.77,225.2,423.4,391.39,385.09,189.54,215.17,171.89
PROJ_0959,772.37,648.71,1642.48,1710.31,1496.65,1789.05,1663.97,1780.73,1116.92,1097.53,672.93,765.49,3656.36,3412.09,3024.99,1282.03,1136.04,1307.99
PROJ_0960,55.74,63.84,47.04,44.4,49.6,51.25,64.05,47.66,51.51,49.35,53.8,63.09,56.77,64.67,49.21,64.73,47.09,50.83
PROJ_0961,81.72,66.0,102.54,95.56,99.71,120.21,123.58,129.77,104.44,74.74,85.69,77.73,191.85,191.89,202.06,87.42,107.39,121.48
PROJ_0962,509.04,392.48,489.33,524.14,425.85,542.08,584.9,519.71,328.6,381.84,484.47,449.81,501.62,455.52,538.65,522.59,525.05,472.88
PROJ_0963,110.7,137.31,104.27,126.89,103.47,140.18,148.91,134.12,97.45,85.59,116.01,123.19,144.32,146.06,148.86,105.85,115.73,124.13
PROJ_0964,259.95,265.96,685.36,613.98,628.92,801.13,606.15,758.7,533.69,421.17,311.96,304.38,1025.64,784.78,789.54,396.04,311.03,311.93
PROJ_0965,273.63,228.61,620.5,579.17,473.82,637.93,515.17,519.33,453.35,455.97,266.65,298.88,544.32,589.83,535.75,309.51,294.04,246.24
PROJ_0966,652.76,676.5,401.61,507.38,542.46,376.83,517.07,430.32,354.82,375.72,774.91,669.75,1095.23,911.94,927.47,1385.47,1165.55,1371.7
PROJ_0967,500.76,541.7,1059.87,1234.22,1016.13,1259.22,1604.33,1501.17,1078.62,834.23,615.92,698.24,2468.4,2971.89,3575.81,1017.01,1419.42,1071.8
PROJ_0968,355.16,356.19,1426.7,1267.29,1338.86,1055.8,1281.93,1151.96,843.59,893.07,487.5,471.36,1289.14,1744.12,1375.53,729.15,580.54,515.92
PROJ_0969,661.47,735.0,546.4,646.3,612.83,463.59,531.74,583.82,440.39,364.8,890.91,620.24,1274.11,1324.22,1154.37,1148.67,1534.83,1338.07
PROJ_0970,113.62,113.9,97.47,77.0,87.44,115.01,106.82,98.63,71.2,61.03,137.78,120.8,183.36,185.6,229.38,231.64,226.97,302.77
PROJ_0971,118.83,151.52,324.84,346.63,271.94,246.4,347.09,304.97,185.59,209.97,140.36,119.59,285.19,283.22,291.52,157.37,135.12,161.76
PROJ_0972,320.72,318.45,1239.04,1221.23,938.46,1275.53,1258.53,975.66,795.82,861.73,378.49,335.13,784.96,1042.25,813.79,346.18,335.33,342.23
PROJ_0973,221.73,252.55,220.96,194.14,184.13,206.35,265.34,228.81,179.68,169.81,310.96,275.23,265.01,278.26,254.88,430.17,404.6,419.18
PROJ_0974,101.0,105.07,266.68,236.9,201.08,171.98,211.94,226.76,152.46,137.11,101.17,91.06,170.12,211.38,191.69,84.94,86.62,95.67
PROJ_0975,116.3,103.7,250.61,258.15,192.01,267.89,272.15,246.27,179.61,178.0,117.38,134.97,237.03,287.39,228.11,129.56,122.35,132.59
PROJ_0976,211.43,183.86,243.46,287.21,286.33,321.76,231.52,215.1,190.31,213.42,161.85,185.33,629.88,539.86,666.4,326.4,415.87,343.79
PROJ_0977,542.6,531.22,383.6,407.42,475.39,390.2,314.75,415.42,243.04,276.85,549.79,553.79,706.79,790.79,713.66,1008.49,1094.67,1108.34
PROJ_0978,406.3,417.0,436.49,415.11,464.68,397.81,382.51,426.11,345.98,326.16,447.42,441.6,658.71,565.05,656.69,677.46,683.33,652.34
PROJ_0979,529.91,358.05,1133.4,1511.18,1139.21,1113.89,1105.14,1317.21,856.46,1008.98,528.6,486.98,1497.88,1859.75,1908.75,755.59,546.58,718.74
PROJ_0980,396.94,432.04,996.84,1227.11,1184.28,1394.57,1304.75,1381.84,831.33,760.17,346.94,413.25,938.78,1161.75,1315.72,424.99,392.13,409.96
PROJ_0981,156.2,184.41,373.71,410.73,336.91,342.01,438.07,404.7,335.62,293.01,224.06,197.42,1026.82,1003.95,836.18,340.87,427.92,329.3
PROJ_0982,400.09,318.16,681.08,549.6,641.25,697.27,599.18,677.46,569.4,530.1,480.86,447.42,980.19,950.44,1089.2,562.21,534.55,630.62
PROJ_0983,488.67,412.0,236.81,289.01,303.69,289.3,334.91,308.48,203.99,233.08,423.51,494.05,554.85,780.64,638.92,983.78,917.15,744.92
PROJ_0984,840.02,704.88,948.62,1093.98,1097.32,1115.43,1231.89,963.22,671.49,610.4,705.78,782.87,2167.06,2424.84,1925.48,1327.71,1549.87,1186.84
PROJ_0985,539.71,549.35,510.67,573.75,587.37,444.94,585.86,489.23,383.0,417.19,539.2,564.63,537.83,552.15,516.7,420.87,401.86,502.92
PROJ_0986,296.54,230.29,530.56,492.75,560.65,574.29,528.88,481.54,405.62,439.62,319.87,243.24,548.68,560.52,578.59,254.28,229.26,319.01
PROJ_0987,272.83,225.29,858.4,674.94,680.99,633.22,835.1,679.13,484.42,445.37,186.92,222.26,704.55,714.92,681.33,227.26,254.39,211.56
PROJ_0988,504.83,643.94,808.93,745.04,684.44,706.95,674.14,943.79,624.07,492.31,519.44,548.55,1701.83,1916.39,1804.38,1300.46,1227.0,1313.32
PROJ_0989,193.76,197.72,504.22,391.14,373.88,402.98,489.14,498.98,282.61,381.86,204.05,192.72,618.16,546.6,635.92,219.2,264.46,234.51
PROJ_0990,430.13,467.22,329.3,302.09,378.16,281.55,408.85,280.82,226.28,305.87,556.97,539.9,869.62,768.25,888.16,824.88,1069.5,1125.25
PROJ_0991,561.25,538.07,520.73,495.14,470.42,619.1,571.96,526.04,437.55,322.74,552.5,552.02,437.68,400.2,532.97,432.05,588.42,394.6
PROJ_0992,354.54,324.69,884.88,820.03,905.8,1036.32,913.02,780.67,532.37,729.18,380.77,490.74,2288.24,2089.11,2070.18,938.36,876.41,853.28
PROJ_0993,374.13,381.54,880.65,1086.13,972.52,939.54,688.41,963.89,594.16,672.68,334.24,474.13,2042.76,1887.36,1769.13,709.95,707.6,654.65
PROJ_0994,601.66,599.14,1177.99,1320.19,1181.84,1122.3,1532.24,1302.86,1037.47,1144.77,720.86,661.31,3107.47,3479.28,3447.66,1064.05,1282.78,1399.62
PROJ_0995,565.15,428.34,982.07,1015.35,910.35,1188.41,1098.26,1018.99,753.78,921.45,616.35,604.77,2937.18,2975.92,2511.76,845.39,1128.99,1061.8
PROJ_0996,433.25,541.55,1021.54,1270.05,1132.44,815.47,1145.28,1105.99,769.49,761.37,403.83,403.04,738.62,784.11,850.48,462.41,387.81,465.48
PROJ_0997,360.68,359.19,391.49,397.38,373.36,300.11,398.6,318.22,272.95,307.43,410.92,505.64,539.51,458.36,417.31,672.98,587.57,495.46
PROJ_0998,495.92,699.61,705.2,932.7,842.96,795.6,824.39,960.41,612.56,521.84,560.84,719.43,2119.19,1965.8,1764.96,1167.02,1315.22,981.66
PROJ_0999,353.98,338.02,365.31,452.4,422.64,462.24,370.94,503.77,308.94,353.43,289.92,290.99,1168.09,983.68,811.6,670.36,526.52,680.54
