tipe,luas,lantai,kualitas,ahsp_labels
Gudang Konstruksi Baja,749,1,Standar,"A.011,K.144,H.100,A.001,A.009,C.026,A.007,D.037,F.065,G.077,I.121,H.104,D.047,B.016,C.032,B.024,I.113,E.057,K.142,C.033,D.038,F.072,D.041,I.109,D.040,G.083,H.097,E.062,A.012,B.014,B.017,E.060,K.140,G.081"
Renovasi Rumah (Minor),402,1,Standar,"F.066,A.011,A.009,E.059,K.136,H.099,A.007,D.037,H.090,D.043,I.115,D.047,B.016,C.032,A.010,E.063,G.079,K.147,A.008,I.113,C.033,F.068,D.040,G.083,E.062,B.017,B.025,K.143,G.084,B.019,I.120,H.097,C.029,D.050"
Rumah Subsidi (Type 21-36),1426,1,Premium,"A.011,A.001,M.182,M.188,E.059,L.171,K.141,C.031,L.153,B.018,A.007,H.103,H.090,L.151,G.082,H.104,D.043,D.047,M.194,N.198,L.162,M.180,M.179,C.032,D.042,B.021,E.057,K.138,F.071,G.073,K.142,I.109,D.049,F.068,I.108,L.174,B.023,I.116,C.034,D.051,A.002,N.197,B.019,E.056,G.085,A.003"
Gudang Konstruksi Baja,1447,1,Premium,"F.066,A.003,M.188,A.009,N.196,C.031,L.156,B.018,A.007,E.054,G.077,M.184,M.194,N.199,B.016,H.094,G.079,K.147,A.008,L.176,D.044,K.138,L.164,M.192,D.045,I.122,F.072,A.005,D.049,L.174,D.053,G.074,E.062,K.145,I.127,B.025,C.034,C.028,I.126,L.175,H.092,M.183,B.015,H.091,E.056,D.050"
Klinik Pratama,1251,1,Ekonomis,"A.011,K.144,A.001,G.086,E.059,C.035,C.026,B.013,H.093,F.070,D.036,G.077,D.043,I.115,D.047,I.110,B.016,E.064,F.069,A.010,E.061,K.139,D.038,D.041,I.108,H.106,C.034,K.143,A.002,G.084,B.019,B.015,H.097,A.003"
Pos Keamanan (Pos Satpam),334,1,Standar,"A.011,D.046,H.100,A.009,E.059,C.035,K.141,K.137,H.099,H.087,D.037,G.076,I.115,A.004,D.052,G.080,D.042,B.024,F.069,E.058,F.068,I.111,C.030,D.040,A.012,B.017,E.060,B.020,G.075,K.143,B.022,I.120,A.006,C.029"
Renovasi Rumah (Minor),1411,1,Ekonomis,"A.011,D.046,A.001,E.059,C.035,C.031,C.026,H.093,D.036,G.077,G.082,D.043,H.107,B.016,F.069,K.148,E.058,I.122,I.114,K.142,A.005,D.049,F.068,H.088,A.012,I.127,B.017,E.060,K.143,A.002,B.022,B.019,G.085,D.050"
Rumah Mewah (2 Lantai+),609,2,Standar,"C.035,C.031,C.026,K.136,K.141,F.070,L.161,N.196,L.156,D.036,A.007,H.103,M.195,L.162,F.069,L.159,M.193,B.021,A.008,K.148,D.044,M.190,G.078,E.058,I.122,I.125,A.005,D.049,H.106,D.039,D.053,G.074,H.088,E.062,A.012,B.020,G.075,M.177,L.175,A.002,I.119,N.197,B.022,M.183,B.019,E.056"
Rumah Komersil (Type 45-70),844,1,Premium,"M.187,K.144,M.182,A.009,E.059,C.026,F.070,D.048,L.160,B.018,A.007,M.186,L.150,D.047,N.198,H.101,G.080,L.172,F.069,G.079,A.008,H.098,M.181,I.113,E.057,E.058,M.178,C.033,D.038,I.125,A.005,I.111,B.023,D.053,L.170,K.145,B.017,L.158,B.020,C.028,D.051,K.146,H.092,N.197,A.006,G.085"
Gedung Sekolah / Kelas,791,1,Premium,"M.187,L.166,G.086,A.009,E.059,C.035,K.141,K.136,F.070,L.168,A.007,H.103,G.077,M.195,M.184,N.198,L.162,D.052,L.172,N.199,E.064,D.042,B.021,A.008,I.113,K.138,F.071,D.045,I.122,M.178,D.038,L.174,C.030,H.095,G.083,E.062,I.116,B.017,B.020,C.028,D.051,A.002,B.022,M.183,H.091,A.003"
Gudang Konstruksi Baja,1420,1,Standar,"A.001,A.009,C.026,B.013,C.027,K.137,H.087,G.080,F.069,B.024,A.008,E.061,K.148,D.044,D.038,D.049,F.068,I.111,H.106,D.040,G.083,H.088,E.062,A.012,I.127,B.017,E.060,K.140,B.020,C.028,D.051,I.119,G.084,A.003"
Pos Keamanan (Pos Satpam),1389,1,Standar,"A.001,A.009,B.013,C.027,F.070,H.096,D.036,F.065,K.147,E.061,K.139,E.058,D.045,I.117,K.142,C.033,D.038,I.109,C.030,D.039,H.097,H.088,E.062,A.012,B.014,G.075,D.051,I.126,A.002,B.022,B.019,G.081,G.085,A.003"
Ruko Premium (3 Lantai+),1340,1,Premium,"F.066,A.011,D.046,L.166,A.009,E.059,K.141,C.031,C.027,H.099,H.087,B.018,D.036,F.065,M.184,D.043,A.004,I.115,D.047,M.194,N.198,L.162,M.179,N.199,B.024,K.148,M.190,I.113,E.057,L.164,G.073,C.033,I.125,L.173,D.040,G.074,E.062,A.012,B.014,B.017,K.146,A.002,G.084,L.167,M.183,H.097"
Renovasi Rumah (Minor),467,1,Premium,"A.011,D.046,H.100,A.001,M.182,G.086,K.141,C.031,C.027,L.157,M.189,E.054,F.067,F.065,L.151,D.043,M.194,N.198,H.105,D.042,B.024,G.079,A.008,E.061,L.176,K.148,I.113,G.078,D.045,I.114,D.038,A.005,I.108,L.170,E.060,B.025,C.034,M.177,K.143,L.167,N.197,B.019,B.015,M.185,H.091,A.003"
Ruko Premium (3 Lantai+),1248,1,Ekonomis,"A.011,K.144,A.001,C.026,B.013,D.048,B.018,A.007,D.037,F.065,I.121,D.043,A.004,B.016,E.064,D.042,E.063,H.094,A.008,I.113,E.057,C.033,F.072,C.030,B.023,H.106,G.074,I.127,G.075,D.051,K.143,K.146,H.092,G.081"
Klinik Pratama,470,1,Premium,"A.011,A.001,M.191,G.086,L.171,H.093,H.096,D.048,H.099,L.168,B.018,A.007,G.077,F.065,G.082,M.184,M.194,L.162,N.199,E.064,B.021,K.148,I.113,K.138,D.045,M.178,D.038,F.072,D.041,L.174,C.030,D.039,E.062,A.012,B.014,E.060,I.127,L.158,B.020,C.028,K.146,A.002,I.119,N.197,M.181,C.029"
Ruko Standar (2 Lantai),1434,2,Ekonomis,"F.066,A.011,D.046,I.123,A.001,A.009,C.026,C.027,D.036,G.077,F.065,D.043,A.004,E.064,B.024,H.094,B.021,E.061,K.139,K.147,K.148,G.078,E.058,D.038,I.108,C.030,H.095,D.039,G.074,I.127,B.025,B.015,H.097,A.003"
Masjid Raya (Kubah Besar),898,1,Standar,"A.011,D.046,A.001,E.059,K.136,F.070,A.007,D.036,D.037,F.067,H.103,G.082,H.105,D.052,B.016,C.032,A.010,E.061,D.044,G.078,G.073,I.117,I.125,E.062,I.124,B.014,K.140,C.034,C.028,K.146,A.002,G.084,B.022,B.019,H.091,G.081,G.085"
Ruko Standar (2 Lantai),978,2,Ekonomis,"A.011,K.144,A.009,E.059,K.141,C.031,K.136,E.055,H.099,B.018,F.067,D.037,F.065,H.090,I.121,G.076,D.043,H.105,C.032,E.064,B.024,G.079,I.113,I.114,D.038,D.039,G.074,A.012,C.028,D.051,A.002,B.019,B.015,A.003"
Gedung Sekolah / Kelas,152,1,Premium,"A.011,K.144,L.166,M.182,E.059,H.093,C.031,B.013,K.136,N.196,L.168,H.099,M.189,B.018,A.007,D.036,M.186,G.076,D.043,L.150,L.172,H.098,K.148,M.181,E.058,D.045,I.109,F.072,A.005,F.068,B.023,D.039,D.053,I.124,A.012,E.060,C.034,C.028,I.126,M.177,L.175,A.002,N.197,B.019,G.081,G.085"
Jalan Lingkungan (Paving/Beton),441,1,Ekonomis,"B.014,A.004,D.045,D.046,D.051,C.033,C.031,B.016,C.027,A.010,D.048,B.019,A.008,B.018,A.007,A.006,D.050"
Klinik Pratama,1157,1,Ekonomis,"F.066,K.144,A.001,C.035,C.026,B.013,A.007,D.037,D.043,B.016,F.069,A.010,E.061,D.044,K.138,E.058,G.073,I.114,C.033,H.089,A.005,D.053,G.083,G.074,I.127,B.017,E.060,K.140,D.051,I.119,B.019,H.091,H.097,A.003"
Renovasi Rumah (Minor),1192,1,Ekonomis,"A.011,A.009,C.026,B.013,B.018,A.007,E.054,G.076,D.052,E.064,B.024,E.063,G.079,H.098,K.139,D.044,I.120,D.038,F.072,F.068,I.111,H.095,D.053,I.118,D.040,G.074,B.014,K.140,C.034,C.028,K.146,A.002,H.091,A.006"
Rumah Komersil (Type 45-70),92,1,Standar,"A.011,H.102,H.100,K.141,C.026,K.136,B.018,F.067,D.037,H.090,G.080,B.016,C.032,E.063,A.008,E.057,I.117,D.041,F.068,I.108,D.039,D.040,G.083,E.062,A.012,B.014,K.140,D.051,B.015,I.120,A.006,G.085,C.029,A.003"
Gedung Kampus,732,1,Standar,"A.001,G.086,E.059,C.031,C.027,K.136,H.096,E.055,D.048,K.137,A.007,D.036,F.067,A.004,H.107,H.105,G.079,B.021,A.008,K.147,I.112,D.045,G.073,I.114,I.125,D.041,F.068,D.040,A.012,B.025,B.020,C.034,B.022,E.056"
Pos Keamanan (Pos Satpam),1324,1,Standar,"D.046,H.100,G.086,A.009,C.027,B.018,A.007,G.082,D.043,I.115,H.107,H.105,D.052,E.064,B.024,E.061,K.139,I.113,F.071,D.045,K.142,D.038,F.072,A.005,C.030,B.023,E.062,C.028,I.126,K.143,A.002,B.015,G.081,A.003"
Jalan Lingkungan (Paving/Beton),299,1,Ekonomis,"A.011,D.046,D.047,A.001,B.020,D.051,A.009,C.033,C.035,C.031,B.013,A.005,B.024,B.023,D.039,D.053,A.007"
Gudang Konstruksi Baja,1180,1,Ekonomis,"K.144,A.001,G.086,C.035,C.031,C.027,K.136,F.070,D.048,B.018,A.007,D.037,H.090,G.076,D.042,A.010,E.063,B.021,E.061,K.147,G.081,F.071,D.045,I.122,H.089,I.108,H.106,D.039,I.118,E.062,B.014,A.002,B.022,A.006"
Rumah Subsidi (Type 21-36),1168,1,Ekonomis,"I.123,A.001,A.003,G.086,E.059,H.093,C.031,K.141,D.036,F.067,F.065,G.076,D.047,B.016,A.010,K.147,E.058,G.073,C.033,H.089,A.005,D.053,D.040,H.088,K.145,B.014,B.017,E.060,I.119,B.015,I.120,A.006,C.029,D.050"
Ruko Premium (3 Lantai+),417,1,Standar,"D.046,A.003,K.141,B.013,E.055,K.137,H.087,A.007,D.037,H.090,I.115,G.080,B.016,C.032,E.063,A.008,I.113,G.078,F.072,D.041,A.005,F.068,I.111,D.040,E.062,A.012,B.017,C.034,C.028,K.143,H.092,B.019,G.085,D.050"
Pos Keamanan (Pos Satpam),805,1,Standar,"A.011,D.046,H.102,A.009,C.031,B.013,B.018,H.090,F.065,I.121,G.076,A.004,C.032,D.042,A.010,G.079,H.094,A.008,E.061,K.139,K.148,D.044,E.057,F.071,D.045,I.114,D.041,I.118,E.062,K.145,B.014,B.025,C.034,G.085"
Renovasi Rumah (Minor),927,1,Premium,"K.144,H.102,A.003,L.171,C.031,B.013,C.026,A.007,F.065,G.076,A.004,M.194,H.101,L.162,L.172,M.180,B.016,N.199,D.042,A.010,G.079,B.021,K.139,M.190,D.044,E.057,E.058,K.138,D.049,F.068,I.108,H.095,D.039,I.118,I.116,E.060,B.025,C.028,L.175,A.002,G.084,N.197,M.183,M.185,L.157,D.050"
Ruko Standar (2 Lantai),1350,2,Premium,"F.066,A.011,L.166,M.187,A.001,M.188,A.009,C.035,B.013,C.027,D.048,L.156,D.036,D.037,F.065,G.077,M.184,D.047,N.199,E.064,L.169,E.063,G.079,B.021,E.061,H.098,K.147,L.149,M.192,G.081,I.112,H.089,L.173,D.053,I.124,K.145,A.012,B.017,B.020,K.143,I.119,H.092,N.197,M.183,A.006,C.029"
Gudang Konstruksi Baja,173,1,Ekonomis,"H.100,G.086,A.009,C.035,H.093,B.018,D.036,A.007,D.037,H.104,D.047,C.032,E.064,A.010,G.078,E.058,K.138,F.071,D.045,I.122,F.072,A.005,B.023,I.118,G.074,I.116,E.060,B.025,K.140,C.028,D.051,K.146,B.015,A.006"
Rumah Mewah (2 Lantai+),1365,2,Standar,"A.011,L.166,G.086,C.035,C.031,B.013,H.096,L.161,M.189,H.087,D.036,A.007,M.184,D.043,D.047,M.179,M.180,D.052,N.199,C.032,E.063,B.021,A.008,K.139,L.149,E.057,E.058,G.078,F.071,K.138,M.192,G.073,I.122,I.117,K.142,I.109,F.068,H.106,D.040,A.012,B.014,L.152,N.197,B.019,L.157,A.006"
Rumah Mewah (2 Lantai+),188,2,Standar,"I.123,A.009,L.171,N.196,K.136,L.157,E.055,D.048,M.186,H.103,G.076,M.184,M.180,B.016,E.064,D.042,A.010,M.193,K.139,D.044,K.138,F.071,G.073,I.122,F.072,D.041,H.089,A.005,I.125,C.030,D.040,L.170,E.062,B.014,B.025,B.020,C.028,L.175,A.002,L.167,N.197,M.185,H.091,G.085,C.029,A.003"
Ruko Premium (3 Lantai+),520,1,Premium,"M.182,G.086,A.009,E.059,C.035,L.155,N.196,L.157,E.055,A.007,D.036,G.082,M.195,H.104,M.184,I.115,A.004,L.163,D.047,N.198,B.016,B.024,A.008,D.044,K.138,F.071,M.178,D.038,I.109,F.068,H.097,A.012,B.014,B.017,I.127,K.140,L.154,C.028,D.051,L.175,K.146,G.084,M.185,H.091,E.056,C.029"
Masjid Musholla (Lingkungan),1167,1,Ekonomis,"A.011,K.144,A.001,A.003,G.086,H.093,C.026,K.136,H.087,D.037,A.004,D.052,I.110,B.016,E.064,G.079,E.058,F.071,G.073,I.114,C.033,H.089,D.049,F.068,D.040,G.083,I.124,B.014,E.060,B.020,C.034,G.075,K.143,A.002,B.019,D.050"
Renovasi Rumah (Minor),896,1,Ekonomis,"A.011,K.144,A.001,C.035,C.026,F.070,B.018,E.054,D.037,G.082,A.004,H.105,H.101,D.052,I.110,E.063,K.147,E.061,K.148,I.117,F.072,I.125,D.039,H.088,A.012,B.017,B.025,C.028,D.051,G.075,B.015,A.006,G.085,D.050"
Jalan Lingkungan (Paving/Beton),57,1,Ekonomis,"A.012,A.004,A.011,B.014,B.025,A.001,C.028,D.051,D.053,D.052,C.026,C.027,D.049,D.041,B.019,A.008,B.015"
Pos Keamanan (Pos Satpam),1394,1,Premium,"F.066,I.123,A.001,A.003,C.035,K.141,B.013,N.196,E.055,L.161,D.036,M.186,H.090,L.151,M.195,G.076,D.043,M.194,L.162,C.032,B.024,K.147,A.008,E.061,L.176,K.148,D.044,M.181,E.057,G.081,I.114,F.072,H.089,A.005,I.108,C.030,B.023,H.095,D.053,L.175,N.197,B.022,M.185,A.006,G.085,D.050"
Gedung Kampus,910,1,Ekonomis,"F.066,I.123,A.001,C.026,B.013,C.027,F.070,E.055,A.007,D.036,H.104,A.004,D.047,I.110,E.064,A.010,E.061,H.098,K.138,D.045,G.073,I.122,H.089,D.049,B.023,D.039,B.020,C.028,K.146,A.002,K.143,G.084,B.015,G.081"
Renovasi Rumah (Minor),671,1,Ekonomis,"A.011,C.035,C.031,C.026,K.141,E.055,F.067,G.077,H.103,D.043,I.115,I.110,B.016,A.010,K.147,A.008,D.044,E.057,G.081,K.142,E.056,F.072,D.041,B.023,D.053,D.040,H.097,A.012,B.014,I.127,G.084,B.015,H.091,A.006"
Ruko Premium (3 Lantai+),154,1,Ekonomis,"K.144,A.001,A.003,C.026,C.031,C.027,F.070,H.099,D.036,H.103,G.082,D.047,G.080,D.042,B.024,B.021,K.148,D.044,E.057,E.058,I.114,F.072,I.125,A.005,I.111,A.012,B.014,B.017,E.060,K.140,H.092,A.006,G.085,D.050"
Cafe / Restoran (Interior),360,1,Ekonomis,"A.011,K.144,A.001,A.009,C.031,B.013,K.136,H.096,D.048,H.087,B.018,F.065,D.043,D.047,I.110,B.016,C.032,E.063,B.021,H.098,K.139,E.057,G.081,F.071,G.073,I.109,A.006,I.124,A.012,C.028,D.051,E.056,G.085,D.050"
Ruko Standar (2 Lantai),1088,2,Premium,"H.100,A.001,M.188,E.059,L.171,N.196,F.070,H.096,D.048,L.160,D.036,F.067,G.077,H.104,D.047,M.194,A.010,M.193,E.061,G.081,I.112,G.073,M.178,I.117,I.114,K.142,L.174,B.023,D.053,D.040,L.170,K.145,A.012,K.140,B.025,C.034,L.154,C.028,A.002,N.197,B.022,M.183,B.019,E.056,C.029,A.003"
Rumah Mewah (2 Lantai+),1324,2,Premium,"F.066,A.011,D.046,M.187,A.001,M.191,H.093,L.155,C.027,K.136,D.048,M.189,D.036,A.007,G.077,H.104,M.194,M.179,N.199,E.064,K.147,A.008,E.061,H.098,G.081,C.033,I.109,F.072,I.111,D.053,L.170,G.074,E.062,I.124,K.145,B.014,L.152,B.017,B.025,L.158,B.020,C.034,L.154,N.197,A.006,D.050"
Gedung Kampus,46,1,Standar,"K.144,A.001,A.003,G.086,C.035,K.141,H.099,F.067,H.090,I.115,A.004,E.064,D.042,A.010,E.063,B.021,E.061,K.148,G.081,D.045,F.072,D.053,D.040,H.097,I.124,B.017,B.025,C.034,G.075,B.019,I.120,A.006,C.029,D.050"
Gedung Sekolah / Kelas,611,1,Ekonomis,"D.046,C.031,F.070,H.096,B.018,A.007,F.065,D.043,H.105,D.052,G.080,C.032,E.064,A.010,E.063,G.079,K.147,A.008,E.061,D.044,K.138,G.073,I.117,I.108,D.039,I.118,K.145,B.017,B.025,B.019,H.091,A.006,C.029,A.003"
Klinik Pratama,1342,1,Premium,"M.187,L.166,A.009,E.059,C.035,C.026,H.093,K.141,K.136,M.189,B.018,A.007,E.054,D.037,L.151,G.082,M.186,G.076,A.004,N.198,D.052,A.010,G.079,K.139,D.044,E.058,F.071,F.072,I.108,B.023,H.106,D.039,D.053,L.170,B.014,I.116,C.028,M.177,L.175,A.002,H.092,L.167,N.197,B.015,I.120,M.181"
Jalan Lingkungan (Paving/Beton),1358,1,Premium,"A.001,A.009,C.035,C.026,B.013,C.027,L.168,M.189,N.198,M.179,D.052,L.172,B.016,D.042,B.024,A.010,M.193,D.041,A.005,D.049,L.170,L.154,M.177,D.051,L.175,A.002,N.197,B.022,M.181"
Masjid Raya (Kubah Besar),527,1,Premium,"L.166,G.086,E.059,C.035,C.026,H.093,L.156,D.036,G.077,F.065,M.184,H.105,M.180,L.172,N.199,B.016,E.063,M.193,B.021,A.008,L.176,L.149,K.148,M.181,I.113,K.138,M.192,F.071,I.112,D.045,I.122,C.033,D.038,A.005,D.039,D.053,G.083,H.088,E.060,K.143,A.002,G.084,N.197,B.022,B.019,A.006,A.003"
Klinik Pratama,1392,1,Standar,"A.011,A.001,G.086,E.059,C.026,K.136,E.055,H.090,D.047,H.105,E.064,B.024,G.079,D.044,G.081,F.071,I.112,K.142,C.033,D.041,F.068,I.111,C.030,D.053,I.118,A.012,B.017,D.051,K.146,A.002,B.022,B.015,H.091,A.006"
Masjid Musholla (Lingkungan),1415,1,Premium,"F.066,M.187,L.166,A.001,M.182,A.009,N.196,C.026,H.096,D.048,E.054,D.037,M.195,G.076,D.043,A.004,H.107,L.172,B.016,E.064,F.069,B.024,L.176,K.148,G.078,K.138,G.081,D.045,L.165,I.109,I.108,L.170,B.014,B.017,E.060,K.140,C.034,C.028,D.051,I.126,G.075,A.002,G.084,N.197,M.183,M.185,H.097,G.085,A.003"
Rumah Komersil (Type 45-70),716,1,Ekonomis,"D.046,H.102,K.144,A.001,A.009,E.059,A.007,E.054,D.043,H.107,H.105,C.032,A.010,B.021,I.113,F.071,G.073,C.033,D.038,F.072,D.049,I.108,I.111,E.062,B.014,B.017,B.020,K.146,A.002,K.143,G.084,G.085,C.029,D.050"
Rumah Subsidi (Type 21-36),850,1,Ekonomis,"A.011,D.046,K.144,A.009,F.070,K.137,D.048,A.007,H.090,G.076,H.107,D.047,D.052,B.024,E.063,G.079,A.008,E.061,E.057,K.138,C.033,I.125,F.068,I.108,C.030,B.023,H.095,I.116,B.025,B.020,D.051,A.002,G.084,C.029"
Klinik Pratama,156,1,Premium,"F.066,D.046,K.144,M.191,G.086,A.009,C.035,C.031,B.013,C.026,K.136,N.196,B.018,A.007,D.037,L.150,D.047,H.105,M.179,L.172,I.110,B.016,L.169,D.042,N.199,E.063,M.193,B.021,A.008,H.098,M.181,M.190,E.057,F.072,D.039,L.170,E.062,K.145,I.127,L.154,G.075,I.126,G.084,H.091,A.006,A.003"
Cafe / Restoran (Interior),556,1,Premium,"F.066,A.011,K.144,I.123,L.166,A.009,L.171,C.031,E.055,L.168,H.104,D.043,L.150,H.107,N.198,M.179,M.180,N.199,B.024,A.010,E.061,M.190,K.138,E.058,M.192,K.142,C.033,D.038,A.005,D.049,F.068,B.023,H.106,G.083,G.074,I.124,A.012,I.116,B.020,C.034,G.075,D.051,L.175,B.022,M.181,D.050"
Masjid Musholla (Lingkungan),294,1,Premium,"F.066,M.187,M.191,A.009,L.171,N.196,B.013,F.070,E.055,K.137,M.189,A.007,H.103,G.077,G.076,D.043,L.163,D.047,M.194,N.198,G.080,B.016,C.032,D.042,B.024,A.010,E.064,L.159,A.008,M.190,E.057,G.078,G.081,I.112,D.041,I.108,L.174,C.030,H.106,D.039,K.145,L.158,B.025,C.034,G.075,K.146,H.092,I.120,A.006"
Rumah Subsidi (Type 21-36),803,1,Standar,"K.144,G.086,E.059,C.026,E.055,H.087,B.018,E.054,I.121,G.076,A.004,D.052,C.032,D.042,A.010,B.021,A.008,K.147,D.044,D.045,K.142,F.072,F.068,I.108,I.111,D.040,H.088,B.025,C.028,A.002,H.092,B.022,G.081,A.003"
Rumah Komersil (Type 45-70),637,1,Standar,"F.066,A.011,K.141,C.026,C.027,E.055,D.037,G.077,G.082,G.076,D.043,D.047,H.105,H.101,E.064,B.024,A.010,K.147,A.008,I.113,F.071,I.114,C.033,D.053,H.088,E.062,A.012,B.017,B.025,B.020,K.146,I.120,A.006,D.050"
Ruko Premium (3 Lantai+),912,1,Premium,"H.102,A.001,G.086,A.009,C.035,C.031,L.161,M.186,F.067,H.103,G.082,L.163,N.198,M.179,M.180,C.032,D.042,H.094,M.193,B.021,E.061,K.148,D.044,E.057,L.164,F.071,I.112,D.045,D.041,A.005,B.023,D.053,I.118,L.170,K.145,L.158,B.025,B.020,G.075,K.143,A.002,N.197,M.183,I.120,E.056,A.003"
Masjid Musholla (Lingkungan),1096,1,Standar,"H.100,E.059,H.096,E.055,B.018,D.037,G.080,E.064,F.069,B.024,A.010,G.079,A.008,H.098,K.148,I.113,F.071,D.045,I.114,C.033,D.041,A.005,B.023,D.039,G.074,I.116,C.034,G.075,K.143,A.002,K.146,G.084,B.022,A.006,C.029,D.050"
Gudang Konstruksi Baja,593,1,Standar,"F.066,A.011,K.144,A.001,A.009,C.026,E.054,G.077,H.090,G.076,H.104,D.043,A.004,D.047,B.016,C.032,D.042,H.098,K.148,I.122,I.109,F.072,D.040,E.062,B.017,E.060,C.034,I.126,K.143,A.002,G.084,B.022,B.019,D.050"
Rumah Mewah (2 Lantai+),658,2,Premium,"D.046,K.144,M.182,M.188,L.171,C.035,C.026,L.155,N.196,H.096,K.137,D.048,L.153,F.067,G.076,H.104,D.043,N.198,M.180,M.179,G.080,B.016,A.010,E.063,B.021,A.008,E.061,H.098,K.138,F.071,I.112,I.117,E.056,A.005,D.053,L.152,C.034,G.075,L.175,A.002,I.119,B.022,B.019,M.185,A.006,D.050"
Gedung Sekolah / Kelas,1047,1,Premium,"A.011,A.001,A.009,C.035,B.013,F.070,K.137,D.048,L.161,M.186,H.103,D.037,L.151,G.082,M.194,L.162,M.180,I.110,N.199,B.024,E.063,M.193,K.147,H.098,E.057,E.058,L.164,D.045,I.114,C.033,F.068,L.174,C.030,B.023,H.106,D.053,D.040,G.074,A.012,I.116,K.140,B.020,M.177,N.197,G.081,A.003"
Cafe / Restoran (Interior),1083,1,Premium,"D.046,I.123,K.144,A.001,M.188,A.009,L.171,N.196,C.031,B.013,H.099,L.160,B.018,M.195,G.076,M.184,A.004,D.047,N.198,H.101,M.180,E.064,D.042,B.024,E.063,F.069,G.079,B.021,A.008,E.061,L.159,G.078,I.122,C.033,F.072,H.089,K.145,K.140,L.154,I.126,D.051,L.175,M.185,A.006,C.029,D.050"
Gedung Kampus,859,1,Premium,"F.066,D.046,A.001,M.191,A.009,K.141,N.196,B.013,C.027,E.055,L.153,H.087,L.156,A.007,D.036,M.186,F.065,G.076,M.184,I.115,N.198,E.063,H.098,K.148,M.190,E.058,L.174,I.111,C.030,B.023,D.039,D.053,L.173,A.012,B.014,I.127,G.075,D.051,M.177,L.175,K.143,G.084,B.015,H.091,C.029,A.003"
Masjid Musholla (Lingkungan),1003,1,Standar,"A.011,H.102,I.123,G.086,A.009,E.055,K.137,D.036,E.054,F.065,G.076,D.047,B.016,H.094,B.021,I.112,G.073,K.142,C.033,A.005,D.049,F.068,C.030,H.095,D.039,D.040,A.012,E.060,B.025,K.140,C.034,B.015,I.120,A.006,G.085"
Gudang Konstruksi Baja,261,1,Ekonomis,"F.066,A.011,D.046,G.086,A.009,E.059,C.027,E.055,K.137,B.018,A.007,F.067,H.104,A.004,H.101,E.064,D.042,A.008,G.073,I.117,I.109,C.030,D.053,D.040,K.145,B.014,K.140,B.020,C.034,D.051,I.119,B.019,H.097,G.085"
Rumah Komersil (Type 45-70),1241,1,Premium,"A.011,D.046,K.144,N.196,D.048,L.160,A.007,F.067,F.065,M.184,I.115,A.004,L.163,L.150,M.194,M.180,B.016,E.064,E.063,A.008,H.098,L.149,M.181,K.138,M.192,G.073,C.033,D.038,A.005,D.049,H.095,H.106,D.039,L.173,I.118,I.127,E.060,B.025,C.034,K.143,N.197,B.019,B.015,G.081,G.085,C.029"
Masjid Raya (Kubah Besar),376,1,Premium,"H.102,A.001,A.003,G.086,E.059,M.188,N.196,L.155,F.070,H.096,L.161,L.160,B.018,A.007,M.186,G.077,M.195,M.184,D.043,H.107,D.047,N.198,D.052,C.032,F.069,B.021,E.061,K.147,K.139,K.148,L.176,E.057,G.078,I.117,C.033,A.005,I.108,A.012,I.127,B.020,G.075,D.051,L.175,G.084,M.183,B.015,G.085,C.029,D.050"
Ruko Standar (2 Lantai),450,2,Premium,"B.013,K.136,F.070,E.055,D.048,B.018,G.077,F.065,I.121,M.184,H.107,M.194,L.162,I.110,N.199,C.032,A.010,E.063,A.008,H.098,L.149,M.181,D.044,M.190,G.078,K.138,M.178,I.117,C.033,A.005,D.049,L.174,C.030,H.095,D.039,D.053,L.170,A.006,K.145,A.012,B.025,B.020,G.075,L.175,N.197,E.056"
Rumah Mewah (2 Lantai+),764,2,Premium,"M.187,A.011,D.046,A.001,G.086,C.027,F.070,H.099,L.156,M.186,F.067,G.077,M.184,D.043,A.004,L.150,H.107,D.047,N.198,M.179,N.199,E.064,E.061,K.139,D.044,G.081,M.178,C.033,L.174,I.111,B.023,L.173,H.088,E.062,I.124,A.012,B.014,I.116,B.025,K.140,B.020,C.034,K.143,L.167,A.006,D.050"
Ruko Standar (2 Lantai),1199,2,Standar,"F.066,K.144,A.001,G.086,A.009,E.059,C.035,C.026,B.013,H.087,H.103,D.043,A.004,D.047,G.080,B.024,A.010,K.147,E.058,F.071,D.045,A.005,D.039,H.097,I.124,B.025,C.034,D.051,K.146,I.119,G.084,B.019,I.120,E.056"
Gudang Konstruksi Baja,823,1,Standar,"A.011,D.046,E.059,C.035,C.031,H.093,K.136,F.070,E.054,D.037,G.076,H.104,D.043,A.004,I.115,D.047,B.016,A.008,H.098,K.139,E.057,F.071,K.142,D.038,A.005,I.108,I.118,G.074,B.025,C.034,G.075,A.002,B.022,B.015"
Rumah Mewah (2 Lantai+),241,2,Standar,"M.187,I.123,H.100,A.001,M.191,A.009,L.171,N.196,C.026,C.027,K.136,E.055,K.137,L.153,A.007,F.067,G.077,M.184,D.043,A.004,D.047,B.016,D.042,E.063,A.008,M.181,D.044,I.113,L.164,M.192,F.071,D.045,L.174,H.095,B.023,I.118,G.074,E.062,K.145,B.017,L.158,B.020,C.034,N.197,H.097,G.085"
Pos Keamanan (Pos Satpam),995,1,Ekonomis,"D.046,K.144,K.141,C.026,B.013,E.055,D.048,H.099,B.018,E.054,D.037,H.103,G.076,A.004,D.052,C.032,F.069,A.010,B.021,A.008,K.148,I.113,E.057,F.071,I.112,D.045,G.073,H.106,I.124,A.012,B.014,C.034,A.002,G.085"
Pos Keamanan (Pos Satpam),440,1,Premium,"A.011,L.166,M.182,K.141,C.031,H.096,L.153,D.048,H.099,A.007,M.194,N.198,M.179,D.052,G.080,I.110,N.199,B.024,E.063,L.149,M.181,I.113,E.057,G.078,K.138,F.071,D.045,I.125,D.041,A.005,D.049,F.068,L.170,H.088,B.014,E.060,B.020,C.034,L.154,C.028,M.177,K.146,G.084,B.015,A.006,A.003"
Masjid Musholla (Lingkungan),345,1,Ekonomis,"H.102,A.009,C.035,E.055,K.137,G.076,D.052,I.110,F.069,H.094,A.008,K.148,D.044,E.057,E.058,G.081,K.138,I.109,D.049,F.068,B.023,D.053,G.074,A.012,I.116,B.025,B.020,C.034,C.028,G.075,A.002,G.084,H.092,B.022,A.006,G.085,D.050"
Ruko Premium (3 Lantai+),1005,1,Premium,"M.187,I.123,A.001,A.009,E.059,C.035,C.026,K.136,L.155,N.196,F.070,B.018,A.007,E.054,D.037,F.067,G.082,H.103,L.151,M.186,D.043,M.179,N.199,B.016,A.010,H.094,M.193,A.008,E.061,H.098,K.139,D.044,L.164,I.122,L.165,M.178,I.117,C.033,D.041,L.152,K.140,B.020,B.019,G.081,G.085,D.050"
Gedung Kampus,173,1,Ekonomis,"A.001,K.136,F.070,E.055,H.087,D.036,E.054,H.103,H.090,I.121,G.076,D.043,D.052,B.016,E.064,B.024,A.010,G.078,C.033,I.109,F.072,C.030,B.023,D.040,G.083,A.012,K.140,B.025,C.028,D.051,I.126,K.143,A.002,A.006"
Gudang Konstruksi Baja,403,1,Premium,"A.011,K.144,M.191,A.009,C.035,N.196,B.013,K.136,E.055,L.161,E.054,F.067,M.195,G.076,H.104,A.004,N.198,H.105,M.179,D.052,L.169,D.042,F.069,L.159,G.079,B.021,G.073,M.178,I.117,C.033,I.109,D.041,D.039,D.053,H.097,A.006,L.152,B.017,L.154,K.146,I.119,B.022,M.185,E.056,C.029,A.003"
Klinik Pratama,763,1,Premium,"I.123,E.059,N.196,C.031,K.137,M.189,B.018,M.186,L.151,G.076,A.004,D.047,N.198,H.105,D.052,I.110,B.016,L.172,D.042,A.010,K.147,A.008,H.098,M.181,E.057,E.058,G.081,F.071,M.192,G.073,F.068,L.174,C.030,H.106,D.053,D.040,I.124,B.014,B.020,L.154,M.177,L.175,K.143,A.002,A.006,C.029"
Gudang Konstruksi Baja,1240,1,Premium,"A.011,K.144,G.086,A.009,E.059,H.093,C.027,E.055,D.048,L.153,E.054,F.067,D.043,L.163,M.194,N.198,G.080,N.199,D.042,B.024,F.069,M.193,K.148,I.113,M.192,L.165,D.038,A.005,B.023,H.106,L.173,D.053,G.074,I.124,K.145,A.012,C.028,I.126,M.177,L.167,B.022,M.183,B.019,H.097,C.029,A.003"
Cafe / Restoran (Interior),126,1,Standar,"F.066,A.011,A.009,E.059,C.035,B.013,K.136,H.099,A.007,H.090,D.043,A.004,H.105,D.052,G.080,B.016,C.032,B.024,K.147,E.057,I.112,C.033,F.072,D.041,A.005,I.108,I.111,D.039,G.083,E.060,B.025,K.140,D.051,G.085"
Ruko Premium (3 Lantai+),1349,1,Standar,"A.011,D.046,H.100,A.003,C.035,E.055,D.048,K.137,A.007,D.037,H.090,G.076,H.101,F.069,A.008,I.113,E.058,K.142,C.033,F.072,D.039,G.074,E.062,I.124,A.012,B.014,B.017,K.143,I.119,B.022,B.015,G.085,C.029,D.050"
Masjid Raya (Kubah Besar),714,1,Standar,"A.011,D.046,G.086,A.009,E.059,C.035,A.007,G.082,A.004,A.010,G.079,H.094,B.021,D.044,E.058,F.071,G.073,I.117,F.072,D.041,H.089,I.111,D.039,G.083,H.088,K.145,B.014,E.060,K.140,B.020,C.034,C.028,I.126,K.146,B.022,G.081,D.050"
Rumah Subsidi (Type 21-36),1047,1,Premium,"M.187,A.011,D.046,I.123,A.001,M.182,A.009,L.171,H.093,C.026,B.013,C.027,L.155,E.055,A.007,D.036,F.067,F.065,I.121,M.186,H.107,N.198,G.080,L.172,B.016,N.199,B.024,A.010,E.061,H.098,K.139,M.181,D.044,K.138,G.073,I.114,K.142,C.030,L.158,D.051,L.175,B.022,M.185,E.056,G.085,D.050"
Masjid Musholla (Lingkungan),85,1,Premium,"A.001,M.191,G.086,A.009,E.059,C.026,C.027,F.070,E.055,L.161,H.099,L.153,A.007,D.036,I.121,G.082,M.184,N.199,B.016,B.024,M.193,B.021,K.148,E.057,K.138,G.078,F.071,I.112,G.073,M.178,D.038,D.049,I.108,C.030,H.095,H.106,L.173,D.053,D.040,A.012,B.014,L.154,K.146,A.002,N.197,L.157,M.181,G.085"
Masjid Raya (Kubah Besar),665,1,Premium,"F.066,A.011,A.001,K.141,B.013,E.055,D.048,E.054,D.037,F.067,L.151,M.195,M.184,D.043,N.198,M.180,G.080,N.199,B.016,C.032,L.169,A.010,M.193,A.008,H.098,K.139,L.149,G.078,M.178,I.109,I.125,D.049,C.030,H.106,G.074,E.062,I.124,L.152,B.017,K.140,L.158,G.075,D.051,A.002,G.084,H.092,B.015,C.029"
Ruko Premium (3 Lantai+),216,1,Ekonomis,"K.144,I.123,A.001,A.009,E.059,C.035,K.141,E.055,H.087,A.007,E.054,F.065,D.043,D.052,B.024,H.094,G.079,D.044,G.073,C.033,F.072,I.125,D.049,C.030,D.040,A.012,I.127,K.146,A.002,G.084,B.022,B.019,B.015,H.097"
Gedung Sekolah / Kelas,1112,1,Ekonomis,"F.066,K.144,A.001,A.003,E.055,D.048,H.103,G.077,D.043,H.107,D.047,B.016,C.032,D.042,A.008,K.138,E.058,I.112,G.073,F.072,H.106,A.012,B.017,E.060,C.028,I.126,K.143,A.002,I.119,B.022,B.019,G.085,C.029,D.050"
Cafe / Restoran (Interior),715,1,Premium,"M.187,K.144,H.102,I.123,A.003,G.086,L.171,C.026,C.027,L.153,L.161,B.018,A.007,M.186,G.077,H.090,L.151,M.195,A.004,M.180,N.199,B.016,E.063,B.021,I.113,G.078,E.058,L.164,F.071,M.178,K.142,D.038,A.005,D.049,F.068,I.111,H.106,D.053,D.040,E.062,B.017,C.034,K.143,A.002,N.197,D.050"
Ruko Premium (3 Lantai+),1225,1,Ekonomis,"A.011,K.144,I.123,A.001,C.031,C.027,D.036,E.054,F.065,G.076,D.052,E.064,B.024,H.094,G.079,B.021,A.008,H.098,D.044,K.138,E.058,D.038,I.125,D.041,F.068,B.023,A.012,I.116,C.034,G.075,K.143,B.015,H.091,A.006"
Pos Keamanan (Pos Satpam),415,1,Premium,"F.066,A.011,H.102,A.003,G.086,E.059,K.141,N.196,C.027,F.070,H.096,M.189,L.160,A.007,E.054,D.037,M.195,H.104,D.043,A.004,L.163,L.150,D.052,L.172,B.016,N.199,D.042,B.024,G.079,K.147,E.061,M.181,I.113,M.178,C.033,L.170,I.124,A.012,B.017,K.140,C.028,M.177,B.019,I.120,G.081,D.050"
Masjid Raya (Kubah Besar),657,1,Ekonomis,"A.001,A.009,E.059,F.070,H.096,D.048,B.018,H.103,G.077,I.121,B.016,C.032,A.010,B.021,E.061,H.098,K.139,I.113,E.057,K.138,G.081,F.071,I.112,D.045,A.005,D.049,D.040,G.074,G.083,C.034,G.075,D.051,K.143,B.015,A.006,C.029"
Masjid Raya (Kubah Besar),45,1,Premium,"D.046,A.001,M.182,C.035,E.055,L.153,M.189,H.087,B.018,A.007,F.067,H.103,M.195,G.076,A.004,D.047,N.198,M.179,L.172,N.199,F.069,L.159,A.010,E.063,G.079,B.021,A.008,K.148,E.057,I.122,M.178,I.114,K.142,C.033,D.038,D.049,L.174,C.030,G.083,G.074,H.088,L.170,B.014,G.075,D.051,K.143,I.119,B.015"
Ruko Standar (2 Lantai),333,2,Standar,"K.144,H.100,C.031,C.027,H.096,E.055,B.018,D.036,A.007,F.065,D.043,A.004,I.115,E.064,D.042,E.063,B.021,A.008,K.147,G.078,G.081,F.072,D.041,H.089,A.005,B.023,D.053,I.118,B.020,C.034,K.143,I.120,A.006,G.085"
Ruko Standar (2 Lantai),221,2,Standar,"K.144,H.100,A.009,E.059,B.013,F.070,K.137,D.036,G.077,H.090,I.121,A.004,B.016,B.021,E.061,F.071,I.117,C.033,D.038,I.109,H.089,A.005,C.030,B.023,D.053,D.040,G.074,E.062,A.012,C.028,D.051,K.143,A.002,G.085"
Rumah Komersil (Type 45-70),636,1,Standar,"C.035,H.093,A.007,D.036,F.065,A.004,H.105,G.080,B.016,A.010,E.063,H.094,A.008,E.057,K.138,I.112,I.122,K.142,F.072,D.049,D.053,D.040,G.074,E.062,B.014,I.127,B.017,K.140,C.034,C.028,G.075,A.002,B.022,D.050"
Rumah Mewah (2 Lantai+),167,2,Standar,"F.066,A.011,D.046,H.100,M.188,A.009,H.093,C.031,K.136,N.196,L.153,M.186,D.047,N.198,C.032,F.069,B.024,E.063,G.079,L.169,K.147,L.149,M.193,M.190,M.181,L.164,G.073,L.165,E.056,C.033,D.038,A.005,H.095,B.023,D.039,D.053,G.074,E.062,I.124,A.012,B.014,I.127,K.143,B.022,I.120,A.006"
Klinik Pratama,249,1,Premium,"F.066,D.046,H.102,L.166,A.001,A.009,L.171,H.093,K.141,K.136,N.196,L.161,B.018,H.103,G.077,M.195,I.115,M.179,C.032,E.064,A.010,E.063,M.193,F.071,I.112,D.045,M.178,I.109,A.005,D.049,B.023,D.053,D.040,L.170,E.062,B.014,L.152,K.140,B.025,C.034,M.177,G.084,N.197,G.085,C.029,A.003"
Gedung Sekolah / Kelas,1321,1,Ekonomis,"I.123,E.059,C.035,C.027,K.136,E.055,A.007,D.036,G.076,H.104,A.004,D.052,B.024,A.010,A.008,G.078,E.058,F.071,D.045,G.073,F.072,D.041,H.089,B.023,H.088,A.012,D.051,K.146,I.119,K.143,B.022,B.019,I.120,C.029"
Klinik Pratama,1056,1,Ekonomis,"F.066,A.001,A.009,E.059,C.031,K.136,E.055,B.018,A.007,D.037,H.090,H.105,D.052,B.016,C.032,B.024,E.063,H.094,K.139,I.113,G.078,K.138,G.073,I.114,C.033,F.072,I.108,D.039,D.040,G.074,A.012,B.014,A.002,D.050"
Gudang Konstruksi Baja,444,1,Standar,"A.009,C.027,E.055,G.077,H.104,D.043,A.004,H.101,D.052,B.024,B.021,K.139,E.058,F.071,I.114,D.041,H.089,A.005,D.049,F.068,C.030,G.083,I.124,A.012,B.014,E.060,K.140,I.126,D.051,K.143,B.022,A.006,G.085,C.029"
Pos Keamanan (Pos Satpam),1346,1,Ekonomis,"A.011,A.001,A.009,C.027,E.055,H.087,F.067,D.037,F.065,G.082,D.047,H.105,B.016,D.042,A.010,E.061,K.138,G.081,E.056,C.033,D.038,D.049,H.095,I.118,I.124,K.145,B.014,I.127,B.025,B.020,C.034,K.146,A.006,G.085"
Gedung Sekolah / Kelas,996,1,Ekonomis,"A.011,D.046,A.009,C.035,C.031,C.027,K.141,F.065,D.043,H.107,H.105,I.110,E.064,B.024,A.010,E.063,H.094,G.078,E.058,G.081,G.073,D.038,D.049,F.068,D.039,K.145,A.012,B.017,B.020,K.146,I.119,B.022,I.120,A.006"
Jalan Lingkungan (Paving/Beton),37,1,Standar,"A.012,B.014,D.045,B.025,A.001,C.028,C.026,B.013,C.027,D.049,D.041,A.010,B.022,D.042,A.007,A.006,D.044"
Pos Keamanan (Pos Satpam),647,1,Ekonomis,"A.011,D.046,A.001,A.009,C.026,F.070,K.137,D.036,D.037,F.065,B.016,E.064,B.021,E.061,H.098,E.057,D.045,C.033,D.038,A.005,I.111,H.095,I.118,I.124,K.145,B.017,G.075,K.146,A.002,G.084,B.019,H.097,G.085,C.029"
Masjid Musholla (Lingkungan),174,1,Premium,"F.066,A.001,M.191,G.086,E.059,C.031,B.013,F.070,L.161,A.007,D.036,E.054,H.103,I.121,G.076,M.180,G.080,L.172,N.199,D.042,B.024,A.010,K.147,L.149,K.139,L.176,M.181,M.192,D.045,I.125,D.041,C.030,D.053,G.083,E.062,A.012,K.140,L.158,B.020,I.126,A.002,N.197,B.015,M.185,H.091,H.097,G.085,C.029"
Rumah Subsidi (Type 21-36),159,1,Ekonomis,"F.066,A.011,D.046,G.086,A.009,H.093,B.013,H.096,A.007,D.036,G.077,A.004,D.047,H.101,D.052,B.016,F.069,A.010,E.063,B.021,E.061,G.078,K.138,I.117,C.033,D.049,I.111,B.020,C.028,K.146,I.119,K.143,E.056,C.029"
Ruko Premium (3 Lantai+),725,1,Standar,"A.011,D.046,H.102,A.009,E.059,C.026,F.070,B.018,D.036,E.054,F.067,G.076,C.032,D.042,A.010,K.138,D.038,H.089,A.005,D.049,G.074,H.088,E.062,K.145,B.014,I.116,B.020,C.028,I.126,K.146,B.019,I.120,A.006,G.085"
Klinik Pratama,1094,1,Ekonomis,"F.066,H.102,G.086,A.009,E.059,C.027,K.136,D.036,I.121,A.004,H.107,D.052,B.024,E.063,K.139,G.073,I.122,F.072,D.041,A.005,B.023,D.039,G.083,H.097,I.124,K.145,A.012,B.017,B.025,C.028,A.002,E.056,C.029,D.050"
Rumah Mewah (2 Lantai+),423,2,Standar,"A.001,M.182,E.059,N.196,B.013,E.055,D.048,L.161,H.087,L.156,B.018,D.036,A.007,F.067,G.077,I.121,L.150,N.198,H.105,C.032,H.094,G.079,A.008,K.139,K.148,M.181,K.138,M.192,F.071,I.112,M.178,I.117,D.038,L.173,E.062,B.017,L.158,B.020,C.034,G.075,D.051,A.002,M.183,A.006,C.029,D.050"
Gedung Kampus,531,1,Ekonomis,"A.001,A.003,C.035,H.093,B.013,K.136,F.070,B.018,E.054,H.090,G.082,K.147,A.008,G.081,D.045,E.056,C.033,D.038,F.072,I.109,D.049,I.108,H.088,E.062,A.012,I.127,B.025,C.028,D.051,K.143,B.015,A.006,G.085,D.050"
Rumah Mewah (2 Lantai+),276,2,Standar,"M.187,A.011,H.102,A.001,E.059,L.171,N.196,C.026,C.027,F.070,L.153,M.189,D.036,D.037,F.065,M.195,G.076,M.194,L.162,M.180,G.080,N.199,B.024,A.010,B.021,A.008,K.139,L.176,E.057,I.112,I.114,K.142,A.005,D.049,D.040,G.083,H.088,E.062,I.124,K.145,L.152,B.025,D.051,H.092,B.015,C.029"
Rumah Mewah (2 Lantai+),372,2,Ekonomis,"K.144,H.102,A.009,C.026,L.155,F.070,D.048,A.007,G.077,L.151,M.195,M.184,L.172,N.199,B.016,C.032,L.159,E.063,B.021,A.008,K.147,L.149,M.190,D.044,E.057,E.058,D.045,M.178,K.142,D.038,F.072,A.005,C.030,D.039,G.083,H.097,I.127,B.025,A.002,I.119,H.092,N.197,M.183,B.015,I.120,G.081"
Klinik Pratama,587,1,Standar,"F.066,K.144,A.001,E.059,C.031,C.026,D.037,A.004,H.107,G.080,B.016,H.098,I.122,F.072,D.041,I.125,A.005,I.108,C.030,B.023,D.053,G.074,E.062,K.145,A.012,E.060,B.025,K.140,B.020,D.051,A.002,H.092,G.085,D.050"
Pos Keamanan (Pos Satpam),666,1,Ekonomis,"A.011,D.046,G.086,C.035,C.027,H.096,D.048,B.018,A.007,G.082,H.105,I.110,E.064,D.042,F.069,K.147,E.061,K.148,F.071,I.117,K.142,I.125,A.005,D.039,D.040,E.062,A.012,B.017,B.020,G.084,H.092,B.019,A.006,C.029"
Rumah Komersil (Type 45-70),1233,1,Standar,"K.136,H.096,K.137,A.007,H.090,I.121,G.082,D.043,H.101,B.016,B.024,A.010,E.063,D.044,I.113,K.138,E.058,F.071,D.045,C.033,D.038,F.072,D.049,C.030,G.083,A.012,E.060,C.028,A.002,B.022,B.019,I.120,A.006,G.085"
Gudang Konstruksi Baja,1440,1,Premium,"A.011,D.046,K.144,A.001,M.182,A.009,L.171,C.035,K.141,C.027,E.055,H.099,M.186,G.077,L.151,M.195,M.184,H.105,D.052,I.110,B.016,N.199,D.042,F.069,A.010,L.176,E.058,F.071,I.114,D.049,L.173,D.040,G.074,H.097,I.127,E.060,B.020,L.154,K.146,G.084,N.197,B.022,B.019,M.185,A.006,C.029"
Ruko Premium (3 Lantai+),1401,1,Standar,"D.046,K.144,H.093,C.031,H.096,D.037,I.121,A.004,C.032,D.042,E.063,A.008,E.057,F.071,I.122,A.005,F.068,C.030,B.023,D.053,I.118,D.040,H.088,A.012,B.014,B.017,E.060,K.140,G.075,K.146,A.002,B.019,G.081,G.085"
Ruko Premium (3 Lantai+),966,1,Premium,"L.166,I.123,C.035,K.141,L.155,D.036,F.067,M.186,G.082,D.043,A.004,H.101,L.162,G.080,I.110,B.016,E.064,D.042,F.069,N.199,M.193,K.147,A.008,L.149,M.181,E.058,I.117,H.089,D.049,L.173,G.083,B.014,E.060,B.020,C.034,M.177,D.051,K.143,A.002,H.092,N.197,M.183,B.019,A.006,C.029,A.003"
Rumah Mewah (2 Lantai+),688,2,Standar,"D.046,K.144,A.001,M.182,M.191,M.188,E.059,C.031,C.027,K.136,L.157,E.055,L.160,A.007,M.184,D.043,A.004,L.150,D.047,N.198,L.162,G.080,I.110,N.199,L.169,D.042,F.069,H.094,G.079,E.057,M.192,K.142,F.072,B.023,H.106,D.040,G.083,A.012,B.025,A.002,I.119,H.092,B.022,B.015,I.120,C.029"
Masjid Raya (Kubah Besar),76,1,Standar,"K.144,C.035,F.070,E.055,E.054,D.037,H.103,G.082,G.076,A.004,H.107,D.047,G.080,C.032,F.069,A.010,H.098,K.139,D.044,E.058,G.073,I.117,D.038,A.005,K.145,A.012,B.014,I.127,I.116,B.020,C.028,A.002,B.019,B.015,D.050"
Gedung Sekolah / Kelas,628,1,Ekonomis,"A.011,H.102,G.086,C.026,B.013,K.136,D.036,A.007,D.037,G.077,G.076,B.016,D.042,B.024,E.063,F.069,E.061,K.138,E.058,F.071,C.033,A.005,H.095,D.039,D.040,I.124,K.140,C.028,I.126,A.002,I.119,H.092,B.019,A.006"
Gedung Kampus,419,1,Standar,"H.102,A.009,E.059,C.035,B.013,D.048,H.099,D.036,I.121,G.082,A.004,D.052,G.080,B.016,F.069,E.063,A.008,D.044,K.142,F.072,A.005,H.106,I.118,G.083,E.062,B.014,K.140,B.025,C.034,C.028,D.051,K.143,A.002,I.119"
Rumah Mewah (2 Lantai+),224,2,Standar,"F.066,A.011,M.187,I.123,A.001,L.171,H.093,C.026,B.013,C.031,N.196,K.137,L.160,B.018,D.036,E.054,D.037,F.065,G.082,M.186,H.104,D.047,H.101,G.080,I.110,B.024,L.159,G.079,M.193,E.061,M.190,K.138,E.058,A.005,D.049,L.174,D.053,K.145,A.012,I.127,B.017,C.034,L.167,N.197,M.181,A.003"
Gedung Sekolah / Kelas,892,1,Premium,"F.066,A.011,M.187,A.001,A.003,N.196,B.013,E.055,K.137,L.161,L.156,B.018,A.007,E.054,M.186,D.043,L.150,N.198,M.180,D.052,C.032,B.021,E.061,G.078,G.081,D.045,M.178,C.033,D.049,F.068,I.108,C.030,B.023,H.095,H.106,G.074,I.116,I.127,K.140,L.154,L.175,K.146,H.092,M.185,A.006,D.050"
Masjid Musholla (Lingkungan),1284,1,Premium,"C.035,H.093,F.070,D.048,M.189,L.160,B.018,A.007,E.054,D.037,G.077,H.090,I.121,M.195,M.184,A.004,D.047,M.194,M.179,D.052,N.199,C.032,D.042,L.169,E.063,G.079,L.176,K.138,E.058,L.164,G.073,K.142,F.072,B.023,H.106,L.173,G.083,K.145,A.012,B.014,B.017,I.127,C.034,G.075,A.002,N.197,I.120,A.006"
Masjid Musholla (Lingkungan),694,1,Standar,"D.046,H.102,K.144,A.001,A.009,E.059,C.026,E.055,D.048,K.137,A.007,F.067,G.082,H.104,D.043,I.110,G.079,D.044,E.057,F.071,G.073,I.122,K.142,H.106,D.039,G.083,A.012,B.014,B.025,B.020,C.034,A.002,B.019,I.120,C.029"
Ruko Standar (2 Lantai),835,2,Ekonomis,"H.102,C.035,C.031,K.141,B.018,A.007,H.103,I.115,A.004,H.107,B.016,D.042,E.063,A.008,D.044,G.081,D.045,I.117,K.142,C.033,F.072,A.005,D.049,F.068,G.074,K.145,A.012,E.060,B.025,I.126,G.084,B.022,E.056,D.050"
Rumah Subsidi (Type 21-36),259,1,Ekonomis,"D.046,H.102,E.059,K.141,B.013,C.027,H.096,I.115,A.004,D.047,C.032,D.042,B.024,E.064,G.079,H.098,K.139,E.057,D.045,F.072,F.068,D.040,G.083,K.145,A.012,B.025,I.126,A.002,B.015,I.120,A.006,G.085,C.029,A.003"
Klinik Pratama,538,1,Standar,"D.046,A.001,A.009,B.013,K.137,B.018,F.067,D.037,H.090,G.082,A.004,H.107,H.101,A.010,B.021,K.139,G.078,E.058,F.071,I.108,C.030,D.040,I.124,A.012,E.060,C.028,D.051,I.126,K.146,B.022,E.056,G.085,C.029,D.050"
Rumah Mewah (2 Lantai+),502,2,Ekonomis,"A.001,M.188,H.093,C.027,E.055,H.087,L.156,A.007,F.067,D.037,G.082,M.195,G.076,A.004,D.047,M.180,N.199,E.064,D.042,B.024,A.010,L.159,M.193,A.008,K.139,E.058,G.073,I.117,C.033,D.038,H.089,F.068,L.170,B.014,I.116,B.017,K.140,C.034,L.175,K.143,I.119,L.167,N.197,B.015,M.181,D.050"
Gudang Konstruksi Baja,347,1,Ekonomis,"A.011,D.046,H.100,A.001,E.059,C.031,B.013,D.048,H.087,F.065,D.047,I.110,D.042,G.079,E.061,K.139,E.058,F.072,A.005,B.023,D.039,G.074,B.014,I.127,K.140,B.025,C.028,K.146,A.002,I.119,G.084,H.097,C.029,A.003"
Rumah Subsidi (Type 21-36),1362,1,Ekonomis,"F.066,A.011,I.123,H.100,A.001,A.009,E.059,C.035,C.031,C.027,K.136,D.036,E.054,H.090,D.047,G.080,F.069,B.021,H.098,K.139,G.078,D.045,I.114,D.038,D.049,A.012,B.014,I.127,B.025,K.140,A.002,B.019,E.056,G.085"
Klinik Pratama,1225,1,Standar,"D.046,A.001,E.059,C.035,C.031,B.013,D.048,H.099,A.007,D.036,D.037,F.065,G.077,H.103,A.004,H.101,I.110,B.024,E.061,I.113,K.138,F.071,D.045,I.114,A.005,G.083,K.145,A.012,E.060,B.025,C.028,K.143,B.022,G.081"
Rumah Subsidi (Type 21-36),676,1,Ekonomis,"A.011,H.102,A.001,E.059,B.013,C.027,K.137,H.099,D.036,E.054,H.090,A.004,C.032,A.008,E.058,F.071,D.045,I.122,I.117,C.033,D.041,F.068,I.108,B.023,D.039,D.053,G.075,K.146,K.143,G.084,B.022,B.015,A.006,G.085"
Cafe / Restoran (Interior),976,1,Standar,"A.011,D.046,H.102,K.144,G.086,H.093,C.026,K.136,E.055,A.007,G.082,D.047,A.010,E.063,G.079,B.021,A.008,E.057,I.117,F.072,D.049,F.068,I.111,C.030,D.053,A.012,B.014,I.127,B.025,K.140,D.051,B.022,H.091,C.029"
Gudang Konstruksi Baja,126,1,Standar,"F.066,A.011,H.102,I.123,A.003,G.086,E.059,C.035,C.026,C.027,K.137,D.048,A.007,G.077,D.043,D.047,H.105,A.008,G.078,K.138,I.112,I.122,F.072,D.053,E.062,K.145,B.014,B.017,B.025,E.060,A.002,H.092,B.022,D.050"
Masjid Raya (Kubah Besar),870,1,Standar,"K.144,A.009,C.031,C.027,F.070,E.055,K.137,A.007,F.065,G.076,A.004,H.105,G.080,B.021,E.061,D.045,C.033,I.109,D.041,A.005,D.053,G.074,H.088,E.062,I.124,K.140,B.020,G.075,D.051,I.126,A.002,H.092,B.022,B.015,G.085,D.050"
Rumah Komersil (Type 45-70),1384,1,Standar,"A.011,I.123,A.001,G.086,C.031,C.027,F.070,K.137,D.048,H.099,F.067,A.004,D.047,H.101,D.052,E.064,A.010,K.147,K.139,D.044,I.113,E.058,I.117,A.005,H.095,B.023,B.014,E.060,B.025,C.028,D.051,G.075,B.022,G.085"
Rumah Mewah (2 Lantai+),987,2,Standar,"M.187,K.144,L.166,A.001,E.059,C.031,K.136,F.070,M.189,L.160,M.184,A.004,D.052,G.080,B.016,E.064,D.042,N.199,A.010,G.079,H.094,K.147,E.061,L.149,M.193,D.038,I.109,F.072,D.041,A.005,I.111,H.095,L.173,D.053,H.097,L.152,B.020,C.034,C.028,I.126,N.197,B.022,M.183,B.019,G.081,A.003"
Cafe / Restoran (Interior),976,1,Ekonomis,"F.066,A.003,G.086,B.013,K.136,E.055,A.007,H.105,I.110,C.032,A.010,K.148,I.113,F.071,D.045,I.122,A.005,C.030,B.023,D.039,D.040,H.088,E.062,B.014,E.060,B.025,K.140,C.034,G.075,D.051,G.084,H.092,A.006,D.050"
Rumah Mewah (2 Lantai+),1266,2,Standar,"A.011,D.046,K.144,A.001,M.191,K.141,C.031,K.136,N.196,E.055,M.189,F.067,I.121,G.082,M.184,I.115,H.107,N.198,H.101,D.052,L.172,B.016,C.032,E.064,F.069,A.008,L.176,D.044,E.058,G.073,L.165,M.178,C.033,D.038,I.109,H.095,D.053,L.170,L.152,B.017,B.025,G.075,A.002,B.022,M.185,A.006"
Ruko Standar (2 Lantai),873,2,Standar,"A.011,A.001,K.141,C.031,C.027,K.136,B.018,D.036,I.121,G.076,H.104,D.047,H.101,D.052,I.110,A.010,E.063,A.008,E.061,G.078,G.081,F.071,F.072,H.089,I.108,B.023,D.053,C.028,K.143,A.002,B.022,B.019,E.056,D.050"
Ruko Standar (2 Lantai),848,2,Ekonomis,"A.011,A.009,C.035,C.026,H.093,H.099,B.018,F.067,D.037,I.121,G.076,A.004,H.101,D.052,I.110,C.032,D.042,K.148,E.058,I.122,F.072,D.040,A.012,B.014,B.017,E.060,K.140,D.051,K.146,G.084,B.022,E.056,G.085,A.003"
Rumah Subsidi (Type 21-36),948,1,Ekonomis,"F.066,D.046,K.144,A.003,A.009,E.059,C.031,B.018,D.043,A.004,H.107,H.105,C.032,E.061,K.139,E.057,F.071,G.073,D.038,I.109,H.106,I.118,A.012,B.014,B.017,B.020,G.075,D.051,K.146,A.002,I.120,G.081,C.029,D.050"
Masjid Musholla (Lingkungan),776,1,Premium,"A.001,M.182,G.086,K.141,C.031,C.026,L.155,N.196,H.096,D.048,H.087,L.151,D.043,A.004,L.162,D.052,L.172,D.042,B.024,E.063,F.069,M.193,B.021,E.061,M.181,I.113,E.057,G.078,K.138,F.071,G.081,M.192,K.142,I.109,C.030,I.118,A.012,L.158,B.020,G.075,D.051,G.084,H.092,N.197,B.015,M.185,A.006,A.003"
Rumah Komersil (Type 45-70),987,1,Premium,"D.046,A.001,A.003,A.009,L.155,B.013,C.027,L.161,F.067,F.065,H.107,N.198,L.162,M.180,N.199,E.064,D.042,H.094,K.147,E.061,K.139,L.176,M.190,G.078,M.178,C.033,D.049,H.095,D.040,G.083,I.124,A.012,B.017,B.025,E.060,K.140,I.126,M.177,I.119,G.084,L.167,M.183,B.015,A.006,C.029,D.050"
Pos Keamanan (Pos Satpam),89,1,Premium,"F.066,I.123,H.100,M.188,C.035,H.093,B.013,L.155,N.196,E.055,D.048,M.189,L.160,B.018,A.007,G.076,I.115,L.163,L.150,D.047,N.198,M.180,D.052,F.069,L.159,G.079,A.008,E.061,D.044,K.138,M.192,D.041,H.089,A.005,C.030,G.083,E.062,K.145,B.014,K.140,C.034,I.126,M.183,B.019,A.006,A.003"
Masjid Raya (Kubah Besar),472,1,Standar,"A.009,C.035,H.093,C.027,K.136,H.096,D.048,D.036,E.054,A.007,F.067,G.082,G.076,I.115,F.069,B.024,I.113,K.138,E.058,I.122,A.005,D.039,D.040,G.074,G.083,K.145,A.012,B.025,D.051,A.002,H.092,B.022,B.019,E.056,C.029"
Masjid Raya (Kubah Besar),496,1,Standar,"A.001,G.086,C.031,K.136,F.070,E.055,D.048,H.087,B.018,D.036,D.037,G.080,H.094,G.079,B.021,E.061,G.081,F.071,D.045,I.117,I.114,C.033,D.038,A.005,E.062,A.012,B.014,B.017,C.034,K.146,A.002,I.119,K.143,H.092,A.006"
Masjid Raya (Kubah Besar),1055,1,Ekonomis,"F.066,K.144,A.001,G.086,A.009,H.093,B.013,C.027,F.070,H.096,D.048,H.087,A.007,D.036,I.121,G.077,A.004,G.080,C.032,B.024,E.063,E.061,D.044,E.057,K.138,D.045,D.041,G.074,I.124,A.012,C.028,G.075,K.143,B.022,B.015,I.120"
Ruko Premium (3 Lantai+),877,1,Standar,"A.011,K.144,H.102,A.001,A.009,C.026,B.013,D.048,G.077,H.090,G.076,D.047,H.105,B.016,C.032,A.008,E.057,E.058,F.071,D.038,I.109,F.072,I.111,D.053,G.074,K.145,B.014,I.127,B.017,C.028,K.143,A.002,E.056,D.050"
Gedung Kampus,1052,1,Ekonomis,"A.011,C.026,B.013,C.027,K.136,F.070,E.055,K.137,A.007,F.067,H.090,G.082,H.107,D.052,I.110,E.064,D.042,B.024,A.010,K.147,E.061,H.098,D.045,D.049,D.039,G.074,A.012,B.014,I.116,B.025,C.028,G.075,I.120,A.003"
Masjid Raya (Kubah Besar),644,1,Standar,"A.011,D.046,A.001,G.086,C.035,B.013,C.027,K.136,F.070,K.137,G.077,G.082,A.004,H.107,G.080,I.110,C.032,D.042,F.069,B.021,A.008,K.139,E.057,E.058,G.073,I.122,D.041,H.089,H.106,D.040,E.062,B.020,D.051,B.019,I.120,A.006"
Gudang Konstruksi Baja,68,1,Premium,"D.046,M.182,A.003,N.196,C.031,K.136,F.070,E.055,K.137,M.189,L.160,F.067,H.090,I.121,A.004,M.179,C.032,D.042,B.024,A.010,L.159,E.057,M.192,G.081,G.073,I.109,D.049,I.111,H.095,B.023,H.106,L.173,D.040,G.074,L.170,E.062,B.014,K.140,C.034,A.002,L.167,B.022,N.197,M.183,A.006,D.050"
Klinik Pratama,426,1,Premium,"M.187,K.144,A.001,C.031,C.027,K.136,F.070,K.137,B.018,D.036,L.151,F.065,H.104,D.043,I.115,N.198,M.180,M.179,D.042,B.024,A.010,E.063,M.193,B.021,L.176,G.078,L.164,M.178,C.033,D.041,H.089,A.005,D.039,H.088,A.006,L.152,I.127,E.060,B.020,G.075,L.167,N.197,I.120,E.056,G.085,A.003"
Gedung Sekolah / Kelas,887,1,Standar,"A.011,H.100,E.059,C.031,B.013,C.027,D.048,B.018,A.007,F.067,H.103,G.082,D.043,D.047,H.101,D.052,B.024,A.010,A.008,K.139,G.078,E.058,K.138,I.117,C.033,A.005,D.049,F.068,G.074,E.062,I.116,B.020,K.143,I.119"
Klinik Pratama,918,1,Ekonomis,"D.046,H.100,A.009,E.059,C.026,B.013,C.027,K.136,D.048,A.004,I.110,F.069,H.094,G.079,B.021,A.008,E.061,K.139,D.044,I.113,E.057,D.038,F.068,I.108,C.030,D.053,K.140,B.020,A.002,G.084,H.092,B.015,G.085,A.003"
Ruko Standar (2 Lantai),590,2,Standar,"F.066,A.011,I.123,H.100,A.001,G.086,E.059,C.035,K.141,H.096,K.137,D.048,H.103,I.121,G.082,D.043,E.064,D.042,F.069,A.008,D.044,I.114,C.033,B.023,D.039,K.140,B.025,B.020,C.028,G.075,A.002,B.015,E.056,A.003"
Masjid Raya (Kubah Besar),1284,1,Premium,"F.066,A.011,D.046,H.102,K.144,A.003,M.188,H.093,L.157,H.096,E.055,L.153,B.018,A.007,E.054,G.076,I.115,N.198,G.080,N.199,C.032,D.042,B.024,A.010,L.159,M.193,K.148,G.078,F.071,D.041,A.005,L.173,D.040,G.074,I.124,B.017,E.060,L.154,C.028,G.075,M.177,K.146,B.022,M.183,I.120,M.181,G.085,C.029,D.050"
Ruko Premium (3 Lantai+),281,1,Standar,"A.001,B.013,F.070,E.055,A.007,H.105,D.052,D.042,B.024,A.010,E.061,H.098,K.139,D.044,K.138,F.071,I.109,D.049,I.111,D.040,G.083,G.074,E.062,K.145,A.012,C.034,C.028,A.002,I.119,H.092,B.022,B.015,G.085,C.029"
Gedung Kampus,752,1,Standar,"D.046,C.026,C.031,F.070,D.036,F.067,D.037,G.076,A.004,D.047,B.016,B.024,K.147,E.061,E.057,G.081,I.125,A.005,I.108,B.023,D.040,H.097,A.006,K.145,A.012,B.014,I.116,K.140,C.034,G.075,H.092,H.091,E.056,A.003"
Pos Keamanan (Pos Satpam),1334,1,Ekonomis,"A.011,K.144,A.001,G.086,H.093,C.026,E.055,A.007,F.067,D.043,D.052,F.069,A.010,G.079,B.021,A.008,H.098,K.147,D.044,E.058,I.112,I.108,C.030,H.106,D.039,G.074,K.145,B.020,C.034,I.119,B.022,B.015,E.056,D.050"
Masjid Raya (Kubah Besar),686,1,Premium,"A.011,A.001,M.182,G.086,L.171,K.141,C.031,B.013,C.027,E.055,K.137,H.099,L.160,L.153,H.103,D.037,N.198,D.052,G.080,B.016,E.064,M.193,L.149,M.181,D.044,I.113,G.078,G.081,F.071,D.045,M.178,A.005,F.068,H.106,D.053,G.083,I.124,A.012,B.014,B.017,I.116,K.140,C.034,A.002,N.197,M.183,L.157,E.056"
Renovasi Rumah (Minor),1064,1,Standar,"A.001,C.035,H.087,E.054,F.067,G.080,I.110,F.069,A.010,B.021,A.008,E.061,K.139,K.148,G.078,E.058,C.033,D.041,A.005,D.049,B.023,D.039,D.053,I.118,H.088,K.140,B.025,D.051,A.002,I.119,B.015,H.091,G.085,C.029"
Rumah Komersil (Type 45-70),88,1,Premium,"A.001,M.191,M.182,M.188,A.009,K.141,C.026,B.013,N.196,H.096,L.161,L.168,H.087,E.054,F.067,F.065,D.047,N.198,G.080,D.042,A.010,B.021,A.008,L.149,D.044,K.138,E.058,L.164,I.117,I.114,A.005,D.039,I.118,G.074,H.088,K.140,B.020,C.034,M.177,D.051,L.167,B.022,M.185,E.056,G.085,C.029"
Rumah Komersil (Type 45-70),1494,1,Premium,"F.066,K.144,H.102,A.001,A.003,A.009,N.196,C.027,K.136,F.070,H.096,D.048,L.153,L.151,G.082,M.195,M.184,A.004,M.194,H.101,E.064,B.024,E.063,M.193,B.021,D.044,E.057,I.112,D.049,L.174,C.030,B.023,I.118,G.074,K.145,B.014,L.158,M.177,D.051,G.084,L.167,N.197,I.120,A.006,C.029,D.050"
Jalan Lingkungan (Paving/Beton),1285,1,Ekonomis,"A.012,A.004,A.011,B.017,B.014,B.020,C.034,D.047,D.043,A.009,C.027,A.005,D.044,D.048,B.021,D.037,C.029"
Ruko Standar (2 Lantai),1044,2,Ekonomis,"H.102,A.001,A.009,E.059,C.035,F.070,D.048,I.121,F.065,I.115,H.105,C.032,E.063,G.079,D.045,I.122,K.142,E.056,D.038,A.005,C.030,B.023,H.106,D.039,D.053,G.074,K.145,B.017,G.075,K.143,B.022,B.019,A.006,A.003"
Gudang Konstruksi Baja,346,1,Premium,"A.001,N.196,F.070,E.055,L.168,H.087,A.007,G.076,H.104,L.162,M.179,N.199,C.032,A.010,G.079,A.008,K.148,D.044,I.113,M.181,E.058,M.190,F.071,M.192,D.045,M.178,D.038,D.049,B.023,D.039,E.062,L.152,I.116,B.017,L.158,B.020,C.028,G.075,I.126,L.175,K.146,K.143,B.015,H.097,C.029,A.003"
Ruko Premium (3 Lantai+),948,1,Ekonomis,"F.066,A.011,G.086,C.035,C.031,H.093,B.018,D.052,D.042,F.069,E.063,A.008,H.098,E.057,E.058,D.045,I.114,D.038,I.125,A.005,D.049,C.030,B.023,H.106,I.124,K.145,B.020,G.075,K.146,K.143,G.084,B.015,A.006,A.003"
Rumah Mewah (2 Lantai+),1112,2,Standar,"A.011,H.100,M.182,M.188,A.009,N.196,L.155,B.013,M.186,E.054,F.067,L.151,G.082,D.043,A.004,D.047,N.198,H.101,C.032,L.169,E.063,H.098,K.148,D.044,M.190,K.138,L.164,M.178,K.142,C.033,I.109,F.072,I.125,A.005,D.049,B.023,G.083,G.074,E.062,B.014,B.025,C.034,I.119,L.157,A.006,D.050"
Klinik Pratama,634,1,Standar,"A.011,A.001,K.141,C.026,K.136,F.070,H.087,B.018,F.067,I.115,D.052,G.080,E.063,G.079,A.008,H.098,I.113,E.057,K.142,D.041,D.049,C.030,B.023,D.053,D.040,G.074,E.062,A.012,I.127,C.028,A.002,H.092,B.022,B.015"
Pos Keamanan (Pos Satpam),236,1,Standar,"F.066,A.001,G.086,C.035,C.026,B.013,C.031,K.141,E.055,B.018,A.007,H.103,G.077,H.090,D.043,I.115,F.069,E.063,D.044,K.138,E.058,D.045,I.122,I.120,D.053,D.040,A.012,B.017,B.025,K.143,A.002,H.091,A.006,G.085"
Rumah Mewah (2 Lantai+),197,2,Ekonomis,"A.011,M.182,A.009,E.059,B.013,K.137,L.168,M.189,L.156,B.018,M.186,G.076,D.047,N.198,H.101,N.199,C.032,F.069,K.147,A.008,M.181,M.190,E.057,I.112,C.033,D.038,F.072,I.125,A.005,I.108,H.095,L.173,D.053,G.083,L.170,B.014,K.140,C.034,L.154,D.051,A.002,G.084,H.092,B.019,E.056,D.050"
Renovasi Rumah (Minor),711,1,Standar,"A.011,I.123,H.093,C.031,B.013,A.007,G.082,I.115,A.004,D.047,H.105,D.052,C.032,F.069,B.024,E.063,A.008,G.078,K.138,F.071,G.073,I.122,D.041,A.005,D.049,H.095,B.017,E.060,C.034,D.051,K.143,K.146,B.015,E.056"
Ruko Premium (3 Lantai+),1354,1,Standar,"D.046,A.001,E.059,C.035,K.141,F.070,K.137,F.067,H.103,D.043,A.004,I.115,H.105,D.052,B.016,B.024,G.079,A.008,K.139,C.033,D.041,A.005,D.053,I.118,G.083,E.062,A.012,I.116,B.020,C.034,B.022,H.091,E.056,G.085"
Masjid Raya (Kubah Besar),45,1,Standar,"A.011,C.031,B.013,C.027,F.070,D.048,H.087,A.007,E.054,G.077,G.080,I.110,D.042,F.069,A.010,G.079,K.147,A.008,E.061,K.139,E.057,C.033,D.038,I.125,D.041,H.089,D.039,G.074,I.124,K.145,G.075,A.002,B.022,B.019,B.015,H.097,G.085"
Gedung Kampus,1306,1,Ekonomis,"F.066,A.003,G.086,A.009,C.035,K.141,B.013,C.027,E.055,H.087,B.018,F.067,D.043,H.101,I.110,D.042,A.010,B.021,A.008,I.113,E.058,G.081,I.112,G.073,D.038,D.039,K.145,B.025,C.034,K.146,A.002,H.092,E.056,D.050"
Rumah Mewah (2 Lantai+),677,2,Standar,"A.011,D.046,I.123,L.166,A.001,L.171,K.141,C.026,C.027,E.055,D.048,K.137,A.007,D.036,G.077,G.076,M.184,L.150,N.198,D.052,L.172,B.016,C.032,A.010,E.063,H.094,M.192,F.071,M.178,K.142,F.068,H.106,D.053,I.124,A.012,B.014,B.017,E.060,I.116,M.177,G.084,H.092,B.022,L.167,N.197,M.181"
Gedung Sekolah / Kelas,148,1,Premium,"F.066,M.191,A.003,D.048,L.156,A.007,H.103,G.077,H.104,I.115,A.004,L.150,D.047,N.198,M.180,D.052,I.110,L.172,C.032,E.064,F.069,L.169,N.199,B.021,E.061,H.098,K.148,M.190,E.057,K.138,L.164,M.192,I.117,A.005,D.040,A.012,B.014,B.025,B.020,C.034,C.028,G.075,K.146,G.084,M.183,D.050"
Rumah Mewah (2 Lantai+),991,2,Ekonomis,"F.066,A.011,D.046,A.009,N.196,C.026,L.155,H.096,E.055,K.137,L.153,L.156,B.018,A.007,D.036,M.195,L.163,A.004,D.047,M.194,B.016,H.094,M.181,M.192,M.178,C.033,D.038,F.072,I.109,I.111,C.030,D.053,G.074,I.116,E.060,L.158,G.075,K.143,A.002,K.146,N.197,B.022,B.019,H.091,E.056,G.085"
Jalan Lingkungan (Paving/Beton),204,1,Premium,"A.011,L.166,A.001,M.182,N.196,C.026,B.013,L.155,M.189,M.186,M.195,A.004,D.047,A.008,M.190,L.165,C.033,D.038,A.005,D.049,D.053,B.014,L.152,L.154,C.028,N.197,B.019,B.015,D.050"
Pos Keamanan (Pos Satpam),1151,1,Premium,"A.011,D.046,A.001,M.182,M.188,A.009,E.059,N.196,C.027,L.157,K.137,D.048,L.160,D.036,A.007,F.067,F.065,M.186,M.195,G.076,M.180,D.052,N.199,B.024,H.094,L.159,E.061,K.139,G.078,I.114,I.109,D.041,B.023,G.083,E.062,I.124,K.145,B.014,C.034,L.154,C.028,L.175,H.092,B.019,H.091,A.006"
Jalan Lingkungan (Paving/Beton),1493,1,Premium,"D.046,L.166,A.001,A.009,C.035,C.031,L.161,L.168,B.018,D.037,D.047,M.194,N.199,L.169,D.042,A.008,M.181,M.190,D.049,B.014,C.034,M.177,A.002,N.197,B.022,M.183,B.019,L.157,A.006"
Gudang Konstruksi Baja,1420,1,Standar,"A.003,E.059,B.013,C.027,H.096,H.087,A.007,F.067,D.043,A.004,D.047,I.110,E.064,D.042,F.069,B.021,A.008,K.139,G.081,G.073,D.041,I.111,C.030,I.118,H.097,K.145,E.060,B.025,K.143,B.022,A.006,G.085,C.029,D.050"
Masjid Raya (Kubah Besar),334,1,Standar,"G.086,K.141,B.013,F.070,E.055,D.048,H.103,G.076,A.004,D.047,B.016,B.024,A.010,G.079,A.008,I.113,E.058,D.045,K.142,C.033,D.038,F.072,I.109,A.005,C.030,H.095,D.039,I.118,H.097,G.083,E.062,B.014,C.028,K.146,G.084,A.006"
Rumah Komersil (Type 45-70),1016,1,Premium,"F.066,A.011,D.046,M.191,E.059,K.141,L.155,N.196,A.007,D.036,H.103,G.082,H.104,I.115,H.105,L.162,D.052,M.179,B.016,B.024,A.010,L.159,K.147,A.008,L.149,M.190,D.044,E.057,F.071,L.165,M.178,I.117,C.030,D.053,I.118,G.074,E.062,B.025,C.028,K.146,N.197,B.015,M.185,G.085,C.029,A.003"
Rumah Mewah (2 Lantai+),456,2,Standar,"F.066,D.046,A.001,G.086,A.009,C.035,K.141,L.155,N.196,A.007,M.186,D.037,L.151,L.150,H.107,D.047,H.105,I.110,B.016,L.169,F.069,B.024,E.063,M.193,B.021,A.008,H.098,D.044,G.078,E.058,I.109,I.111,C.030,D.053,L.170,E.062,K.145,K.140,M.177,G.084,N.197,M.183,B.015,M.181,C.029,A.003"
Pos Keamanan (Pos Satpam),1446,1,Ekonomis,"A.011,D.046,H.102,I.123,A.003,B.013,C.027,K.136,F.070,B.018,D.036,H.103,I.121,G.076,A.004,H.107,B.016,C.032,B.024,A.008,E.061,K.148,G.078,G.081,C.033,D.038,A.005,F.068,I.108,D.053,E.062,K.140,E.056,D.050"
Masjid Raya (Kubah Besar),1332,1,Premium,"A.011,K.144,H.102,L.166,A.009,C.035,C.026,H.096,L.153,L.156,B.018,E.054,F.067,G.077,M.184,N.198,H.101,M.179,G.080,M.180,B.024,A.010,M.193,D.044,E.057,G.078,K.138,F.071,K.142,D.038,I.109,A.005,D.049,I.108,L.173,D.040,L.152,I.127,B.025,C.034,G.075,M.177,A.002,G.084,N.197,B.022,E.056,G.085,D.050"
Jalan Lingkungan (Paving/Beton),346,1,Ekonomis,"A.012,B.014,B.025,D.047,B.020,C.028,A.009,C.033,C.035,D.052,D.038,D.049,D.050,B.019,A.007,A.006,A.003"
Masjid Raya (Kubah Besar),1179,1,Ekonomis,"F.066,D.046,A.009,E.059,H.093,K.137,D.037,G.076,G.080,B.016,E.064,A.010,G.079,A.008,K.148,I.112,C.033,F.072,D.041,H.089,A.005,C.030,B.023,H.095,D.053,E.062,I.124,A.012,B.025,C.034,K.146,I.119,G.084,B.015,G.081,D.050"
Pos Keamanan (Pos Satpam),676,1,Standar,"D.046,A.001,C.035,K.141,F.070,K.137,H.099,E.054,D.037,H.090,G.082,H.104,D.052,C.032,E.064,A.010,B.021,A.008,E.061,D.044,F.071,I.112,I.114,D.041,I.108,A.012,B.014,B.020,C.028,G.075,K.146,A.002,B.022,G.081"
Cafe / Restoran (Interior),375,1,Premium,"D.046,K.144,G.086,H.093,B.013,E.055,L.168,H.087,L.160,L.156,A.007,D.036,F.067,L.151,M.195,D.043,A.004,D.047,N.198,H.105,I.110,B.016,C.032,N.199,A.008,K.148,M.190,M.192,G.073,F.072,A.005,I.108,D.039,L.173,E.062,B.020,C.028,I.126,K.146,G.084,M.183,B.019,M.185,E.056,C.029,A.003"
Rumah Subsidi (Type 21-36),967,1,Ekonomis,"F.066,K.144,E.059,C.035,C.031,K.137,D.036,E.054,G.082,I.115,A.004,H.101,D.052,B.016,D.042,A.008,G.073,F.068,B.023,D.053,D.040,H.097,H.088,E.062,K.145,A.012,I.119,B.022,B.019,I.120,A.006,G.085,C.029,A.003"
Rumah Subsidi (Type 21-36),59,1,Ekonomis,"H.100,A.001,C.027,K.137,D.036,E.054,F.065,H.104,D.043,H.107,I.110,C.032,F.069,G.079,K.147,A.008,E.057,G.078,G.081,D.038,A.005,C.030,D.053,D.040,A.012,B.017,B.025,K.140,I.119,B.022,B.019,I.120,E.056,A.003"
Rumah Mewah (2 Lantai+),482,2,Ekonomis,"A.011,D.046,H.102,A.001,A.003,G.086,L.171,C.035,C.031,B.013,N.196,F.070,L.160,E.054,H.090,H.104,D.043,A.004,I.115,M.194,M.179,N.199,E.064,B.024,E.061,K.139,M.192,G.073,L.165,F.068,I.111,B.023,D.053,G.083,K.140,L.154,I.126,D.051,K.143,L.167,M.183,B.015,M.185,A.006,C.029,D.050"
Pos Keamanan (Pos Satpam),1079,1,Ekonomis,"D.046,I.123,A.001,A.003,C.035,K.141,F.070,H.104,H.105,E.064,D.042,F.069,H.094,B.021,E.061,E.057,G.078,G.073,I.109,A.005,D.049,B.023,K.145,I.116,B.017,C.034,C.028,D.051,G.075,K.146,A.002,B.019,A.006,D.050"
Masjid Raya (Kubah Besar),225,1,Standar,"D.046,A.001,G.086,A.009,C.035,K.137,H.099,D.036,E.054,D.037,F.067,F.065,G.082,G.076,H.101,A.008,H.098,E.058,I.112,I.122,C.033,D.041,I.108,C.030,B.023,D.040,G.074,K.145,A.012,B.014,E.060,K.140,G.075,B.022,B.015,A.003"
Gudang Konstruksi Baja,560,1,Premium,"M.187,L.166,H.102,A.003,A.009,C.035,C.031,K.136,L.155,N.196,H.099,M.189,L.156,G.077,F.065,D.043,I.115,D.047,M.194,N.199,A.010,E.063,G.079,A.008,E.061,K.139,E.057,F.071,I.122,I.117,A.005,D.049,C.030,L.173,D.040,K.145,B.014,B.017,G.075,L.167,B.022,M.183,B.015,M.185,H.097,D.050"
Gudang Konstruksi Baja,1029,1,Standar,"D.046,I.123,C.031,K.136,F.070,E.055,D.048,H.099,A.007,D.036,G.077,F.065,D.047,C.032,A.010,G.079,B.021,E.057,K.138,G.081,D.045,A.005,I.111,C.030,B.023,H.095,I.118,H.097,K.145,A.012,B.014,A.002,B.019,E.056"
Gedung Sekolah / Kelas,291,1,Standar,"A.001,C.035,C.031,F.070,K.137,H.087,A.007,G.077,I.121,D.043,H.105,D.052,G.080,C.032,D.042,B.024,K.147,E.057,F.071,I.117,H.095,D.039,D.053,G.074,E.062,A.006,K.145,A.012,B.014,B.017,B.015,I.120,E.056,A.003"
Klinik Pratama,100,1,Standar,"A.011,I.123,G.086,A.009,F.070,E.055,D.048,K.137,B.018,A.007,E.054,D.036,F.065,H.090,H.101,D.052,E.064,A.010,K.139,K.148,G.078,C.033,D.038,D.049,H.106,G.083,A.012,B.014,I.127,B.020,C.028,I.126,B.019,C.029"
Rumah Subsidi (Type 21-36),781,1,Standar,"A.011,H.102,C.035,K.141,C.027,D.048,H.087,A.007,H.103,G.077,F.065,I.121,D.043,G.080,E.064,B.024,A.010,E.063,A.008,K.138,F.071,C.033,I.125,D.041,I.108,D.039,B.014,B.017,E.060,K.140,D.051,A.002,B.022,G.081"
Gedung Kampus,97,1,Premium,"A.011,L.166,E.059,L.171,C.035,C.031,K.141,K.136,N.196,M.189,H.087,A.007,D.036,F.067,M.195,G.076,H.104,M.184,D.047,M.179,N.199,B.016,E.064,D.042,F.069,A.010,L.169,B.021,L.176,D.044,I.113,G.073,M.178,I.114,K.142,B.023,H.106,D.053,E.060,B.020,I.126,L.175,A.002,G.084,C.029,A.003"
Rumah Komersil (Type 45-70),1071,1,Standar,"A.001,C.035,K.136,F.070,E.055,H.096,K.137,B.018,A.007,E.054,D.037,F.067,I.121,D.043,A.004,H.107,D.052,K.148,D.045,I.117,H.089,A.005,D.049,C.030,B.023,I.118,G.083,G.074,E.060,B.025,B.020,C.034,G.075,A.003"
Gedung Kampus,332,1,Premium,"A.011,A.001,E.059,C.031,C.026,L.155,L.153,A.007,D.036,F.065,G.082,H.104,D.047,M.194,M.179,L.172,I.110,N.199,C.032,E.064,B.024,M.193,B.021,H.098,K.139,K.148,D.044,L.164,M.192,F.071,G.073,K.142,I.109,I.125,D.041,A.005,L.170,B.017,B.020,G.075,A.002,N.197,M.185,H.091,E.056,D.050"
Renovasi Rumah (Minor),1202,1,Premium,"A.011,C.035,L.155,N.196,D.048,H.099,A.007,F.065,G.076,H.107,M.180,D.042,E.063,M.193,B.021,E.061,M.181,L.164,F.071,K.142,I.125,D.041,A.005,D.049,I.108,L.170,E.062,K.145,B.014,L.152,B.025,B.020,C.034,L.154,C.028,D.051,M.177,K.143,G.084,H.092,N.197,M.185,I.120,A.006,G.085,A.003"
Masjid Musholla (Lingkungan),1285,1,Ekonomis,"F.066,D.046,A.001,K.136,H.099,B.018,H.103,H.101,D.052,G.080,D.042,G.079,A.008,E.061,K.148,I.113,G.078,K.138,G.073,E.056,F.072,B.023,D.053,D.040,E.062,I.124,A.012,C.034,C.028,G.084,B.022,B.019,I.120,A.006,G.085,C.029,A.003"
Rumah Subsidi (Type 21-36),1352,1,Ekonomis,"F.066,A.011,A.001,G.086,A.009,K.141,C.026,B.013,K.136,E.055,H.099,A.007,D.036,D.037,F.067,I.121,H.104,D.052,C.032,E.064,A.008,I.113,E.058,G.073,B.023,D.053,G.083,I.124,K.140,C.034,B.019,B.015,H.091,D.050"
Jalan Lingkungan (Paving/Beton),399,1,Ekonomis,"A.004,A.011,D.045,C.034,D.051,C.033,C.035,D.052,A.002,A.005,D.042,B.024,D.049,B.021,B.015,B.018,A.006"
Masjid Musholla (Lingkungan),743,1,Premium,"F.066,M.187,L.166,H.100,A.001,G.086,A.009,N.196,C.031,B.013,C.027,M.189,A.007,D.037,I.121,M.195,H.107,L.172,A.010,G.079,M.193,K.148,E.057,K.138,G.081,F.071,C.033,D.041,H.089,A.005,I.108,L.174,D.039,D.053,I.118,G.083,B.017,B.025,E.060,L.154,M.177,K.146,G.084,N.197,B.022,L.157,E.056,G.085,D.050"
Klinik Pratama,1001,1,Ekonomis,"A.011,D.046,H.102,G.086,C.035,K.141,D.036,E.054,F.067,G.080,B.016,B.024,A.010,K.147,E.061,G.078,C.033,H.089,A.005,F.068,I.108,H.106,D.053,D.040,B.014,I.127,E.060,D.051,K.146,A.002,B.019,I.120,A.006,C.029"
Ruko Standar (2 Lantai),470,2,Ekonomis,"K.144,I.123,H.100,A.001,A.009,C.035,K.141,D.037,F.065,G.077,G.082,D.043,I.115,G.080,E.064,B.024,A.008,E.061,H.098,C.033,D.038,D.041,H.089,A.005,F.068,B.023,D.040,I.124,E.060,B.025,K.143,B.015,C.029,A.003"
Rumah Komersil (Type 45-70),794,1,Premium,"F.066,A.001,G.086,M.188,C.035,C.031,C.026,K.141,N.196,K.137,D.037,F.065,G.082,H.090,I.121,L.151,D.043,M.180,G.080,N.199,B.016,L.169,A.010,E.063,M.193,M.181,E.058,I.112,D.045,D.041,A.005,L.174,H.095,B.023,H.106,D.053,L.170,A.006,B.014,B.017,L.158,K.146,M.185,I.120,E.056,A.003"
Jalan Lingkungan (Paving/Beton),978,1,Premium,"M.187,A.001,M.191,C.035,L.153,B.018,A.007,D.037,M.195,L.150,D.047,N.199,D.042,A.010,L.149,M.192,D.045,M.178,D.049,C.030,B.014,B.017,L.154,C.028,A.002,N.197,B.022,L.157,A.003"
Rumah Mewah (2 Lantai+),1367,2,Premium,"D.046,K.144,M.188,A.009,E.059,C.035,C.026,B.013,L.171,F.070,E.055,H.096,L.153,E.054,D.037,F.065,G.077,M.195,M.184,A.004,L.162,D.052,N.199,L.169,D.042,A.010,K.139,M.190,G.078,M.192,L.165,I.117,K.142,D.041,H.089,B.023,H.106,B.014,I.116,C.034,G.075,A.002,N.197,B.015,I.120,A.003"
Rumah Komersil (Type 45-70),839,1,Premium,"M.187,D.046,K.144,M.182,L.161,L.156,A.007,H.090,M.195,G.076,D.043,A.004,M.179,D.052,I.110,N.199,E.063,K.147,A.008,H.098,K.139,E.058,I.117,F.072,D.041,H.089,I.125,F.068,B.023,L.173,D.053,G.074,E.062,B.020,C.034,C.028,G.075,M.177,L.175,A.002,L.167,N.197,B.019,B.015,C.029,A.003"
Gudang Konstruksi Baja,591,1,Standar,"A.011,C.026,K.136,F.070,H.096,G.077,H.090,D.043,A.004,D.052,B.016,E.064,D.042,A.010,K.147,E.061,H.098,F.071,I.109,D.041,A.005,D.049,B.023,E.062,I.127,B.017,K.140,C.028,G.075,I.119,G.084,B.015,A.006,C.029"
Gedung Sekolah / Kelas,1395,1,Ekonomis,"A.011,A.001,C.026,E.055,K.137,F.067,D.037,G.077,G.082,A.004,D.047,H.105,H.101,D.052,B.024,E.063,G.079,A.008,H.098,K.148,D.044,I.114,F.072,D.041,A.005,C.030,B.023,I.118,E.062,B.017,I.126,K.143,B.019,C.029"
Rumah Subsidi (Type 21-36),1371,1,Ekonomis,"H.102,G.086,C.026,B.013,K.136,F.070,K.137,D.036,D.037,D.047,E.064,A.010,E.063,A.008,H.098,I.113,G.078,C.033,F.072,D.041,A.005,D.049,C.030,G.083,E.062,I.124,A.012,B.014,B.017,K.146,I.119,B.022,H.091,A.003"
Ruko Standar (2 Lantai),761,2,Premium,"M.187,D.046,K.144,M.188,E.059,H.093,K.137,D.048,E.054,D.037,G.076,M.184,L.163,A.004,L.150,M.194,N.198,D.052,I.110,L.172,C.032,F.069,L.159,L.169,B.021,A.008,M.181,E.057,F.071,I.117,D.038,H.089,A.005,I.108,C.030,H.106,K.145,A.012,B.014,B.025,N.197,B.022,G.081,G.085,C.029,A.003"
Ruko Premium (3 Lantai+),366,1,Ekonomis,"A.011,A.001,A.009,E.059,C.035,K.141,B.013,D.048,A.007,E.054,F.067,F.065,G.077,G.082,H.104,I.110,B.016,D.044,G.078,H.089,I.108,D.053,H.088,K.145,A.012,I.116,K.140,C.028,D.051,B.019,B.015,E.056,C.029,D.050"
Klinik Pratama,1143,1,Premium,"F.066,H.102,I.123,A.001,M.188,L.171,K.141,C.026,K.136,N.196,M.189,B.018,D.036,A.007,L.151,N.198,H.101,L.162,L.172,B.016,L.159,A.010,E.063,M.193,B.021,A.008,E.061,M.190,D.044,K.138,G.081,D.045,D.038,I.125,D.041,F.068,C.030,G.083,G.074,H.097,A.006,B.014,C.034,M.177,I.119,E.056"
Ruko Premium (3 Lantai+),1373,1,Ekonomis,"A.011,H.102,K.141,C.031,C.026,H.096,D.048,B.018,D.036,F.067,G.077,F.065,A.004,D.047,B.024,A.008,D.044,K.138,D.045,I.117,I.114,C.030,H.097,E.062,I.124,K.145,B.014,B.017,E.060,A.002,G.084,E.056,G.085,A.003"
Rumah Komersil (Type 45-70),488,1,Premium,"A.011,M.182,G.086,A.009,C.035,C.031,C.026,L.155,N.196,K.137,L.153,H.099,L.156,B.018,D.037,I.121,G.076,M.184,A.004,D.047,I.110,N.199,D.042,F.069,E.063,M.193,B.021,L.176,E.057,E.058,K.138,L.164,K.142,D.038,F.068,D.053,I.124,A.012,B.025,G.075,M.177,M.183,B.015,H.091,H.097,A.003"
Rumah Subsidi (Type 21-36),406,1,Premium,"A.011,D.046,C.026,K.137,A.007,D.037,F.065,G.076,L.150,H.107,N.198,D.052,N.199,C.032,D.042,A.010,K.147,L.149,L.176,M.190,M.181,G.078,M.192,I.122,M.178,I.114,K.142,F.068,H.095,B.023,D.039,H.088,E.062,A.006,I.124,A.012,E.060,L.158,G.075,B.022,B.019,B.015,M.185,L.157,E.056,C.029"
Rumah Komersil (Type 45-70),844,1,Premium,"N.196,F.070,H.096,L.161,L.153,L.160,D.036,M.186,G.082,M.184,A.004,H.107,N.198,B.016,C.032,D.042,B.024,A.010,E.063,E.064,F.069,A.008,G.079,H.098,E.057,K.138,D.045,M.178,I.117,I.125,C.030,D.039,D.053,L.170,L.152,I.116,B.017,C.028,G.075,K.146,A.002,K.143,M.183,B.015,M.181,A.003"
Masjid Raya (Kubah Besar),408,1,Premium,"F.066,A.011,K.144,G.086,A.009,B.013,C.027,K.136,D.048,M.189,D.036,E.054,G.077,L.151,G.076,D.043,A.004,L.150,H.107,M.194,N.198,H.105,I.110,C.032,D.042,A.010,M.193,E.061,M.181,M.192,G.073,F.068,L.174,B.023,H.106,D.039,L.170,G.074,A.006,L.152,I.116,K.140,B.025,B.020,N.197,I.120,E.056,C.029"
Ruko Standar (2 Lantai),242,2,Standar,"A.011,C.035,K.137,H.087,A.007,D.043,H.107,C.032,B.024,E.063,B.021,A.008,K.147,D.044,E.058,F.071,I.122,I.114,H.089,A.005,D.049,F.068,D.053,D.040,K.145,I.116,B.017,E.060,C.034,A.002,G.084,B.015,G.081,G.085"
Masjid Musholla (Lingkungan),325,1,Premium,"F.066,D.046,H.102,M.191,L.161,L.156,A.007,F.067,M.195,D.047,N.198,L.162,G.080,L.172,B.016,C.032,L.159,A.010,G.079,M.193,A.008,K.139,K.148,E.058,G.081,I.112,D.045,C.033,D.038,I.125,A.005,H.095,G.083,E.062,K.145,E.060,B.020,C.034,G.075,D.051,I.126,M.177,A.002,N.197,B.022,B.015,M.185,H.097,G.085"
Rumah Komersil (Type 45-70),1407,1,Standar,"A.009,E.059,K.141,C.031,K.137,D.048,B.018,D.036,A.007,D.037,G.077,H.090,G.076,I.115,E.064,F.069,B.021,I.117,K.142,D.038,I.125,H.089,D.049,F.068,C.030,A.012,B.017,E.060,G.075,B.019,H.091,A.006,C.029,A.003"
Rumah Subsidi (Type 21-36),341,1,Premium,"D.046,K.144,L.166,G.086,A.009,N.196,C.031,F.070,K.137,M.189,B.018,A.007,D.036,F.067,H.103,M.195,A.004,D.047,M.194,M.180,E.064,M.193,H.098,L.149,I.113,E.058,G.073,L.165,K.142,D.038,I.108,C.030,L.173,I.118,D.040,G.074,E.062,A.012,B.025,B.020,C.034,A.002,L.167,B.022,N.197,H.091"
Gedung Sekolah / Kelas,424,1,Premium,"M.187,A.011,D.046,L.166,A.009,C.035,N.196,F.070,H.096,M.189,L.160,G.082,M.195,A.004,N.198,H.105,M.179,D.042,M.193,B.021,A.008,E.061,K.147,K.139,D.044,E.057,G.081,I.114,K.142,D.038,F.068,I.108,C.030,L.173,D.040,G.083,H.088,E.062,L.170,B.014,I.127,B.025,C.034,L.175,B.015,A.006"
Masjid Musholla (Lingkungan),909,1,Standar,"I.123,A.001,G.086,A.009,C.027,K.136,H.096,K.137,D.036,E.054,A.007,F.065,H.090,I.121,G.076,D.042,F.069,B.021,A.008,K.139,D.044,C.033,D.038,D.049,I.118,G.074,H.088,A.012,E.060,B.020,G.075,B.019,B.015,E.056,C.029"
Jalan Lingkungan (Paving/Beton),1107,1,Premium,"A.011,L.166,M.182,M.188,N.196,C.026,D.048,B.018,A.007,M.186,D.037,A.004,D.047,M.194,N.198,D.052,B.016,L.176,M.178,C.033,D.038,A.005,L.158,B.025,B.020,C.034,L.175,L.157,A.003"
Rumah Mewah (2 Lantai+),915,2,Premium,"D.046,A.001,M.191,M.188,K.141,N.196,K.136,L.153,A.007,E.054,H.103,F.065,G.082,G.076,I.115,D.047,N.198,L.172,B.016,L.169,A.010,G.079,M.193,E.061,H.098,L.176,M.181,E.057,D.045,C.033,D.038,H.089,F.068,K.145,A.012,I.127,I.116,L.158,C.034,B.022,M.183,B.019,B.015,A.006,C.029,D.050"
Gedung Sekolah / Kelas,1244,1,Standar,"A.011,A.001,F.070,K.137,D.036,E.054,A.007,F.065,G.077,H.107,H.101,G.079,K.147,E.057,G.081,I.122,C.033,D.038,I.125,A.005,D.049,D.040,H.097,B.014,K.140,C.034,C.028,D.051,I.126,A.002,B.022,B.019,B.015,E.056"
Rumah Subsidi (Type 21-36),1281,1,Ekonomis,"E.059,H.093,K.137,D.048,A.007,G.076,I.115,D.047,H.105,I.110,B.016,E.064,F.069,A.008,K.138,G.073,I.125,D.041,A.005,D.049,F.068,C.030,H.095,G.074,A.012,B.017,B.025,B.020,C.028,D.051,K.146,A.002,E.056,C.029"
Gedung Sekolah / Kelas,153,1,Premium,"A.001,M.188,E.059,L.171,N.196,B.013,C.027,M.189,L.160,B.018,D.036,A.007,D.043,M.194,M.179,L.172,N.199,C.032,F.069,G.079,B.021,A.008,E.061,K.147,K.148,D.044,E.057,I.112,K.142,C.033,I.125,H.089,F.068,D.053,L.170,A.012,L.154,D.051,G.084,H.092,B.019,M.185,I.120,H.097,G.085,A.003"
Renovasi Rumah (Minor),1186,1,Standar,"K.144,A.009,C.035,F.070,B.018,A.007,H.103,I.121,I.115,I.110,A.010,E.063,H.094,A.008,H.098,D.044,E.057,K.138,F.072,D.049,C.030,D.053,D.040,G.083,E.062,K.140,B.025,G.075,A.002,G.084,B.022,B.019,C.029,D.050"
Gedung Sekolah / Kelas,1269,1,Premium,"A.011,D.046,H.102,I.123,M.191,G.086,A.009,E.059,F.070,E.055,M.189,L.160,L.156,B.018,D.036,H.090,M.184,M.180,D.052,N.199,C.032,F.069,H.094,A.008,L.176,D.044,E.057,M.178,I.114,C.033,D.049,L.174,B.023,I.124,K.145,B.014,K.140,L.158,K.143,G.084,N.197,B.019,A.006,G.085,C.029,A.003"
Gudang Konstruksi Baja,1087,1,Premium,"F.066,A.011,L.166,A.001,M.182,M.191,C.035,C.026,B.013,K.136,L.155,L.153,B.018,D.036,E.054,M.194,N.198,H.105,M.180,D.052,L.172,A.010,E.063,B.021,E.061,K.147,D.044,I.112,D.045,I.117,C.033,D.041,F.068,L.174,H.106,G.083,G.074,A.012,I.127,B.025,G.075,K.146,A.002,N.197,M.183,H.091"
Rumah Mewah (2 Lantai+),978,2,Premium,"A.011,K.144,M.188,A.009,E.059,K.141,C.031,B.013,C.026,M.189,M.184,N.198,H.105,G.080,E.064,D.042,E.063,M.193,K.147,L.176,G.078,M.192,F.071,I.122,D.038,D.041,A.005,D.049,F.068,L.174,L.173,D.053,H.097,H.088,B.014,I.116,B.017,L.158,L.154,C.028,G.075,A.002,I.119,N.197,B.019,A.006"
Gudang Konstruksi Baja,438,1,Standar,"A.011,D.046,B.013,F.070,K.137,H.099,B.018,D.036,A.007,D.037,G.082,D.043,H.107,G.080,I.110,B.016,C.032,F.069,B.021,K.147,E.058,C.033,I.111,D.039,I.118,G.074,H.088,E.062,E.060,K.140,C.028,A.002,A.006,A.003"
Rumah Komersil (Type 45-70),518,1,Standar,"D.046,H.102,K.144,A.009,C.031,K.136,E.055,H.099,A.007,E.054,G.077,H.104,A.004,D.047,D.052,A.010,K.147,I.113,I.112,G.073,C.033,F.072,D.041,F.068,B.023,D.053,A.006,I.116,B.017,B.025,C.034,G.075,B.022,E.056"
Jalan Lingkungan (Paving/Beton),343,1,Standar,"B.014,A.011,D.043,D.047,B.020,C.031,A.002,A.005,C.027,B.024,C.030,B.019,A.008,D.039,D.036,A.006,D.037"
Masjid Raya (Kubah Besar),1335,1,Ekonomis,"A.001,E.059,B.013,B.018,D.036,E.054,F.067,G.077,D.043,H.107,C.032,A.010,E.063,G.079,K.138,G.081,G.073,I.114,F.072,C.030,D.053,D.040,H.097,H.088,G.083,G.074,A.012,B.014,K.140,C.034,I.126,K.146,A.002,B.019,I.120,A.006,D.050"
Rumah Komersil (Type 45-70),805,1,Ekonomis,"A.011,A.009,C.035,C.026,K.141,B.018,D.036,E.054,H.103,F.065,G.082,A.004,H.107,I.110,E.063,B.021,K.139,D.044,G.081,K.142,D.038,F.072,D.041,A.005,I.108,D.053,I.118,G.083,B.014,B.020,A.002,H.091,E.056,C.029"
Cafe / Restoran (Interior),1225,1,Ekonomis,"I.123,K.141,C.027,E.055,K.137,D.036,F.067,H.090,G.082,B.016,E.064,F.069,A.010,B.021,E.056,I.125,D.041,A.005,D.049,I.111,H.106,D.039,G.083,A.012,B.017,K.140,C.028,D.051,G.075,B.015,H.091,A.006,C.029,A.003"
Pos Keamanan (Pos Satpam),470,1,Premium,"F.066,A.011,K.144,A.001,L.171,C.035,C.026,H.093,N.196,K.137,D.048,A.007,E.054,G.077,M.195,M.184,L.163,H.101,G.080,B.016,D.042,A.010,E.063,B.021,A.008,L.176,K.148,M.192,G.081,I.112,D.045,I.125,D.041,D.049,F.068,C.030,H.095,L.158,M.177,L.175,I.119,N.197,B.022,M.183,B.015,E.056"
Rumah Subsidi (Type 21-36),996,1,Premium,"F.066,K.144,I.123,H.100,A.009,E.059,L.171,N.196,B.013,C.027,L.168,L.160,D.036,E.054,F.067,G.077,A.004,H.107,M.194,G.080,B.016,A.010,K.139,I.113,E.057,G.078,M.192,M.178,I.117,D.038,D.041,L.173,D.053,H.088,K.145,A.012,C.028,M.177,L.175,A.002,N.197,B.022,M.183,B.015,C.029,D.050"
Klinik Pratama,202,1,Ekonomis,"I.123,A.009,C.035,F.070,H.096,A.007,G.077,G.076,A.004,H.107,B.016,F.069,B.021,E.061,K.147,K.138,I.112,D.038,D.041,A.005,D.049,H.106,D.039,D.053,G.074,E.062,I.124,K.145,B.025,C.028,A.002,B.015,E.056,C.029"
Gudang Konstruksi Baja,1396,1,Ekonomis,"F.066,K.144,A.001,C.035,C.026,B.013,K.137,H.099,B.018,A.007,E.054,D.036,G.076,H.104,D.047,E.064,D.042,A.010,A.008,E.058,I.122,I.117,K.142,I.109,H.089,F.068,B.023,D.040,A.012,B.014,G.075,D.051,G.081,C.029"
Gudang Konstruksi Baja,190,1,Premium,"F.066,H.102,M.191,L.171,C.035,K.141,B.013,L.155,M.189,L.160,B.018,A.007,F.067,M.186,I.115,D.047,N.198,H.101,D.052,C.032,E.063,G.079,M.193,K.147,A.008,L.176,M.181,D.044,I.112,G.073,I.122,K.142,D.038,H.095,D.040,G.083,E.062,A.012,E.060,B.025,C.034,L.167,B.022,N.197,A.006,A.003"
Rumah Subsidi (Type 21-36),952,1,Standar,"A.011,A.009,K.136,H.096,H.087,A.007,H.103,G.076,D.043,D.047,I.110,A.010,E.061,K.139,G.078,E.058,G.081,C.033,D.038,F.072,I.125,A.005,F.068,B.023,D.040,I.124,K.145,B.014,C.034,B.022,B.019,E.056,C.029,D.050"
Gedung Kampus,151,1,Ekonomis,"A.001,G.086,A.009,C.026,F.070,K.137,A.007,D.037,H.090,D.043,D.052,F.069,E.063,G.079,A.008,E.061,I.122,K.142,D.049,H.095,D.053,H.088,E.062,I.127,B.017,C.034,C.028,I.126,K.146,A.002,G.084,B.022,B.019,B.015"
Ruko Standar (2 Lantai),1336,2,Ekonomis,"K.144,H.100,G.086,C.031,F.070,B.018,A.007,E.054,D.036,F.065,G.076,A.004,H.107,K.147,H.098,E.058,K.142,C.033,D.038,D.041,A.005,I.108,B.023,D.040,A.012,B.014,G.075,I.126,A.002,I.119,B.015,E.056,C.029,D.050"
Masjid Raya (Kubah Besar),1411,1,Ekonomis,"F.066,A.001,E.059,B.013,C.027,K.137,D.048,D.037,H.090,G.082,G.077,G.076,D.043,A.004,B.016,D.042,E.063,H.094,G.079,K.147,E.061,K.148,G.078,I.112,I.117,F.072,I.108,C.030,D.053,A.012,A.002,B.022,B.015,H.091,C.029,A.003"
Rumah Mewah (2 Lantai+),1193,2,Premium,"L.166,M.188,L.171,N.196,C.031,K.137,D.048,H.099,L.153,L.156,B.018,A.007,E.054,A.004,D.047,M.194,N.198,H.105,L.162,M.179,A.008,E.057,M.192,F.071,C.033,I.109,H.089,A.005,D.049,F.068,B.023,D.040,G.083,G.074,E.062,I.116,B.017,K.140,C.028,G.075,I.126,M.177,K.146,A.002,B.019,D.050"
Cafe / Restoran (Interior),1385,1,Ekonomis,"A.011,I.123,A.001,K.137,H.099,D.036,H.090,F.065,G.082,D.052,B.016,E.064,D.042,B.024,A.010,F.069,E.057,K.138,I.112,C.033,D.038,I.125,C.030,D.039,G.083,H.097,E.062,B.014,B.020,K.143,A.002,A.006,G.085,C.029"
Gedung Sekolah / Kelas,1253,1,Premium,"D.046,M.188,H.093,N.196,C.027,E.055,K.137,L.151,M.184,A.004,N.198,H.101,M.180,L.169,F.069,B.024,A.010,E.063,G.079,B.021,A.008,L.176,K.148,D.044,E.057,G.073,M.178,I.117,F.072,A.005,D.049,I.108,C.030,H.095,D.040,G.074,K.145,B.017,L.158,C.028,M.177,A.002,I.119,L.167,B.015,D.050"
Gedung Kampus,933,1,Premium,"I.123,M.182,M.188,A.009,C.031,C.027,K.136,L.155,H.087,D.036,E.054,A.007,F.067,H.090,G.076,M.184,D.043,D.047,N.198,H.101,L.172,N.199,A.010,M.193,B.021,A.008,E.061,K.139,K.147,I.113,G.081,M.178,E.056,C.033,D.038,I.125,D.049,F.068,L.174,G.074,B.014,B.017,B.020,L.175,L.167,A.006"
Pos Keamanan (Pos Satpam),350,1,Ekonomis,"H.102,A.001,A.009,E.059,H.093,C.026,B.013,C.027,K.137,D.036,E.054,G.077,F.065,D.043,H.105,K.148,G.081,I.112,D.045,C.033,D.038,A.005,D.049,F.068,B.023,I.118,E.062,I.124,A.012,B.014,K.146,B.015,A.006,G.085"
Gudang Konstruksi Baja,97,1,Standar,"D.046,A.003,B.013,K.136,F.070,E.055,A.007,E.054,H.105,B.016,C.032,B.024,A.010,E.063,H.094,K.148,G.078,D.038,D.049,F.068,C.030,H.106,D.053,I.118,G.074,I.124,A.012,K.140,B.020,C.028,G.075,A.002,I.119,D.050"
Ruko Premium (3 Lantai+),1125,1,Premium,"F.066,M.187,D.046,A.001,M.182,H.093,C.026,N.196,E.055,D.048,L.168,L.161,M.186,G.077,I.115,A.004,M.194,N.198,H.101,L.172,E.064,F.069,K.147,A.008,E.061,D.044,K.138,L.164,G.073,M.178,I.114,C.033,I.108,B.023,D.039,D.040,H.088,K.145,B.017,B.025,L.154,A.002,B.022,G.085,C.029,A.003"
Rumah Mewah (2 Lantai+),532,2,Ekonomis,"L.166,A.001,G.086,C.031,B.013,C.026,E.055,K.137,A.007,I.121,G.082,M.195,A.004,H.101,M.179,N.199,C.032,A.008,E.061,L.176,K.148,M.190,I.113,E.057,I.122,D.038,F.072,H.089,D.049,F.068,L.174,B.023,H.106,L.173,D.053,D.040,G.083,B.017,B.025,L.158,M.177,D.051,K.146,N.197,M.181,A.003"
Ruko Premium (3 Lantai+),1066,1,Premium,"F.066,L.166,H.102,A.009,E.059,C.031,B.013,D.048,L.168,B.018,M.186,I.121,L.151,M.195,A.004,M.194,N.198,H.101,M.179,N.199,E.064,L.169,B.024,A.008,K.139,G.078,D.045,G.073,I.122,K.142,C.033,A.005,D.049,F.068,I.111,C.030,H.106,D.039,K.145,E.060,B.025,A.002,M.185,L.157,G.085,D.050"
Rumah Subsidi (Type 21-36),1462,1,Standar,"F.066,A.011,D.046,A.009,H.093,K.141,C.027,F.070,K.137,A.007,H.090,I.121,G.076,E.063,B.021,K.138,E.058,G.073,I.109,D.041,A.005,D.049,C.030,H.095,D.053,E.062,A.012,B.025,C.028,I.126,B.019,B.015,G.081,D.050"
Cafe / Restoran (Interior),1379,1,Ekonomis,"E.059,C.026,B.013,F.067,G.077,D.042,K.147,A.008,E.061,H.098,K.139,I.113,F.071,D.045,I.117,K.142,C.033,I.125,D.041,A.005,H.095,D.040,G.083,H.088,E.062,A.012,B.014,C.028,A.002,B.022,B.015,A.006,G.085,D.050"
Gudang Konstruksi Baja,952,1,Standar,"D.046,H.100,A.009,C.026,F.070,K.137,A.007,D.036,F.067,H.104,D.043,A.004,I.115,C.032,A.010,H.094,E.061,K.148,E.057,E.058,G.078,D.041,B.023,D.039,G.083,K.145,A.012,I.116,B.025,C.028,G.075,I.126,B.022,B.019"
Rumah Komersil (Type 45-70),635,1,Premium,"F.066,D.046,I.123,K.144,A.001,M.182,M.188,A.009,C.035,C.031,B.013,N.196,D.048,L.168,M.189,A.007,A.004,L.162,M.179,G.080,M.180,B.016,C.032,F.069,N.199,E.063,B.021,E.061,K.139,D.044,K.138,L.164,G.073,L.165,I.114,H.089,B.023,D.039,D.040,G.083,H.097,H.088,L.170,I.126,E.056,A.003"
Rumah Subsidi (Type 21-36),634,1,Ekonomis,"A.011,D.046,I.123,H.100,A.001,K.141,K.136,A.007,G.082,H.104,D.043,A.004,I.115,H.105,G.080,B.016,A.010,E.063,G.079,D.044,K.138,F.071,D.045,C.033,F.072,D.041,C.030,B.023,B.014,I.127,B.017,E.060,C.034,E.056"
Jalan Lingkungan (Paving/Beton),505,1,Ekonomis,"D.043,A.011,D.046,A.001,B.020,C.034,A.009,A.002,B.016,C.030,B.023,B.021,D.039,D.053,D.036,A.006,C.029"
Rumah Mewah (2 Lantai+),133,2,Premium,"A.001,M.191,A.003,G.086,A.009,L.171,C.035,C.031,B.013,C.027,D.036,M.186,G.077,F.065,G.076,L.150,M.180,N.199,D.042,E.063,M.193,K.147,A.008,E.061,L.149,K.148,L.176,I.112,A.005,D.049,F.068,B.023,H.106,D.040,L.170,H.088,K.145,I.116,E.060,B.025,I.119,N.197,B.015,M.185,H.091,D.050"
Gudang Konstruksi Baja,1359,1,Ekonomis,"F.066,A.001,A.003,C.031,C.027,E.055,D.048,H.087,F.065,G.082,I.115,G.080,C.032,E.064,H.094,B.021,A.008,K.139,K.142,D.038,A.005,D.049,I.108,H.095,B.023,D.053,E.062,I.116,B.025,K.143,G.084,B.022,A.006,D.050"
Cafe / Restoran (Interior),1357,1,Standar,"A.011,D.046,K.144,H.100,A.001,C.026,B.013,E.054,D.037,F.065,G.076,D.052,G.080,F.069,E.063,B.021,A.008,K.148,G.078,I.122,I.117,K.142,A.005,C.030,D.040,H.088,A.012,E.060,C.034,D.051,I.119,H.092,B.022,B.019"
Gudang Konstruksi Baja,948,1,Premium,"A.011,H.100,M.188,K.141,C.031,K.136,F.070,B.018,A.007,M.186,D.037,N.198,L.162,M.180,D.052,L.172,B.016,N.199,F.069,B.024,E.063,M.193,A.008,E.061,K.148,D.044,G.078,L.164,G.081,M.178,E.056,I.108,I.111,B.023,D.040,H.088,I.124,A.012,C.034,C.028,L.175,H.092,L.167,A.006,G.085,D.050"
Masjid Raya (Kubah Besar),186,1,Ekonomis,"D.046,A.001,K.141,C.027,B.018,D.036,H.090,F.065,G.076,I.115,D.047,E.064,F.069,A.010,E.063,G.079,B.021,G.073,I.114,C.033,I.109,D.041,H.089,A.005,D.040,G.083,H.088,K.145,B.014,E.060,B.025,C.028,K.143,A.002,A.003"
Gedung Kampus,1278,1,Ekonomis,"H.102,H.100,A.003,A.009,H.093,C.026,K.141,K.137,D.048,B.018,D.037,F.065,G.077,I.121,A.004,G.080,E.064,F.069,A.010,E.057,G.073,I.125,D.041,A.005,I.108,C.030,D.053,E.062,K.145,B.014,B.017,B.019,C.029,D.050"
Masjid Musholla (Lingkungan),1222,1,Premium,"A.011,D.046,A.001,M.182,G.086,N.196,L.155,K.136,F.070,D.048,M.189,B.018,D.036,A.007,F.067,H.090,G.077,L.151,M.186,N.198,H.105,L.162,C.032,L.169,A.010,E.063,E.061,M.190,D.044,G.078,K.138,I.112,G.073,I.122,K.142,H.095,D.039,L.170,G.074,I.127,B.025,B.020,C.034,C.028,A.002,M.183,B.015,E.056"
Rumah Subsidi (Type 21-36),241,1,Premium,"M.187,A.011,M.182,A.009,E.059,C.035,L.155,B.013,C.027,H.096,K.137,D.048,H.099,L.160,M.189,A.007,L.150,N.199,M.193,B.021,A.008,H.098,K.148,D.044,E.057,M.192,G.081,G.073,I.117,I.114,F.072,D.049,F.068,L.173,D.053,A.012,B.020,C.034,L.154,K.143,I.119,N.197,B.022,E.056,G.085,D.050"
Masjid Raya (Kubah Besar),624,1,Ekonomis,"D.046,I.123,A.003,E.059,C.035,C.031,C.026,K.141,K.136,H.096,D.048,B.018,E.054,F.065,G.082,D.043,A.004,G.080,E.063,H.094,G.078,I.109,H.089,A.005,F.068,B.023,D.039,I.118,A.012,B.017,K.140,G.075,B.015,A.006,G.085,D.050"
Cafe / Restoran (Interior),48,1,Premium,"F.066,M.188,A.009,K.141,C.026,C.031,L.155,H.096,K.137,D.048,L.153,L.160,A.007,I.121,G.076,M.184,I.115,A.004,L.163,H.107,M.180,N.199,E.064,B.024,A.010,E.063,G.079,H.094,M.190,D.044,E.057,M.192,I.109,F.072,D.049,D.039,D.040,A.012,B.017,B.025,K.140,L.158,C.028,G.075,N.197,B.015"
Masjid Raya (Kubah Besar),128,1,Premium,"M.187,A.001,M.182,K.141,B.013,C.027,K.136,E.055,L.160,B.018,D.036,A.007,M.195,G.076,M.184,H.105,H.101,D.052,L.172,N.199,D.042,H.094,A.008,L.149,M.190,I.113,E.057,G.078,L.164,F.071,G.073,I.109,F.072,A.005,I.111,B.023,E.060,C.034,L.154,C.028,D.051,G.075,K.146,N.197,B.019,A.006,D.050"
Ruko Premium (3 Lantai+),1232,1,Standar,"D.046,K.144,H.100,E.055,A.007,F.067,D.037,G.082,A.004,G.080,E.064,B.024,A.010,B.021,A.008,H.098,D.044,I.113,I.122,I.117,C.033,D.038,F.072,D.041,C.030,H.106,B.014,B.017,C.028,K.146,K.143,E.056,G.085,A.003"
Masjid Musholla (Lingkungan),278,1,Ekonomis,"A.011,K.144,H.100,A.001,C.026,K.137,B.018,D.037,G.076,D.043,D.047,B.016,E.063,E.061,I.113,G.081,D.045,I.117,I.114,C.033,F.072,F.068,C.030,H.095,H.106,D.039,G.083,E.060,B.025,K.146,A.002,G.084,B.022,A.006,G.085,A.003"
Jalan Lingkungan (Paving/Beton),218,1,Ekonomis,"A.012,B.025,D.051,C.035,D.052,A.002,B.016,C.032,D.042,A.010,B.022,C.030,D.040,A.008,B.015,D.036,A.006"
Masjid Musholla (Lingkungan),247,1,Standar,"C.035,B.013,C.027,H.096,E.055,H.099,B.018,A.007,F.065,G.076,D.043,G.080,I.110,C.032,D.042,E.063,B.021,A.008,K.148,I.114,K.142,D.049,F.068,D.053,D.040,G.083,H.088,A.012,I.116,E.060,G.075,K.143,A.002,B.015,A.006,G.085"
Cafe / Restoran (Interior),403,1,Ekonomis,"A.011,K.144,H.100,A.003,G.086,A.009,E.059,C.035,K.136,H.099,A.007,D.036,F.065,G.082,H.104,I.110,D.042,F.069,A.008,K.138,D.045,I.124,B.014,E.060,C.034,I.126,D.051,B.022,B.019,B.015,E.056,G.085,C.029,D.050"
Masjid Raya (Kubah Besar),1207,1,Ekonomis,"F.066,D.046,K.144,A.003,G.086,A.009,C.035,E.055,D.048,K.137,B.018,A.007,D.036,G.077,H.104,H.101,I.110,E.064,F.069,A.010,B.021,A.008,D.044,G.073,C.033,I.109,I.108,C.030,H.095,E.060,K.140,B.020,G.075,B.022,G.081,D.050"
Rumah Subsidi (Type 21-36),1425,1,Ekonomis,"F.066,I.123,A.003,G.086,A.009,C.031,C.026,E.055,A.007,F.065,H.104,D.043,D.047,H.105,D.052,I.110,E.064,A.010,K.147,G.078,E.058,I.120,D.053,K.145,B.014,B.017,B.020,C.028,G.075,K.143,B.019,H.091,A.006,D.050"
Renovasi Rumah (Minor),1131,1,Standar,"A.011,A.001,B.013,C.027,G.082,A.004,H.107,A.010,E.063,H.094,B.021,A.008,K.148,E.058,F.071,D.045,I.122,C.033,I.109,F.072,D.041,D.049,C.030,D.039,D.053,H.088,K.145,B.014,I.127,G.075,K.146,B.022,E.056,G.085"
Masjid Raya (Kubah Besar),266,1,Premium,"H.100,H.093,C.027,L.157,D.048,L.156,G.077,F.065,G.082,N.198,M.180,N.199,L.169,B.024,A.010,H.094,M.193,K.147,A.008,E.061,L.176,M.190,M.181,K.138,E.058,M.192,F.071,D.045,I.117,D.038,I.125,A.005,D.049,C.030,G.083,G.074,K.145,A.012,B.014,E.060,C.028,G.075,L.167,B.022,B.019,I.120,A.006,D.050"
Rumah Mewah (2 Lantai+),990,2,Premium,"M.187,L.166,A.001,A.009,E.059,N.196,C.026,C.027,H.096,K.137,M.189,B.018,D.037,G.077,H.104,A.004,N.198,M.179,G.080,D.042,E.063,B.021,L.176,K.148,M.190,E.058,G.073,I.122,M.178,D.038,I.109,F.072,D.049,F.068,L.174,I.118,D.040,K.145,A.012,B.014,L.152,B.020,C.034,L.175,H.092,A.006"
Renovasi Rumah (Minor),954,1,Premium,"F.066,K.144,I.123,M.188,A.009,C.035,H.093,C.027,K.136,L.160,A.007,M.186,G.077,M.184,L.163,N.198,I.110,N.199,C.032,L.169,A.008,E.061,H.098,K.139,M.192,E.058,F.071,M.178,D.041,D.039,D.053,I.118,D.040,G.083,E.062,A.012,B.017,L.158,B.020,D.051,H.092,B.022,B.015,L.157,G.085,A.003"
Gudang Konstruksi Baja,1032,1,Standar,"D.046,K.144,A.001,A.003,B.013,F.070,D.048,G.076,B.016,E.064,A.010,E.063,H.094,K.147,H.098,I.112,E.056,C.033,F.072,I.125,A.005,C.030,B.023,H.095,D.053,G.074,K.145,I.126,D.051,B.019,A.006,G.085,C.029,D.050"
Klinik Pratama,740,1,Ekonomis,"A.011,A.009,C.035,K.136,F.070,E.055,H.087,B.018,D.037,F.065,G.077,H.104,D.047,B.016,E.064,B.024,I.113,G.078,E.058,C.033,D.038,D.049,D.040,G.083,A.012,B.017,C.028,I.126,K.143,A.002,I.119,K.146,H.091,A.006"
Cafe / Restoran (Interior),722,1,Ekonomis,"K.144,H.100,A.003,D.036,G.082,D.043,A.004,C.032,F.069,B.024,H.094,B.021,E.061,I.113,G.078,K.138,D.045,I.122,E.056,F.072,H.095,D.039,E.062,A.012,B.014,K.140,C.034,C.028,I.126,A.002,G.084,B.019,A.006,D.050"
Rumah Komersil (Type 45-70),528,1,Ekonomis,"H.100,A.001,C.035,C.026,C.027,E.055,K.137,F.067,H.090,D.047,D.052,G.080,D.042,A.008,H.098,D.044,E.058,G.081,G.073,K.142,A.005,F.068,B.023,I.118,E.062,B.014,I.116,B.025,B.020,K.143,A.002,I.119,A.006,D.050"
Ruko Premium (3 Lantai+),1347,1,Ekonomis,"F.066,H.102,A.001,A.009,C.035,K.136,H.087,B.018,A.007,D.037,D.043,D.047,C.032,D.042,E.064,F.069,K.138,E.058,D.045,I.122,H.089,A.005,B.023,I.118,G.083,G.074,I.124,C.034,K.146,G.084,B.022,B.015,E.056,A.003"
Cafe / Restoran (Interior),1488,1,Standar,"A.011,D.046,A.009,E.059,B.013,B.018,A.007,F.067,H.103,F.065,A.010,H.094,B.021,E.061,K.147,D.044,K.138,G.081,I.112,D.045,I.109,H.089,C.030,E.062,K.145,I.116,C.028,D.051,G.084,B.015,A.006,G.085,C.029,D.050"
Renovasi Rumah (Minor),1096,1,Standar,"A.011,A.003,E.059,K.141,C.027,K.136,F.070,E.055,B.018,D.036,A.007,G.077,I.121,D.043,D.047,H.105,H.101,B.016,C.032,H.094,B.021,I.113,G.078,G.073,C.033,F.072,D.041,A.005,E.062,B.020,I.126,K.143,A.006,D.050"
Pos Keamanan (Pos Satpam),726,1,Standar,"K.144,A.001,C.035,C.027,D.048,F.065,D.043,I.110,C.032,E.064,E.063,A.008,H.098,K.139,D.044,E.058,I.117,K.142,D.041,A.005,D.049,F.068,I.111,H.095,B.023,G.083,B.014,B.017,G.075,A.002,H.092,B.015,G.081,A.003"
Klinik Pratama,1194,1,Premium,"D.046,K.144,G.086,A.009,M.188,C.035,L.155,B.013,N.196,L.168,H.099,L.156,D.036,E.054,D.037,F.067,A.004,N.198,M.180,B.016,B.024,A.010,L.159,E.061,K.139,L.176,K.148,M.190,G.081,F.071,D.045,M.178,I.117,C.033,I.125,H.089,A.005,D.040,E.060,C.028,M.177,I.119,B.022,H.091,A.006,G.085"
Klinik Pratama,260,1,Ekonomis,"F.066,A.011,A.009,E.059,C.035,C.031,D.043,A.004,H.107,D.047,H.101,D.042,B.024,A.010,E.063,G.079,H.098,G.078,F.071,D.045,K.142,I.111,B.023,G.074,A.012,B.014,I.127,B.025,K.140,D.051,K.146,I.119,E.056,C.029"
Klinik Pratama,1394,1,Premium,"A.011,H.100,M.191,G.086,A.009,C.035,N.196,B.013,K.136,E.055,K.137,L.153,M.189,A.007,D.036,D.037,F.065,M.195,D.043,I.115,L.163,N.198,M.180,E.063,H.094,A.008,E.061,L.176,F.071,G.073,I.111,C.030,D.053,G.074,B.014,L.152,B.017,B.025,C.034,L.175,K.143,A.002,M.183,I.120,H.097,D.050"
Gedung Kampus,1038,1,Premium,"H.102,A.001,G.086,M.188,K.141,C.026,B.013,C.027,F.070,D.048,M.189,D.036,E.054,A.007,G.077,M.184,D.043,L.150,N.198,L.162,G.080,N.199,B.024,A.010,K.147,A.008,M.190,D.044,I.112,L.165,F.068,D.039,L.173,H.097,E.062,K.145,I.127,E.060,B.025,L.158,C.028,M.177,I.119,B.022,H.091,A.006"
Rumah Komersil (Type 45-70),1318,1,Ekonomis,"A.011,D.046,C.035,C.026,D.048,B.018,A.007,E.054,F.067,I.121,G.076,H.104,D.043,B.016,C.032,E.063,H.094,H.098,K.148,I.113,G.078,E.058,A.005,F.068,D.053,D.040,I.124,A.012,B.017,K.140,K.146,A.002,B.019,G.085"
Gudang Konstruksi Baja,1124,1,Premium,"A.003,G.086,H.093,K.141,L.153,M.189,B.018,A.007,E.054,D.037,F.065,L.151,G.076,D.047,M.194,N.198,G.080,L.159,E.063,H.094,M.193,B.021,A.008,K.139,M.190,D.044,M.192,E.058,I.112,K.142,C.033,A.005,F.068,I.111,B.023,A.012,I.116,L.152,C.034,D.051,N.197,B.015,L.157,H.097,C.029,D.050"
Masjid Raya (Kubah Besar),210,1,Premium,"A.011,I.123,A.001,M.188,K.141,L.155,C.027,N.196,F.070,L.153,M.189,B.018,D.036,H.103,G.076,A.004,D.047,N.198,H.101,H.105,D.052,G.080,L.172,F.069,L.159,G.079,B.021,E.061,M.192,E.058,G.081,I.122,C.033,A.005,C.030,D.039,E.062,K.145,B.014,I.116,G.075,M.177,L.175,K.143,M.183,B.015,A.006,D.050"
Gedung Sekolah / Kelas,705,1,Ekonomis,"F.066,A.011,K.144,G.086,C.035,C.026,B.013,K.141,A.007,D.052,D.042,F.069,A.010,H.098,E.057,E.058,G.081,G.078,D.045,I.114,C.033,H.089,I.111,D.039,D.040,H.088,A.006,K.145,B.014,A.002,B.022,B.019,I.120,E.056"
Rumah Mewah (2 Lantai+),911,2,Premium,"M.187,K.144,H.102,M.182,A.009,N.196,H.096,D.048,L.168,M.189,D.036,G.077,I.121,L.163,A.004,L.150,G.080,L.172,E.064,F.069,B.021,E.061,K.147,K.139,D.044,M.178,I.117,C.033,D.038,F.072,A.005,I.108,B.023,L.173,D.053,G.074,B.014,E.060,B.020,C.034,A.002,N.197,M.183,H.097,C.029,A.003"
Jalan Lingkungan (Paving/Beton),734,1,Standar,"A.012,A.011,A.004,B.014,D.043,D.046,D.053,C.035,C.026,B.024,A.010,C.030,D.048,B.019,B.018,A.007,D.037"
Gedung Kampus,356,1,Premium,"M.182,N.196,B.013,C.027,K.137,M.189,H.087,B.018,A.007,E.054,D.036,H.103,G.082,A.004,L.150,D.047,L.162,M.180,D.052,I.110,C.032,E.063,H.094,A.008,M.190,D.044,F.071,I.112,K.142,D.038,F.072,I.111,L.170,G.074,A.012,B.017,K.143,G.084,L.167,B.022,N.197,M.185,L.157,E.056,C.029,A.003"
Rumah Subsidi (Type 21-36),1386,1,Premium,"M.187,H.102,A.001,M.191,M.188,K.141,C.026,L.155,E.055,D.048,L.168,L.160,A.007,F.067,I.121,F.065,G.082,M.184,N.198,H.101,G.080,N.199,B.024,A.010,M.193,K.147,E.057,E.058,L.165,C.033,D.038,A.005,B.023,D.039,D.053,D.040,L.170,I.127,C.028,K.146,A.002,G.084,H.092,B.022,B.019,I.120"
Cafe / Restoran (Interior),335,1,Standar,"H.102,A.009,E.059,C.035,H.093,B.013,K.137,G.077,D.043,F.069,A.010,A.008,E.061,K.148,D.044,I.113,E.057,D.045,C.033,F.068,B.023,D.040,G.074,H.088,I.124,K.145,A.012,B.017,C.034,I.126,B.019,A.006,G.085,D.050"
Masjid Raya (Kubah Besar),1363,1,Standar,"H.102,A.009,K.141,C.031,F.070,D.048,F.067,G.077,H.104,A.004,D.047,G.080,E.064,D.042,A.010,B.021,A.008,K.139,E.057,E.058,G.078,I.114,C.033,B.023,D.039,D.053,G.074,H.088,I.124,K.145,B.017,C.034,I.126,B.019,A.006"
Gedung Kampus,943,1,Standar,"H.102,H.100,A.001,E.059,C.035,K.141,C.027,E.055,B.018,A.007,D.037,G.077,D.043,A.004,G.080,D.042,B.021,K.139,I.112,D.045,I.114,D.038,F.072,F.068,E.062,K.145,A.012,B.017,B.019,I.120,H.097,G.085,C.029,A.003"
Cafe / Restoran (Interior),1133,1,Standar,"A.011,K.144,A.001,C.035,F.070,K.137,H.099,D.036,E.054,G.076,H.104,I.110,E.064,B.024,H.094,A.008,G.081,I.122,K.142,C.033,D.038,F.068,I.108,D.039,A.006,B.014,B.020,C.034,G.075,D.051,A.002,B.015,E.056,D.050"
Klinik Pratama,1326,1,Ekonomis,"D.046,K.144,A.001,A.009,C.026,E.055,B.018,G.077,G.082,D.043,A.004,H.107,D.047,D.052,B.016,F.069,H.094,E.061,K.139,D.044,K.138,I.112,I.117,F.068,C.030,E.062,I.124,A.012,B.017,G.075,H.092,B.022,A.006,C.029"
Pos Keamanan (Pos Satpam),232,1,Ekonomis,"A.001,G.086,E.059,K.141,C.031,C.027,K.136,F.070,D.048,A.007,F.067,A.004,D.047,G.080,B.016,B.024,A.010,D.044,I.113,E.057,I.114,K.142,I.125,D.041,B.023,D.053,H.088,E.062,B.025,A.002,H.092,H.097,G.085,C.029"
Rumah Mewah (2 Lantai+),1000,2,Standar,"M.187,E.059,C.031,L.153,D.048,M.189,A.007,F.067,G.082,G.076,I.115,L.163,D.047,M.194,N.198,M.179,D.052,N.199,C.032,B.024,A.010,E.063,B.021,A.008,H.098,K.139,M.181,E.057,G.073,L.165,K.142,C.033,F.072,I.125,H.095,D.039,D.053,L.170,H.088,I.124,B.014,B.025,K.146,A.002,L.167,A.006"
Masjid Raya (Kubah Besar),586,1,Premium,"F.066,A.011,M.187,A.001,G.086,C.035,L.155,K.136,L.153,M.189,B.018,E.054,D.037,H.090,G.082,G.077,A.004,M.194,N.198,H.105,M.179,D.052,G.080,B.016,C.032,L.172,N.199,A.010,H.094,K.148,D.044,E.057,M.192,F.071,I.114,D.038,G.083,G.074,E.062,A.012,B.014,B.017,I.116,K.140,C.034,L.158,I.119,L.167,D.050"
Gudang Konstruksi Baja,524,1,Premium,"A.011,H.100,A.001,C.035,C.026,B.013,N.196,K.137,E.054,F.067,F.065,M.195,G.076,M.184,D.043,M.194,H.105,D.052,L.172,N.199,D.042,A.010,G.079,B.021,L.164,E.058,D.045,G.073,L.165,A.005,I.108,C.030,L.170,E.062,K.145,I.116,B.017,I.127,L.154,K.143,A.002,H.092,M.183,B.019,M.185,D.050"
Renovasi Rumah (Minor),571,1,Premium,"F.066,D.046,A.001,M.191,M.188,E.059,L.171,C.035,C.031,B.013,C.027,K.137,H.099,B.018,M.186,I.121,L.151,G.082,D.043,A.004,N.198,L.172,E.064,A.010,E.063,B.021,A.008,L.149,K.148,M.178,I.125,A.005,F.068,D.053,D.040,G.074,G.083,K.145,I.126,M.177,H.092,L.167,N.197,B.019,H.091,D.050"
Gedung Sekolah / Kelas,814,1,Ekonomis,"A.011,D.046,A.001,A.003,A.009,E.059,C.031,C.027,E.055,K.137,B.018,F.067,H.090,G.079,E.061,D.038,I.109,D.049,F.068,H.095,D.039,G.074,H.088,I.124,B.014,I.127,K.140,B.025,C.028,K.146,A.002,B.015,G.081,D.050"
Ruko Premium (3 Lantai+),494,1,Ekonomis,"F.066,D.046,H.102,A.009,C.035,K.141,B.018,D.037,G.076,I.115,A.004,B.016,E.064,H.094,A.008,K.138,F.071,C.033,D.038,I.109,D.049,C.030,B.023,D.039,G.074,E.062,A.012,G.075,I.126,K.146,H.092,B.019,E.056,A.003"
Klinik Pratama,1065,1,Ekonomis,"D.046,K.144,A.001,K.136,F.070,E.055,A.007,H.103,D.037,F.065,G.082,H.104,D.043,D.052,B.016,C.032,B.024,A.008,H.098,K.148,I.113,E.057,G.081,D.045,I.109,I.125,A.005,G.074,E.062,B.014,B.020,C.028,A.006,C.029"
Rumah Komersil (Type 45-70),983,1,Standar,"D.046,K.141,H.096,D.036,F.065,G.082,H.104,D.043,D.047,H.101,B.016,A.010,E.063,K.147,E.061,I.113,F.071,G.073,I.117,C.033,I.109,A.005,D.040,E.062,B.025,C.028,K.143,A.002,G.084,B.019,B.015,A.006,C.029,A.003"
Cafe / Restoran (Interior),857,1,Premium,"H.102,M.188,A.009,E.059,C.035,C.031,K.136,N.196,L.161,A.007,F.067,G.077,M.186,M.195,D.043,L.163,M.194,N.198,H.101,D.052,E.064,L.159,E.063,M.193,A.008,H.098,G.078,K.138,L.165,D.049,F.068,I.118,D.040,I.124,A.012,B.014,B.025,B.020,I.126,D.051,K.143,G.084,B.022,L.157,C.029,A.003"
Klinik Pratama,718,1,Premium,"M.187,D.046,A.001,M.182,M.188,K.141,D.048,F.065,H.107,N.198,G.080,F.069,A.010,E.063,G.079,B.021,E.061,H.094,L.176,M.190,D.044,G.078,K.138,L.164,C.033,D.038,D.041,L.174,C.030,B.023,I.118,L.170,H.088,E.062,I.124,K.145,A.012,L.175,A.002,N.197,B.022,B.019,M.185,I.120,A.006,C.029"
Rumah Komersil (Type 45-70),965,1,Ekonomis,"A.011,H.100,A.009,F.070,H.099,B.018,A.007,E.054,F.065,G.082,H.104,D.043,A.004,B.016,E.064,K.139,G.078,K.138,I.112,C.033,I.125,D.041,D.049,D.040,E.062,B.017,C.034,D.051,K.146,A.002,I.119,G.084,B.015,C.029"
Jalan Lingkungan (Paving/Beton),336,1,Ekonomis,"A.004,A.001,C.034,D.051,D.052,C.026,B.016,D.041,B.024,B.022,C.030,B.023,A.008,D.039,A.007,A.006,D.044"
Gedung Sekolah / Kelas,57,1,Ekonomis,"D.046,A.009,C.031,E.055,D.048,K.137,B.018,A.007,D.037,I.121,D.043,E.063,G.079,K.147,A.008,E.061,H.098,K.138,F.071,F.068,C.030,D.053,G.083,H.088,A.012,B.014,I.116,B.025,I.126,A.002,G.084,B.022,H.097,C.029"
Cafe / Restoran (Interior),1063,1,Premium,"D.046,H.100,A.001,M.182,A.003,G.086,C.031,A.007,I.121,L.163,A.004,H.107,N.198,M.180,N.199,C.032,L.169,B.024,E.063,M.193,K.147,A.008,K.139,L.176,K.148,D.044,M.190,E.058,G.073,I.122,L.165,M.178,F.072,D.049,F.068,L.174,D.053,G.083,E.062,I.116,B.017,B.020,C.028,B.015,H.097,D.050"
Rumah Subsidi (Type 21-36),502,1,Standar,"F.066,A.011,D.046,I.123,K.144,C.035,B.013,E.055,D.037,F.065,G.082,G.077,H.104,A.004,H.107,G.080,E.063,K.139,K.138,I.112,D.041,A.005,C.030,B.023,H.106,D.039,I.118,A.012,B.017,B.025,C.028,D.051,E.056,A.003"
Rumah Komersil (Type 45-70),964,1,Ekonomis,"K.144,I.123,A.009,F.070,H.096,D.048,D.036,D.037,G.077,D.052,B.016,A.010,A.008,H.098,K.139,E.057,E.058,K.142,I.120,C.033,A.005,D.049,F.068,C.030,G.074,E.062,B.014,B.017,C.028,A.002,I.119,B.015,H.091,G.085"
Masjid Raya (Kubah Besar),1393,1,Premium,"A.011,H.102,M.191,M.188,L.171,C.035,C.026,K.141,L.155,F.070,D.048,D.036,M.186,L.151,G.082,G.076,D.047,N.198,H.105,G.080,E.064,A.010,H.094,B.021,A.008,E.061,K.139,L.176,M.190,G.073,M.178,F.072,A.005,I.108,I.111,C.030,D.053,I.118,D.040,G.083,E.062,K.145,B.017,L.175,A.002,N.197,B.022,B.019"
Ruko Standar (2 Lantai),421,2,Premium,"H.100,E.059,C.027,K.137,D.048,A.007,F.067,D.037,H.090,L.151,I.115,A.004,M.194,N.198,L.162,M.180,L.172,M.179,N.199,C.032,D.042,B.024,A.010,G.079,K.139,M.181,E.057,L.164,G.081,M.192,G.073,L.165,D.038,I.109,F.072,B.023,D.039,I.118,H.097,A.012,K.140,B.020,A.002,B.022,E.056,C.029"
Gudang Konstruksi Baja,387,1,Premium,"A.011,K.144,G.086,E.059,C.035,C.026,B.013,K.137,D.048,L.161,L.168,A.007,M.186,D.037,G.082,M.184,I.115,L.150,N.198,L.162,N.199,E.064,H.094,A.008,K.148,M.190,F.071,M.178,I.114,I.109,D.049,F.068,C.030,H.095,D.039,G.083,E.062,A.012,B.014,B.025,D.051,H.092,B.022,M.185,L.157,A.006"
Masjid Raya (Kubah Besar),579,1,Ekonomis,"A.011,D.046,A.001,G.086,H.093,C.026,K.136,K.137,B.018,D.036,E.054,A.007,G.077,H.090,I.115,D.052,B.024,E.063,G.079,K.147,E.058,F.071,I.122,I.117,C.033,D.038,F.072,H.106,G.074,A.012,B.017,B.020,C.028,A.006,G.085,D.050"
Rumah Subsidi (Type 21-36),509,1,Ekonomis,"K.144,G.086,C.026,C.031,H.096,A.007,H.103,D.043,I.115,C.032,F.069,B.024,B.021,A.008,D.044,G.081,F.071,G.073,H.089,D.049,I.108,D.053,D.040,E.062,K.145,A.012,E.060,B.025,I.126,K.146,A.002,B.015,E.056,A.003"
Pos Keamanan (Pos Satpam),600,1,Premium,"M.187,A.003,M.188,C.035,N.196,H.099,B.018,D.037,F.065,M.184,I.115,L.150,N.198,M.180,G.080,L.172,E.064,E.063,H.094,A.008,E.061,K.139,L.176,D.044,D.045,M.178,K.142,C.033,F.072,A.005,D.049,I.108,I.111,C.030,B.023,H.106,L.173,G.083,B.020,G.075,K.143,A.002,B.022,L.157,A.006,D.050"
Pos Keamanan (Pos Satpam),801,1,Premium,"M.187,D.046,A.001,H.093,C.026,B.013,H.087,B.018,M.186,G.077,D.043,A.004,M.194,N.198,L.162,M.180,L.172,E.064,E.063,B.021,K.147,L.149,D.044,L.164,I.112,G.073,I.114,E.056,C.033,D.038,F.072,I.109,A.005,F.068,H.106,D.053,B.014,K.140,M.177,K.143,A.002,G.084,N.197,L.157,A.006,C.029"
Rumah Mewah (2 Lantai+),187,2,Standar,"A.011,M.188,A.009,C.035,N.196,K.137,L.161,M.186,E.054,D.037,F.067,A.004,M.194,L.162,I.110,N.199,B.024,H.094,G.079,B.021,A.008,K.139,K.147,M.181,G.078,G.081,H.089,F.068,D.039,D.053,I.118,D.040,L.170,B.014,E.060,B.025,L.158,C.034,L.154,D.051,A.002,I.119,M.185,H.091,E.056,C.029"
Masjid Musholla (Lingkungan),584,1,Ekonomis,"K.144,G.086,C.031,K.136,D.048,F.065,A.004,H.107,G.080,I.110,B.016,C.032,D.042,A.010,E.063,H.094,B.021,A.008,E.061,K.147,E.057,D.045,I.114,D.038,F.072,A.005,G.083,G.074,B.017,B.020,C.028,I.126,A.002,H.091,G.085,D.050"
Rumah Mewah (2 Lantai+),687,2,Standar,"F.066,A.011,D.046,A.001,M.191,K.141,C.026,K.136,N.196,H.096,D.048,M.189,M.186,G.077,I.121,M.195,H.104,N.198,C.032,E.064,B.024,E.063,L.159,L.169,A.008,E.061,L.149,D.044,K.138,D.041,A.005,F.068,L.170,I.116,B.017,C.028,D.051,I.126,L.175,G.084,H.092,B.022,B.015,M.185,G.085,A.003"
Rumah Subsidi (Type 21-36),600,1,Standar,"A.011,H.102,A.003,G.086,A.009,C.026,K.137,F.067,G.076,D.043,H.107,D.047,D.042,B.024,B.021,H.098,I.113,E.057,I.117,K.142,E.056,C.033,F.072,D.049,I.111,E.062,K.140,B.020,C.034,A.002,B.015,A.006,G.085,D.050"
Cafe / Restoran (Interior),81,1,Ekonomis,"A.011,K.141,C.026,F.070,H.096,E.054,F.067,H.090,G.082,D.043,I.115,I.110,B.016,C.032,E.064,A.010,G.079,A.008,K.148,E.058,D.045,D.041,I.111,H.095,B.023,D.053,K.145,B.020,C.028,D.051,G.075,A.002,B.015,A.006"
Gedung Kampus,1235,1,Premium,"F.066,M.187,M.188,A.009,L.171,N.196,C.026,K.137,H.103,I.121,M.184,D.047,N.198,L.162,L.172,B.016,C.032,D.042,B.024,A.010,E.064,F.069,A.008,L.149,D.044,E.058,G.073,M.178,I.125,A.005,H.095,B.023,D.053,I.118,G.083,E.060,B.025,G.075,D.051,K.146,K.143,M.185,L.157,H.097,C.029,A.003"
Gedung Kampus,107,1,Premium,"I.123,M.182,M.188,E.059,C.035,B.013,F.070,E.055,D.048,K.137,H.087,L.153,A.007,M.186,D.037,H.104,D.047,M.194,N.199,C.032,F.069,L.169,A.008,K.139,L.176,G.078,L.164,I.114,C.033,D.038,A.005,L.174,B.023,D.053,G.083,A.006,K.145,I.116,B.017,B.020,G.075,M.177,A.002,N.197,H.091,E.056"
Pos Keamanan (Pos Satpam),1302,1,Ekonomis,"F.066,K.144,A.001,C.026,E.055,H.099,D.037,D.043,H.105,G.080,C.032,F.069,B.024,H.094,B.021,E.061,K.147,E.058,C.033,I.125,A.005,D.049,D.039,G.074,I.124,A.012,I.116,B.017,B.025,K.140,D.051,G.084,A.006,A.003"
Gedung Kampus,732,1,Standar,"K.144,A.009,C.035,B.013,H.096,E.055,K.137,B.018,A.007,E.054,D.037,F.067,G.077,I.121,D.042,B.024,H.094,A.008,K.148,E.058,D.045,G.073,F.072,D.049,C.030,H.095,D.039,I.118,G.074,I.116,B.017,C.028,A.002,A.006"
Pos Keamanan (Pos Satpam),95,1,Standar,"A.011,D.046,A.001,A.009,C.035,C.026,H.093,F.070,E.055,D.048,D.037,G.082,G.076,H.104,D.052,B.024,E.063,A.008,K.139,K.138,E.058,I.122,I.117,C.033,F.068,H.095,G.074,B.017,B.025,D.051,K.143,B.015,I.120,A.006"
Gedung Sekolah / Kelas,1353,1,Standar,"F.066,D.046,A.001,A.009,E.059,K.141,C.026,H.099,D.036,G.077,I.121,A.004,D.047,H.101,H.105,D.052,G.080,B.016,E.064,G.079,K.147,A.008,I.113,F.071,C.030,B.023,D.040,E.062,A.012,B.014,I.127,K.140,B.022,C.029"
Ruko Standar (2 Lantai),843,2,Standar,"A.011,D.046,I.123,H.100,A.001,H.093,K.141,F.070,A.007,F.067,A.004,D.052,I.110,C.032,D.042,B.024,E.064,B.021,G.078,E.058,G.073,I.117,D.038,H.095,B.023,D.039,E.060,K.140,C.034,K.143,G.084,B.019,A.006,C.029"
Pos Keamanan (Pos Satpam),676,1,Premium,"A.011,D.046,A.001,C.031,L.160,L.156,H.090,M.195,L.163,A.004,L.162,L.172,N.199,B.024,A.010,E.061,K.148,D.044,M.181,E.057,M.192,F.071,I.112,M.178,K.142,C.033,D.038,F.068,D.039,D.040,G.083,H.088,H.097,K.145,A.012,I.127,B.017,E.060,I.116,B.020,G.075,N.197,M.183,B.019,G.081,C.029"
Masjid Raya (Kubah Besar),69,1,Standar,"F.066,H.102,A.001,A.003,A.009,H.093,B.018,E.054,F.067,H.090,G.082,G.076,D.047,G.080,I.110,B.016,C.032,B.024,E.063,B.021,A.008,K.147,G.078,D.045,K.142,C.033,D.041,D.053,A.012,E.060,C.028,I.126,K.146,I.119,G.085,D.050"
Gedung Kampus,725,1,Standar,"A.011,A.001,C.035,K.136,K.137,E.054,G.076,H.107,D.047,H.105,I.110,B.016,C.032,D.042,B.024,F.069,A.008,E.057,G.078,F.071,G.073,I.122,D.038,D.041,A.005,D.049,C.030,H.106,A.012,I.127,K.140,B.025,B.022,E.056"
Ruko Premium (3 Lantai+),695,1,Premium,"A.011,D.046,H.100,A.001,M.182,A.009,E.059,C.035,C.031,L.155,F.070,E.055,A.007,M.186,I.121,M.195,H.104,D.043,M.194,N.198,L.162,N.199,D.042,B.024,L.159,K.147,A.008,H.098,K.139,E.057,L.164,M.192,I.122,D.041,F.068,I.111,D.053,G.074,B.017,B.025,K.140,C.034,L.154,B.019,G.081,G.085"
Rumah Komersil (Type 45-70),1364,1,Premium,"F.066,A.011,D.046,G.086,L.171,C.035,C.026,L.155,N.196,D.048,L.168,M.189,B.018,A.007,F.067,M.186,H.107,M.194,M.179,E.064,E.063,G.079,M.193,K.147,A.008,L.176,K.148,K.138,C.033,D.049,I.111,H.095,B.023,D.053,I.118,H.097,E.062,I.124,A.012,B.020,D.051,L.167,B.022,N.197,A.006,G.085"
Rumah Komersil (Type 45-70),770,1,Premium,"D.046,H.102,K.144,N.196,C.027,E.055,H.099,L.160,M.186,F.067,D.037,I.115,A.004,H.107,D.047,N.198,M.180,M.179,D.042,L.159,A.010,E.063,M.193,B.021,L.149,M.181,D.044,E.057,K.138,F.071,G.073,L.165,I.118,G.083,I.124,B.014,B.020,C.034,C.028,G.075,K.146,A.002,L.167,B.015,A.006,A.003"
Rumah Mewah (2 Lantai+),586,2,Standar,"M.187,A.011,D.046,A.001,M.182,C.035,C.026,K.141,L.161,D.048,L.168,B.018,A.007,E.054,G.076,D.047,N.198,G.080,I.110,L.172,D.042,B.024,E.063,F.069,H.094,M.193,E.061,L.149,K.138,M.192,F.071,I.112,K.142,I.111,H.095,B.023,D.040,G.083,A.002,L.167,N.197,B.015,M.185,H.091,A.006,C.029"
Rumah Mewah (2 Lantai+),801,2,Standar,"A.011,D.046,M.191,A.009,E.059,L.171,C.026,N.196,K.137,M.189,H.087,A.007,M.184,D.043,A.004,L.162,M.180,N.199,C.032,F.069,B.024,E.063,G.079,K.147,L.149,M.190,E.057,D.045,D.038,I.109,F.068,L.170,G.074,H.088,K.145,B.014,I.116,B.017,I.127,L.158,C.028,G.084,B.019,H.091,A.006,D.050"
Jalan Lingkungan (Paving/Beton),296,1,Ekonomis,"B.014,A.011,A.004,B.025,D.045,A.009,D.053,D.052,C.031,B.013,C.032,B.024,C.030,A.008,D.039,A.006,D.050"
Gedung Sekolah / Kelas,491,1,Ekonomis,"A.011,D.046,B.013,E.055,D.048,A.007,F.067,G.076,A.004,H.107,D.047,H.105,E.064,F.069,A.010,H.094,K.147,K.139,E.058,G.073,K.142,C.033,D.041,I.111,B.023,I.124,B.014,C.034,C.028,I.126,G.084,B.019,A.006,D.050"
Rumah Mewah (2 Lantai+),362,2,Standar,"D.046,K.144,H.100,A.001,A.003,N.196,C.026,B.013,C.027,L.155,E.055,L.156,A.007,H.090,F.065,D.043,M.194,N.198,H.101,G.080,C.032,F.069,M.193,B.021,A.008,M.190,E.057,G.078,D.045,L.165,I.114,D.049,L.170,E.062,K.145,A.012,B.014,L.158,M.177,K.146,I.119,B.019,M.185,I.120,G.085,D.050"
Gudang Konstruksi Baja,389,1,Premium,"D.046,A.001,M.182,M.188,E.059,C.035,K.136,G.077,M.195,L.163,A.004,N.199,B.016,C.032,D.042,E.064,A.010,L.169,A.008,K.148,D.044,M.190,F.071,F.072,D.041,H.089,D.049,L.174,I.111,I.118,G.074,H.088,B.014,B.017,E.060,K.140,L.158,L.154,I.119,G.084,N.197,M.183,B.015,H.097,C.029,A.003"
Ruko Standar (2 Lantai),1108,2,Ekonomis,"F.066,D.046,I.123,H.093,K.137,B.018,D.036,A.007,F.067,H.090,I.115,A.004,G.079,B.021,A.008,E.061,K.139,D.044,D.045,G.073,C.033,I.111,H.106,D.039,E.062,B.017,E.060,C.034,K.143,G.084,B.015,A.006,C.029,A.003"
Ruko Premium (3 Lantai+),424,1,Standar,"F.066,A.011,I.123,H.100,A.001,E.059,C.035,C.026,C.027,K.136,H.096,D.048,B.018,G.076,D.043,A.004,D.047,G.080,E.061,K.148,K.138,E.058,G.073,F.072,I.125,A.005,D.039,D.053,B.017,B.025,A.002,I.119,B.022,H.091"
Ruko Standar (2 Lantai),1280,2,Standar,"D.046,I.123,K.144,E.059,C.031,B.013,F.070,H.096,H.087,A.007,E.054,A.004,H.107,D.052,C.032,F.069,B.024,G.079,B.021,A.008,K.148,D.044,E.058,G.073,I.117,D.049,B.023,A.012,K.140,C.028,G.075,A.002,I.119,D.050"
Masjid Musholla (Lingkungan),1441,1,Standar,"A.009,C.031,C.027,B.018,F.067,H.090,I.121,A.004,D.052,A.010,E.061,K.139,E.058,G.081,D.045,K.142,F.072,I.125,D.049,I.108,H.095,D.053,D.040,G.083,H.097,E.062,B.014,K.140,B.025,A.002,G.084,B.022,A.006,G.085,C.029"
Rumah Komersil (Type 45-70),895,1,Standar,"H.102,A.003,H.087,D.036,F.067,D.047,B.016,C.032,F.069,B.024,E.063,A.008,E.061,G.078,K.138,I.117,C.033,D.038,H.089,A.005,D.040,G.083,A.012,C.034,G.075,K.143,A.002,I.119,K.146,B.019,B.015,I.120,E.056,D.050"
Gedung Sekolah / Kelas,1389,1,Ekonomis,"A.011,A.001,H.093,F.070,E.055,H.096,H.099,K.137,F.067,I.115,D.047,B.016,C.032,B.024,A.010,G.079,A.008,G.078,E.058,K.138,C.033,D.038,D.049,D.039,D.053,G.083,A.012,I.127,B.017,E.060,B.020,I.126,K.146,C.029"
Gedung Sekolah / Kelas,345,1,Ekonomis,"A.001,G.086,A.009,E.059,C.031,B.013,C.027,K.137,H.087,B.018,A.007,D.037,F.065,H.090,G.076,E.064,F.069,E.063,K.147,A.008,I.112,D.045,D.038,A.005,C.030,D.053,D.051,K.143,I.119,G.084,H.092,B.022,B.019,I.120"
Gudang Konstruksi Baja,300,1,Premium,"M.187,H.102,A.001,G.086,N.196,C.027,E.055,D.048,H.099,K.137,A.007,E.054,F.067,G.077,M.195,L.150,H.107,N.198,M.180,D.052,L.159,A.010,B.021,A.008,M.192,F.071,D.045,L.165,C.033,I.125,I.111,C.030,B.023,D.053,L.170,I.124,K.145,B.014,E.060,B.020,L.175,K.146,G.084,M.183,A.006,D.050"
Gedung Sekolah / Kelas,1177,1,Standar,"A.001,A.009,K.141,C.031,D.048,H.087,E.054,F.067,G.077,H.107,E.064,D.042,H.094,G.079,D.044,G.081,I.117,C.033,A.005,D.049,F.068,B.023,E.062,I.116,B.025,C.028,D.051,K.146,I.119,K.143,B.022,B.019,A.006,A.003"
Klinik Pratama,1122,1,Premium,"F.066,A.011,L.166,A.001,M.191,A.003,G.086,N.196,C.026,B.013,F.070,L.156,B.018,E.054,H.090,H.104,M.184,D.043,I.115,N.198,M.179,D.052,M.193,K.147,E.061,H.098,L.176,E.057,G.073,I.117,K.142,D.049,L.174,G.074,A.012,B.020,C.034,L.154,D.051,K.143,I.119,B.022,M.185,A.006,C.029,D.050"
Klinik Pratama,713,1,Premium,"F.066,A.011,M.191,L.171,H.093,C.026,B.013,C.031,K.137,L.160,A.007,D.036,D.037,E.054,M.184,A.004,M.194,N.198,L.162,M.180,D.052,G.080,N.199,L.169,H.094,A.008,E.061,H.098,I.122,K.142,D.041,A.005,F.068,L.173,I.118,D.040,G.083,G.074,I.124,B.014,B.025,M.177,K.146,B.022,E.056,C.029"
Rumah Mewah (2 Lantai+),321,2,Standar,"D.046,H.100,G.086,N.196,C.026,F.070,L.161,L.168,A.007,D.037,F.065,G.082,I.121,L.151,A.004,N.198,L.162,M.179,B.016,E.064,L.169,B.024,A.008,E.061,K.139,K.148,E.057,M.192,M.178,I.125,D.041,H.089,D.049,C.030,D.053,H.088,B.014,M.177,K.146,A.002,B.022,M.185,I.120,A.006,G.085,C.029"
Klinik Pratama,279,1,Premium,"A.011,D.046,A.009,C.035,L.155,N.196,K.137,A.007,D.036,I.121,G.082,H.104,M.184,D.047,L.162,M.179,D.052,E.064,B.024,E.063,L.159,A.008,E.061,K.139,F.071,M.178,I.109,F.068,I.108,L.174,C.030,B.023,H.106,G.083,L.170,H.088,K.145,A.012,B.017,B.020,C.034,G.075,D.051,N.197,M.185,M.181"
Masjid Musholla (Lingkungan),1107,1,Ekonomis,"A.001,A.009,C.035,H.093,C.027,K.137,H.099,B.018,A.007,G.082,G.076,D.043,G.080,E.064,D.042,E.063,A.008,E.061,K.139,D.044,F.071,I.122,I.114,I.109,D.049,F.068,C.030,B.023,H.106,B.025,B.020,G.075,D.051,K.143,G.084,A.006"
Rumah Subsidi (Type 21-36),1308,1,Ekonomis,"F.066,D.046,A.001,G.086,A.009,C.027,K.137,H.087,E.054,G.082,A.004,D.047,D.052,G.080,B.024,K.147,E.057,K.138,F.071,C.030,D.039,D.040,H.088,B.014,I.127,B.017,E.060,B.020,C.034,I.126,A.002,I.119,H.097,A.003"
Jalan Lingkungan (Paving/Beton),737,1,Premium,"A.001,A.009,C.035,L.168,M.189,B.018,A.007,M.184,N.198,L.162,N.199,L.159,A.010,M.193,A.008,D.044,M.192,M.178,C.033,D.049,D.039,L.173,B.017,B.025,D.051,L.167,B.015,C.029,D.050"
Gedung Kampus,649,1,Premium,"D.046,L.166,H.100,A.003,C.035,C.031,H.093,N.196,F.070,E.055,L.153,L.160,B.018,M.186,G.077,M.195,G.076,M.184,A.004,H.107,D.047,C.032,F.069,B.024,K.138,E.058,D.045,K.142,E.056,I.108,B.023,D.039,I.118,I.124,A.012,L.152,B.025,L.154,M.177,K.146,A.002,N.197,M.185,A.006,G.085,D.050"
Cafe / Restoran (Interior),1485,1,Standar,"F.066,A.011,H.102,G.086,A.009,C.035,K.136,H.096,D.048,B.018,A.007,F.065,G.076,D.043,B.024,K.138,E.058,D.045,D.041,A.005,I.108,C.030,B.023,D.053,G.083,H.088,E.062,K.145,B.014,I.116,E.060,C.028,I.126,A.002"
Gedung Kampus,1097,1,Standar,"A.011,A.001,E.059,C.031,B.013,H.099,F.067,G.077,G.082,I.115,H.107,D.052,E.064,A.010,A.008,H.098,K.139,D.044,E.058,F.071,K.142,D.038,D.041,D.049,I.108,C.030,B.023,K.140,B.020,A.002,I.119,G.084,B.022,C.029"
Gedung Sekolah / Kelas,818,1,Ekonomis,"H.102,B.013,C.027,H.096,K.137,D.048,A.007,E.054,F.065,G.082,A.004,D.052,E.064,K.147,I.113,E.058,G.081,F.071,D.045,I.114,C.033,D.038,A.005,I.111,D.039,G.083,H.097,A.012,B.014,K.140,C.034,B.022,B.015,A.006"
Pos Keamanan (Pos Satpam),592,1,Premium,"A.011,A.009,E.059,L.171,C.026,C.027,H.096,L.161,M.186,E.054,D.037,F.067,G.082,I.121,A.004,D.047,L.162,M.179,M.180,N.199,C.032,D.042,B.024,E.063,F.069,L.169,B.021,K.139,K.148,D.044,M.192,I.117,D.041,H.089,G.074,A.012,K.140,B.020,L.154,I.126,M.177,N.197,B.022,H.091,G.085,A.003"
Jalan Lingkungan (Paving/Beton),588,1,Standar,"D.043,A.004,B.017,D.045,B.020,C.034,A.009,C.033,C.035,D.038,A.002,A.005,D.053,B.022,A.008,B.018,D.036"
Masjid Raya (Kubah Besar),103,1,Premium,"F.066,M.182,A.009,L.171,N.196,C.026,B.013,C.027,K.137,L.161,L.156,D.036,E.054,D.037,F.067,H.103,H.090,G.076,H.104,D.043,A.004,M.180,G.080,C.032,D.042,L.159,A.010,K.139,K.138,E.058,M.192,G.073,I.125,D.049,G.083,A.006,A.012,L.158,B.025,I.126,I.119,G.084,N.197,B.022,M.183,B.015,M.185,E.056"
Ruko Premium (3 Lantai+),837,1,Premium,"M.187,A.011,D.046,M.188,A.009,E.059,H.093,N.196,B.013,H.099,F.067,G.077,H.103,L.151,M.184,L.163,A.004,D.047,N.198,C.032,F.069,L.159,A.008,E.057,K.138,L.164,M.192,M.178,K.142,A.005,D.049,I.108,C.030,B.023,L.173,D.040,G.083,I.116,K.140,B.020,C.028,D.051,G.075,I.119,B.022,E.056"
Ruko Standar (2 Lantai),459,2,Ekonomis,"F.066,A.001,C.031,H.096,K.137,B.018,E.054,G.077,F.065,H.103,H.090,I.121,D.043,A.004,D.042,A.010,B.021,A.008,K.148,G.073,I.114,C.033,D.038,I.125,D.041,C.030,D.039,G.083,E.062,B.014,E.060,K.146,B.022,A.006"
Ruko Standar (2 Lantai),776,2,Standar,"A.011,D.046,K.144,H.100,G.086,C.035,C.026,B.013,E.055,B.018,F.065,A.004,D.047,H.105,E.063,I.113,D.045,G.073,I.114,C.033,F.072,D.049,D.040,H.097,K.145,A.012,I.116,E.060,B.025,K.143,B.015,A.006,G.085,A.003"
Rumah Mewah (2 Lantai+),1495,2,Premium,"L.166,M.188,C.035,N.196,K.137,D.048,B.018,A.007,F.067,F.065,M.195,G.076,I.115,A.004,L.163,D.047,H.101,D.052,G.080,L.169,D.042,A.008,K.148,M.181,M.178,K.142,E.056,I.109,H.089,C.030,H.095,L.173,E.062,A.012,B.014,B.017,E.060,L.152,C.028,I.126,G.084,N.197,M.183,B.019,A.006,D.050"
Pos Keamanan (Pos Satpam),379,1,Ekonomis,"I.123,A.001,C.035,C.026,C.027,H.093,E.055,K.137,B.018,F.067,D.047,D.052,B.016,A.010,A.008,E.061,K.148,D.044,E.058,G.073,D.038,F.072,A.005,I.108,I.111,D.039,G.083,H.097,A.012,B.014,K.140,H.092,B.015,G.081"
Masjid Raya (Kubah Besar),1262,1,Ekonomis,"K.144,A.009,E.059,C.027,H.096,E.055,E.054,G.077,A.004,I.110,C.032,D.042,F.069,A.010,K.147,A.008,H.098,K.148,D.044,I.113,G.078,G.073,C.033,I.125,F.068,D.053,D.040,H.088,B.017,B.020,G.075,D.051,B.019,B.015,A.006"
Renovasi Rumah (Minor),688,1,Premium,"A.011,K.144,A.001,M.191,G.086,L.171,M.188,H.093,C.031,C.027,K.136,L.157,N.196,K.137,D.048,L.160,A.007,E.054,D.037,F.065,H.103,M.184,L.163,N.199,F.069,B.024,E.063,M.190,G.078,E.058,D.041,D.049,L.174,I.111,C.030,D.053,I.124,B.017,G.075,A.002,H.092,B.022,M.183,B.019,I.120,A.003"
Ruko Premium (3 Lantai+),467,1,Ekonomis,"A.001,E.059,C.027,H.096,A.007,D.036,F.067,F.065,G.082,I.121,H.104,D.043,A.004,D.047,C.032,K.148,I.113,E.057,E.058,I.112,G.073,K.142,D.041,A.005,H.095,G.083,A.012,K.140,B.025,B.020,C.034,B.022,B.015,D.050"
Rumah Mewah (2 Lantai+),249,2,Premium,"D.046,A.009,H.093,N.196,B.013,K.136,H.087,A.007,E.054,G.077,F.065,M.195,L.163,D.047,M.194,L.162,M.180,L.172,C.032,D.042,B.024,G.078,E.058,G.081,F.071,M.192,I.117,C.033,D.038,I.109,I.108,D.039,L.170,K.145,A.012,B.017,B.020,L.154,K.143,A.002,N.197,M.183,H.091,E.056,C.029,A.003"
Klinik Pratama,327,1,Standar,"F.066,C.035,A.007,D.036,H.090,G.082,D.047,G.080,B.024,E.063,K.147,A.008,H.098,K.148,E.057,D.045,I.117,D.038,F.072,I.125,A.005,I.108,B.023,E.060,B.025,K.140,C.034,C.028,D.051,A.002,B.022,H.097,G.085,A.003"
Pos Keamanan (Pos Satpam),402,1,Premium,"M.187,D.046,A.001,A.003,M.188,C.035,C.031,K.141,L.153,L.161,L.156,I.121,G.076,H.107,D.047,N.198,M.180,G.080,L.172,B.016,E.064,B.024,E.063,G.079,A.008,L.176,K.148,M.181,E.057,F.071,D.045,K.142,D.038,F.068,I.111,B.023,H.097,H.088,I.124,A.012,B.014,N.197,M.183,A.006,C.029,D.050"
Pos Keamanan (Pos Satpam),1074,1,Premium,"A.011,A.001,M.191,G.086,E.059,K.141,N.196,L.168,H.087,L.156,D.036,M.186,F.065,A.004,H.107,D.047,M.179,G.080,A.010,G.079,K.147,E.061,L.176,M.181,M.190,I.122,L.165,I.114,C.033,F.072,D.041,I.125,A.005,D.039,H.097,B.017,B.025,K.140,L.158,C.028,D.051,N.197,B.022,B.019,E.056,C.029"
Pos Keamanan (Pos Satpam),190,1,Premium,"M.187,L.166,I.123,A.001,M.191,L.171,C.035,C.026,F.070,H.087,L.156,B.018,D.036,M.186,D.037,F.065,G.082,A.004,H.107,M.194,D.052,N.199,L.159,E.061,D.045,I.122,K.142,A.005,I.118,E.062,K.145,A.012,E.060,L.158,B.020,C.034,G.075,M.177,K.146,N.197,B.022,B.019,H.091,A.006,G.085,D.050"
Rumah Komersil (Type 45-70),523,1,Ekonomis,"A.011,D.046,H.102,A.001,G.086,E.059,C.035,B.013,E.055,A.007,G.082,D.047,B.016,F.069,B.021,A.008,E.061,K.147,K.139,D.044,K.138,F.071,I.122,C.033,D.038,H.089,A.005,I.118,I.124,G.075,D.051,B.022,H.091,C.029"
Renovasi Rumah (Minor),806,1,Ekonomis,"F.066,D.046,A.001,C.026,C.031,C.027,E.055,K.137,B.018,H.090,D.043,A.004,D.052,G.080,E.064,A.010,B.021,K.148,D.044,I.113,E.058,I.112,D.045,K.142,F.072,H.089,A.005,B.023,I.118,H.088,B.025,G.084,G.081,A.003"
Gedung Kampus,928,1,Standar,"K.144,H.102,A.001,E.059,H.093,B.013,C.027,K.137,A.007,F.067,I.121,F.065,D.042,B.024,E.063,A.008,H.098,D.044,I.113,E.057,G.081,D.045,K.142,C.033,D.041,A.005,D.039,I.118,G.083,B.014,B.020,A.006,G.085,C.029"
Ruko Premium (3 Lantai+),994,1,Standar,"D.046,A.001,H.093,C.027,H.096,E.055,G.077,G.076,E.064,F.069,A.010,B.021,K.139,D.044,I.113,D.045,K.142,C.033,D.038,I.125,A.005,F.068,C.030,H.097,A.012,B.017,B.025,E.060,D.051,K.146,A.002,B.015,I.120,G.081"
Gedung Sekolah / Kelas,809,1,Standar,"F.066,A.011,C.027,H.096,K.137,B.018,A.007,G.077,D.043,A.004,C.032,D.044,E.057,C.033,F.072,D.041,A.005,I.108,D.039,D.053,G.083,H.088,K.145,A.012,I.127,E.060,B.025,K.140,B.020,I.126,H.092,B.015,E.056,G.085"
Masjid Raya (Kubah Besar),852,1,Standar,"H.093,C.026,B.013,K.136,A.007,E.054,D.037,H.104,I.115,A.004,D.047,G.080,I.110,D.042,A.010,G.079,A.008,E.061,D.044,E.057,G.078,F.071,K.142,C.033,F.072,A.005,C.030,G.074,I.124,B.017,B.020,K.143,B.022,H.097,G.085,D.050"
Gudang Konstruksi Baja,667,1,Standar,"F.066,K.144,H.100,A.001,H.093,C.026,B.018,E.054,G.077,G.082,A.004,D.052,B.016,C.032,A.008,E.061,H.098,K.139,F.071,I.117,D.038,I.125,D.049,D.039,D.053,I.118,G.074,A.006,K.145,B.017,B.020,C.028,A.002,E.056"
Ruko Standar (2 Lantai),307,2,Standar,"D.046,E.059,H.093,C.027,F.070,A.007,D.043,H.107,G.080,E.064,D.042,B.024,A.010,F.069,D.044,K.138,G.081,I.112,I.122,I.117,K.142,A.005,C.030,B.023,A.006,K.140,D.051,G.084,B.022,B.015,H.091,E.056,C.029,A.003"
Masjid Raya (Kubah Besar),561,1,Ekonomis,"A.011,D.046,I.123,G.086,A.009,C.031,K.136,H.096,E.055,K.137,B.018,H.103,F.065,G.076,D.047,B.024,E.063,K.139,F.071,C.033,A.005,I.111,D.039,D.053,G.083,G.074,E.062,B.014,C.028,D.051,G.075,I.126,A.002,B.019,H.091,G.085,A.003"
Cafe / Restoran (Interior),763,1,Standar,"A.009,K.136,H.087,B.018,A.007,E.054,F.067,G.077,I.121,H.104,D.043,I.110,E.064,D.042,E.063,H.094,B.021,K.147,I.114,C.033,D.038,D.041,A.005,D.049,F.068,C.030,G.083,G.074,B.025,C.034,K.146,A.002,B.019,A.006"
Renovasi Rumah (Minor),268,1,Ekonomis,"C.035,B.013,K.136,F.070,E.055,D.048,D.037,G.082,D.047,H.105,E.064,B.024,A.010,B.021,A.008,K.139,K.147,D.044,I.113,G.078,F.072,A.005,C.030,H.106,D.053,G.083,I.124,E.060,A.002,I.119,H.092,B.015,C.029,A.003"
Gudang Konstruksi Baja,794,1,Ekonomis,"A.011,D.046,B.013,F.070,E.055,H.096,H.099,K.137,F.065,H.104,I.115,A.004,D.047,D.052,G.080,I.110,B.024,E.063,K.138,D.045,G.073,C.033,D.049,A.012,I.116,E.060,K.140,B.020,C.028,B.022,A.006,G.085,C.029,A.003"
Rumah Mewah (2 Lantai+),434,2,Ekonomis,"A.001,M.188,H.093,C.026,L.155,N.196,F.070,E.055,L.153,L.156,D.043,A.004,H.107,D.047,M.194,G.080,L.172,B.016,N.199,B.024,M.193,A.008,K.139,K.148,M.190,M.181,E.057,G.081,F.071,I.117,C.033,I.109,D.049,I.108,D.040,H.097,A.012,B.017,K.140,C.028,D.051,A.002,G.084,L.167,B.019,E.056"
Gedung Kampus,1038,1,Standar,"F.066,A.001,G.086,A.009,C.035,C.031,C.026,H.093,K.136,F.070,E.055,D.037,H.090,I.115,D.047,K.147,A.008,K.148,G.078,E.058,I.112,D.041,D.049,H.095,B.023,I.118,G.074,A.006,B.014,B.020,A.002,B.022,E.056,D.050"
Gudang Konstruksi Baja,1208,1,Ekonomis,"A.011,D.046,I.123,H.100,A.001,A.009,K.141,C.031,F.070,E.055,B.018,H.104,I.115,A.004,D.047,E.064,G.079,D.044,E.057,G.078,G.081,I.122,K.142,D.038,F.068,C.030,B.023,B.014,K.140,C.034,B.022,H.091,A.006,D.050"
Masjid Musholla (Lingkungan),519,1,Standar,"A.009,C.026,K.136,E.055,D.036,F.065,A.004,H.107,H.105,D.052,G.080,C.032,E.063,G.079,H.094,A.008,K.148,D.044,G.078,F.071,C.033,A.005,I.108,D.053,I.118,G.083,B.014,K.140,A.002,G.084,B.022,B.019,B.015,I.120,E.056,G.085,D.050"
Klinik Pratama,706,1,Ekonomis,"A.011,A.001,E.059,C.031,B.013,K.137,D.048,D.036,E.054,A.007,F.065,I.115,H.107,I.110,E.064,D.042,A.010,H.094,G.073,K.142,I.125,D.041,F.068,C.030,B.023,G.074,B.025,B.020,D.051,K.146,G.084,H.092,A.006,C.029"
Cafe / Restoran (Interior),1204,1,Ekonomis,"D.046,I.123,A.001,A.009,C.035,K.141,B.013,C.027,K.137,E.054,F.065,H.107,D.047,H.105,E.064,D.042,B.024,A.010,G.079,A.008,K.138,I.112,A.005,F.068,D.039,D.040,E.062,B.017,B.020,C.034,G.075,I.120,H.097,G.085"
Masjid Musholla (Lingkungan),1177,1,Premium,"F.066,A.011,L.166,H.093,K.141,C.027,L.155,N.196,L.161,D.048,M.189,A.007,E.054,D.037,H.104,M.184,I.115,N.199,F.069,L.159,G.079,B.021,A.008,E.061,K.148,I.122,G.073,M.178,D.041,A.005,D.049,I.108,L.174,C.030,D.039,G.083,H.097,G.074,E.060,B.025,C.028,K.143,B.022,M.183,B.019,M.185,A.006,G.085"
Jalan Lingkungan (Paving/Beton),1389,1,Premium,"A.011,D.046,A.009,N.196,C.027,D.048,L.160,D.036,M.186,L.151,D.043,B.016,C.032,A.010,M.190,M.178,L.174,C.030,D.053,A.012,B.014,B.017,M.177,A.002,L.167,N.197,M.183,B.015,L.157"
Rumah Komersil (Type 45-70),1045,1,Ekonomis,"D.046,H.100,A.001,A.009,C.031,F.070,K.137,B.018,A.007,E.054,D.037,F.067,G.077,G.080,B.016,C.032,B.024,E.063,D.044,D.049,I.108,I.111,H.106,I.118,D.040,G.074,A.012,K.140,B.020,C.028,K.143,H.092,E.056,A.003"
Masjid Musholla (Lingkungan),796,1,Premium,"L.166,A.001,A.003,N.196,F.070,D.048,H.087,B.018,A.007,F.067,M.186,G.082,M.195,G.076,M.184,N.198,H.101,M.180,G.080,C.032,B.021,A.008,E.061,K.147,K.139,D.044,I.113,E.057,K.138,G.078,L.164,G.073,I.109,H.089,C.030,L.173,D.053,I.118,G.074,B.014,E.060,L.158,L.154,D.051,M.183,B.019,A.006,C.029,D.050"
Ruko Standar (2 Lantai),783,2,Premium,"F.066,A.011,A.001,A.009,E.059,L.171,C.031,K.136,F.070,K.137,L.153,D.036,H.103,M.186,M.195,G.076,D.043,A.004,D.047,M.194,N.198,H.105,L.159,G.079,M.181,E.057,L.164,M.192,L.165,D.038,I.125,C.030,H.088,I.116,B.017,B.025,E.060,B.020,C.034,K.140,I.126,D.051,N.197,B.022,G.081,A.003"
Klinik Pratama,1400,1,Premium,"E.059,C.035,C.026,K.141,N.196,F.070,H.099,L.160,L.156,D.036,E.054,A.007,D.037,F.065,G.082,G.076,H.103,H.104,A.004,M.179,D.052,B.016,B.024,A.010,G.079,E.061,K.148,M.181,L.164,I.122,D.038,D.041,A.005,I.108,L.173,I.124,K.145,M.186,B.014,L.154,C.028,M.177,N.197,B.022,M.185,A.006"
Rumah Subsidi (Type 21-36),496,1,Premium,"F.066,M.182,K.141,C.027,E.055,H.087,L.160,B.018,D.036,A.007,D.037,F.065,G.076,H.104,L.163,A.004,N.198,L.159,G.079,B.021,A.008,E.061,K.139,M.181,M.192,C.033,I.125,A.005,I.108,C.030,D.039,D.053,L.170,A.012,I.116,L.154,M.177,D.051,K.143,N.197,B.022,M.183,B.015,H.091,E.056,G.085"
Klinik Pratama,1201,1,Premium,"H.100,M.182,A.009,C.035,C.026,C.031,N.196,L.153,D.048,L.156,D.036,E.054,G.077,F.065,M.195,D.043,A.004,L.163,N.198,H.105,E.064,B.024,A.010,B.021,E.061,K.138,M.192,F.071,G.073,M.178,K.142,A.005,D.049,I.108,B.023,G.083,H.097,L.170,L.158,B.020,I.126,D.051,K.146,M.183,I.120,A.006"
Ruko Standar (2 Lantai),580,2,Standar,"A.011,D.046,H.102,A.009,C.035,H.093,K.136,F.070,E.055,E.054,D.037,G.082,G.076,D.047,D.052,D.042,B.024,A.010,K.147,K.148,E.058,G.081,I.114,F.068,I.108,C.030,H.088,B.017,B.020,C.034,B.019,I.120,A.006,A.003"
Gudang Konstruksi Baja,69,1,Premium,"A.011,K.144,A.009,L.171,C.026,L.155,M.189,D.036,M.186,I.121,F.065,M.195,G.076,D.043,A.004,D.047,H.101,L.162,D.052,I.110,M.179,E.064,D.042,N.199,E.063,A.008,K.139,L.149,K.148,L.164,E.058,F.071,G.073,C.033,H.089,I.108,G.083,B.020,C.034,N.197,B.022,B.019,B.015,M.185,H.097,A.003"
Cafe / Restoran (Interior),1053,1,Premium,"M.187,K.144,H.102,I.123,A.001,C.035,K.141,B.013,D.048,M.189,D.036,F.067,G.077,I.121,M.186,D.043,A.004,L.162,N.199,E.063,A.008,L.176,M.181,G.078,K.138,I.112,D.045,G.073,M.178,F.072,A.005,D.049,L.174,C.030,L.173,H.088,E.062,A.012,L.152,C.034,N.197,B.022,B.019,B.015,H.091,E.056"
Rumah Subsidi (Type 21-36),280,1,Premium,"M.182,M.191,A.009,C.035,C.031,K.136,N.196,F.070,E.055,D.048,K.137,L.161,M.186,F.067,D.037,H.104,I.115,L.163,L.150,M.179,N.199,B.016,C.032,D.042,A.010,A.008,E.061,L.176,G.078,K.138,M.192,D.045,I.109,A.005,L.174,G.074,E.062,A.012,B.014,B.025,G.075,I.126,B.022,H.091,H.097,D.050"
Cafe / Restoran (Interior),188,1,Premium,"D.046,A.001,M.182,L.155,B.013,C.027,K.136,H.096,L.161,M.189,L.156,F.067,D.037,G.082,G.076,D.043,I.115,L.150,H.107,M.194,N.198,F.069,A.010,E.061,K.139,K.138,E.058,M.178,I.109,D.041,A.005,I.108,C.030,H.106,D.039,L.170,A.012,B.020,C.028,N.197,B.022,M.183,B.019,E.056,G.085,A.003"
Rumah Komersil (Type 45-70),1220,1,Ekonomis,"D.046,K.144,H.100,G.086,A.009,C.031,K.136,H.087,I.121,F.065,I.115,A.004,E.064,E.063,B.021,K.138,D.038,F.072,D.041,D.049,D.053,G.083,G.074,H.097,A.012,B.014,I.127,C.034,A.002,B.022,B.019,E.056,C.029,A.003"
Ruko Standar (2 Lantai),397,2,Standar,"F.066,A.001,A.009,C.027,E.054,H.103,I.115,A.004,D.047,H.101,H.105,G.080,A.010,E.063,B.021,K.147,K.139,D.045,I.117,C.033,D.038,F.072,D.041,I.108,D.039,A.006,B.017,B.025,B.020,C.034,G.075,K.146,E.056,G.085"
Ruko Standar (2 Lantai),926,2,Ekonomis,"D.046,A.009,E.059,C.027,K.136,F.070,K.137,B.018,F.065,G.082,A.004,D.047,H.101,H.105,C.032,D.042,B.024,A.010,E.063,A.008,E.061,H.098,C.033,I.125,D.039,D.040,G.074,B.025,B.020,K.143,A.002,I.119,I.120,G.085"
Gedung Kampus,859,1,Premium,"F.066,I.123,A.001,M.191,M.188,A.009,E.059,K.141,C.031,C.027,K.136,L.155,F.070,E.055,N.196,L.156,B.018,D.037,G.077,H.090,G.076,M.184,L.150,M.179,D.052,C.032,D.042,B.024,E.061,I.112,G.073,M.178,D.041,A.005,H.106,H.097,L.170,I.124,B.025,D.051,K.143,A.002,N.197,B.015,L.157,A.006"
Masjid Raya (Kubah Besar),838,1,Premium,"A.011,H.102,M.191,M.188,C.035,C.026,H.093,N.196,L.168,D.036,E.054,M.186,M.195,G.076,M.179,D.052,N.199,B.016,C.032,D.042,E.064,A.010,H.098,K.148,F.071,D.045,L.165,K.142,I.109,F.072,D.041,I.118,G.074,E.062,L.152,B.020,L.154,I.126,G.075,L.175,K.146,A.002,G.084,B.022,B.015,A.006,G.085,A.003"
Cafe / Restoran (Interior),91,1,Premium,"F.066,K.144,I.123,G.086,A.009,E.059,H.093,C.031,C.027,L.155,N.196,D.048,L.168,H.087,L.156,B.018,E.054,D.037,F.065,M.195,M.194,M.179,L.172,M.193,K.147,A.008,H.098,K.139,D.044,D.045,I.125,D.049,G.074,I.124,A.012,B.014,E.060,L.158,C.028,G.075,A.002,N.197,M.183,B.019,B.015,A.006"
Gedung Sekolah / Kelas,81,1,Standar,"A.011,D.046,A.003,H.093,E.055,D.036,F.067,D.037,G.077,A.004,C.032,F.069,A.010,E.061,K.139,E.058,G.073,I.109,I.111,B.023,D.053,A.012,I.127,B.017,B.025,K.140,C.034,C.028,K.146,G.084,H.092,B.015,H.091,D.050"
Gudang Konstruksi Baja,1372,1,Standar,"A.011,D.046,A.001,G.086,A.009,E.059,H.093,C.026,B.013,D.036,F.067,F.065,C.032,D.042,G.079,B.021,E.061,D.045,I.117,H.089,A.005,I.108,C.030,B.023,D.039,H.088,E.062,K.145,A.012,B.025,I.126,K.146,K.143,G.085"
Gedung Sekolah / Kelas,454,1,Standar,"A.011,D.046,I.123,A.001,H.093,C.031,B.013,H.099,H.087,B.018,A.007,F.067,D.037,G.076,E.064,D.042,B.021,A.008,K.139,D.044,E.057,K.138,F.071,I.112,D.045,C.033,E.062,C.028,K.143,A.002,I.119,G.084,B.015,G.085"
Ruko Premium (3 Lantai+),1274,1,Ekonomis,"K.144,A.009,C.026,A.007,G.082,H.104,H.107,D.047,D.052,E.064,F.069,B.024,A.010,E.063,H.094,K.148,D.044,I.113,E.058,F.071,D.041,I.111,C.030,B.023,G.074,A.012,K.140,C.028,A.002,I.119,B.019,B.015,G.085,D.050"
Gedung Sekolah / Kelas,736,1,Premium,"F.066,D.046,A.001,M.191,A.009,K.141,C.026,B.013,C.031,N.196,H.096,L.168,M.186,E.054,L.151,M.184,H.107,D.047,L.162,N.199,B.016,C.032,D.042,F.069,A.010,G.079,M.193,E.061,E.057,K.138,I.122,D.038,I.108,I.111,H.095,G.074,B.017,B.020,L.154,M.177,D.051,L.175,K.146,A.002,G.084,A.006"
Jalan Lingkungan (Paving/Beton),1042,1,Premium,"M.187,M.191,A.003,A.009,L.171,C.031,L.156,A.007,D.036,M.195,D.043,A.004,N.198,N.199,B.016,C.032,B.024,L.149,C.033,D.038,L.170,A.012,B.014,L.158,B.025,D.051,M.183,M.185,D.050"
Cafe / Restoran (Interior),861,1,Premium,"F.066,A.011,M.187,A.001,M.191,M.188,C.035,N.196,K.136,L.168,H.099,M.186,E.054,D.037,H.105,L.162,G.080,B.016,C.032,D.042,B.024,A.010,H.094,L.169,K.147,A.008,L.176,M.193,D.044,E.057,K.142,F.072,A.005,D.049,I.108,D.039,I.127,B.017,E.060,B.020,G.075,I.119,G.084,L.167,N.197,C.029"
Pos Keamanan (Pos Satpam),723,1,Standar,"C.026,B.013,C.027,H.087,D.036,A.007,E.054,H.090,G.076,D.043,A.010,K.138,F.071,D.045,K.142,F.072,A.005,I.108,I.111,B.023,D.039,D.053,G.074,E.062,K.145,E.060,A.002,I.119,G.084,B.022,B.015,H.091,C.029,A.003"
Gedung Kampus,384,1,Standar,"C.031,C.027,F.070,F.067,D.043,A.004,G.080,E.064,A.010,E.063,K.147,A.008,D.045,K.142,D.038,H.095,B.023,H.106,D.039,D.053,I.118,G.074,E.062,A.012,I.127,C.034,K.146,H.092,B.022,B.019,B.015,I.120,G.085,A.003"
Masjid Musholla (Lingkungan),182,1,Standar,"K.144,C.026,K.137,D.048,D.036,A.007,E.054,F.065,I.121,G.076,A.004,H.107,D.052,I.110,C.032,D.042,E.064,G.079,K.147,G.078,G.081,D.041,H.089,A.005,F.068,I.118,H.097,A.012,B.014,E.060,B.025,C.028,G.075,B.022,B.015,A.006"
Masjid Musholla (Lingkungan),608,1,Premium,"A.011,E.059,C.035,C.026,B.013,C.027,H.093,F.070,K.141,N.196,H.099,L.156,B.018,D.036,A.007,F.067,G.082,M.184,A.004,D.047,M.194,N.198,M.179,G.080,B.016,A.010,K.139,L.176,D.044,E.057,G.078,M.192,I.122,G.073,M.178,D.038,I.109,H.095,D.039,G.083,G.074,L.170,E.062,B.014,I.127,L.158,L.152,K.143,A.006"
Masjid Raya (Kubah Besar),1407,1,Ekonomis,"A.009,C.035,C.031,B.013,F.070,E.055,D.048,H.096,K.137,A.007,F.067,I.121,A.004,H.105,D.042,B.024,G.079,B.021,E.061,G.078,E.058,I.122,G.073,I.114,D.041,D.040,G.083,H.088,K.145,K.140,C.034,G.075,D.051,B.019,A.006,G.085,A.003"
Masjid Musholla (Lingkungan),1321,1,Ekonomis,"D.046,K.144,G.086,C.026,H.087,E.054,F.065,G.076,A.004,D.052,E.063,H.094,K.148,D.044,G.078,E.058,F.071,D.045,I.114,C.033,I.109,I.125,D.049,G.083,H.088,A.012,B.014,B.017,B.020,K.146,A.002,G.084,B.019,A.006,C.029,A.003"
Renovasi Rumah (Minor),646,1,Ekonomis,"A.011,H.102,A.001,A.007,F.065,H.101,D.052,I.110,C.032,E.064,A.010,K.139,G.078,E.058,I.112,G.073,I.122,C.033,D.038,F.072,H.089,D.049,C.030,D.040,A.012,B.017,E.060,K.140,B.020,K.143,B.022,B.019,G.081,D.050"
Ruko Standar (2 Lantai),1084,2,Ekonomis,"D.046,A.001,A.009,E.059,K.141,B.013,H.096,E.055,A.007,D.036,F.067,D.047,H.101,G.080,C.032,B.024,E.063,B.021,A.008,K.139,K.148,F.071,G.073,D.038,A.005,C.030,D.039,H.088,I.124,B.025,I.126,G.084,I.120,C.029"
Ruko Standar (2 Lantai),537,2,Standar,"A.009,C.031,H.087,I.121,G.082,D.043,A.004,I.115,H.101,D.052,B.016,C.032,D.042,A.010,H.094,K.147,A.008,E.061,D.044,E.057,F.072,A.005,F.068,C.030,B.023,D.040,K.145,B.017,E.060,G.075,K.143,I.119,B.015,G.081"
Rumah Mewah (2 Lantai+),828,2,Standar,"L.166,K.141,K.136,D.048,M.189,H.087,B.018,A.007,F.067,H.103,G.082,M.195,A.004,D.047,M.194,M.179,G.080,L.172,N.199,C.032,E.063,H.094,M.193,K.147,L.176,E.057,L.164,G.073,D.038,A.005,D.049,F.068,B.023,A.006,A.012,B.014,I.127,B.025,C.028,I.126,I.119,N.197,L.157,E.056,C.029,D.050"
Masjid Musholla (Lingkungan),849,1,Ekonomis,"F.066,A.011,D.046,K.144,A.001,A.009,C.026,C.027,E.055,D.048,G.077,G.082,A.004,B.016,D.042,B.024,H.094,A.008,E.061,K.148,K.142,D.038,F.068,I.111,H.106,G.083,H.088,E.060,B.025,C.034,I.126,G.084,B.022,I.120,G.085,D.050"
Klinik Pratama,1306,1,Ekonomis,"H.102,A.001,G.086,C.027,F.070,E.055,K.137,H.090,I.121,D.047,E.064,D.042,B.024,E.063,K.147,A.008,F.071,D.045,G.073,C.033,D.041,A.005,C.030,B.023,H.106,D.053,I.124,B.025,K.143,A.002,G.084,B.022,I.120,A.006"
Rumah Mewah (2 Lantai+),1126,2,Ekonomis,"F.066,M.187,H.102,A.001,M.182,A.009,K.141,L.155,B.013,N.196,F.070,E.055,M.189,H.087,B.018,A.007,E.054,D.037,M.195,L.163,A.004,D.052,C.032,A.010,K.147,H.098,D.044,I.113,G.078,L.164,G.073,M.178,C.030,G.074,E.062,I.124,K.145,B.014,L.152,L.158,B.020,C.034,D.051,N.197,I.120,D.050"
Gedung Sekolah / Kelas,1444,1,Ekonomis,"A.011,A.003,B.013,F.070,E.055,K.137,B.018,D.037,G.076,F.069,B.021,A.008,K.139,K.147,D.045,G.073,C.033,I.125,D.041,A.005,D.049,I.108,H.095,G.074,H.088,E.062,B.014,I.116,E.060,C.028,A.002,H.097,C.029,D.050"
Klinik Pratama,565,1,Premium,"D.046,A.001,A.009,H.093,N.196,B.013,L.161,L.168,M.189,L.160,D.036,M.186,D.047,M.194,N.198,G.080,B.016,C.032,E.064,F.069,H.094,B.021,A.008,M.190,G.078,K.138,D.045,H.089,F.068,I.108,I.118,E.062,A.012,I.116,E.060,K.140,B.020,C.034,C.028,G.075,L.175,K.143,L.167,M.185,A.006,D.050"
Renovasi Rumah (Minor),210,1,Ekonomis,"F.066,C.035,H.093,K.137,E.054,D.037,G.082,G.076,D.043,I.115,D.052,C.032,F.069,B.024,A.010,B.021,A.008,E.057,G.073,I.114,E.056,C.033,D.038,A.005,H.088,K.145,A.012,B.025,D.051,K.143,I.119,B.019,H.091,A.006"
Ruko Premium (3 Lantai+),239,1,Premium,"D.046,L.171,K.141,C.026,K.136,N.196,A.007,M.186,D.037,G.077,A.004,H.107,M.194,N.198,H.101,M.179,L.172,B.016,F.069,L.159,A.010,A.008,M.192,E.058,F.071,I.117,D.038,L.174,D.039,H.088,E.062,K.145,I.116,B.017,E.060,C.034,L.154,C.028,D.051,G.075,M.177,B.019,B.015,I.120,G.085,A.003"
Gudang Konstruksi Baja,527,1,Standar,"K.144,A.001,F.070,E.055,E.054,F.065,A.004,H.107,D.047,I.110,A.010,B.021,A.008,K.147,G.081,I.112,D.045,C.033,A.005,D.049,H.106,I.118,D.040,G.083,B.017,B.020,C.028,K.146,G.084,H.092,B.022,E.056,C.029,D.050"
Rumah Subsidi (Type 21-36),522,1,Ekonomis,"F.066,G.086,E.059,K.141,K.136,K.137,D.048,D.037,I.121,B.016,C.032,B.024,A.010,E.063,A.008,G.073,I.122,E.056,F.072,D.041,H.089,A.005,I.125,C.030,D.053,D.040,G.074,H.097,A.002,B.022,B.019,H.091,A.006,C.029"
Rumah Subsidi (Type 21-36),1489,1,Ekonomis,"K.144,H.102,H.100,A.003,G.086,A.009,K.141,C.027,D.048,H.087,D.037,G.077,D.043,A.004,B.016,A.010,E.063,E.061,K.139,E.057,F.071,I.122,C.033,D.041,A.005,F.068,C.030,B.023,B.014,I.127,B.025,G.084,I.120,D.050"
Jalan Lingkungan (Paving/Beton),1066,1,Premium,"A.011,D.046,L.166,M.188,C.031,L.155,D.048,B.018,A.007,M.186,D.037,D.043,A.004,N.198,D.052,N.199,B.024,M.190,M.192,L.165,C.033,C.030,B.023,L.170,L.158,B.020,A.002,M.183,A.006"
Rumah Mewah (2 Lantai+),1062,2,Ekonomis,"L.166,H.100,A.001,A.009,E.059,K.141,C.026,N.196,L.160,D.036,M.186,D.037,F.065,L.151,G.076,A.004,M.194,G.080,N.199,B.016,B.024,K.147,L.176,D.044,E.057,E.058,M.192,F.071,I.122,M.178,I.117,I.114,C.033,D.038,D.041,A.005,C.030,L.170,H.088,B.014,K.140,B.020,M.177,G.084,H.097,A.003"
Pos Keamanan (Pos Satpam),346,1,Premium,"F.066,I.123,H.100,M.182,M.188,C.026,C.027,K.136,E.055,D.048,M.189,L.160,B.018,D.036,E.054,G.082,H.105,D.052,G.080,N.199,L.159,A.010,E.063,M.193,B.021,A.008,K.148,I.113,F.071,L.165,I.117,D.041,L.174,D.053,L.170,H.088,K.145,B.020,C.034,M.177,A.002,N.197,B.015,A.006,G.085,A.003"
Renovasi Rumah (Minor),733,1,Premium,"M.187,A.011,A.001,M.191,E.059,N.196,C.031,B.013,F.070,L.153,D.036,F.065,G.082,H.104,A.004,L.162,M.179,G.080,C.032,D.042,H.094,K.147,A.008,M.181,D.044,E.057,E.058,K.138,I.112,M.192,D.045,G.073,L.165,I.117,K.142,D.053,L.170,H.088,B.017,B.025,B.020,L.154,N.197,I.120,A.006,C.029"
Pos Keamanan (Pos Satpam),105,1,Standar,"A.011,K.144,H.102,H.100,A.001,C.027,K.137,A.007,D.036,F.067,H.090,D.043,D.047,E.064,E.063,G.079,B.021,I.113,E.057,I.122,D.041,A.005,F.068,B.023,I.124,B.020,C.034,C.028,D.051,G.075,K.146,A.002,B.019,G.081"
Rumah Mewah (2 Lantai+),96,2,Ekonomis,"A.011,H.100,L.171,C.035,N.196,K.136,F.070,E.055,L.161,H.099,B.018,M.186,G.082,M.195,L.163,A.004,D.047,M.194,D.052,G.080,B.016,C.032,E.064,I.110,L.169,N.199,M.193,A.008,H.098,K.148,G.073,L.165,M.178,K.142,I.125,D.041,A.005,D.049,F.068,D.040,B.014,E.060,B.025,C.034,I.126,A.006"
Rumah Subsidi (Type 21-36),788,1,Premium,"G.086,E.059,M.188,K.141,C.026,C.031,L.155,L.153,D.048,H.087,L.160,A.007,F.067,M.186,N.198,I.110,B.016,C.032,D.042,E.064,B.021,A.008,M.181,I.113,M.192,E.058,D.045,F.072,D.041,H.089,A.005,L.174,B.023,H.106,G.074,I.127,K.140,L.158,K.143,A.002,G.084,N.197,M.183,B.019,A.006,D.050"
Rumah Subsidi (Type 21-36),1396,1,Premium,"A.011,D.046,H.102,K.144,L.166,M.191,L.153,H.087,B.018,A.007,F.067,D.037,M.184,A.004,N.198,M.180,L.169,D.042,B.024,E.063,K.147,A.008,M.181,G.073,M.178,I.117,D.049,F.068,C.030,D.040,G.074,G.083,E.062,H.097,B.014,I.127,E.060,I.116,K.140,C.028,L.167,B.022,N.197,L.157,A.006,C.029"
Rumah Komersil (Type 45-70),967,1,Premium,"M.191,M.182,M.188,N.196,K.136,D.048,L.168,B.018,A.007,E.054,G.076,M.184,D.043,A.004,H.107,H.101,D.052,C.032,A.010,E.063,H.094,A.008,E.061,L.149,I.113,F.071,I.112,G.073,I.114,K.142,C.033,D.049,F.068,D.039,K.145,B.014,B.017,L.158,B.020,C.034,L.154,M.177,A.002,G.084,N.197,L.157"
Rumah Subsidi (Type 21-36),222,1,Standar,"I.123,A.001,G.086,E.059,C.035,B.013,C.027,H.087,F.065,A.004,D.047,H.101,I.110,C.032,D.042,A.010,K.147,K.148,E.058,D.045,F.072,D.041,A.005,D.039,G.074,H.088,E.062,I.124,B.025,K.146,G.084,B.022,B.015,A.003"
Rumah Mewah (2 Lantai+),263,2,Ekonomis,"A.011,D.046,A.001,M.188,E.059,N.196,C.031,K.137,L.161,M.189,D.036,F.067,H.103,D.043,A.004,I.115,H.107,L.150,N.198,M.179,D.052,I.110,L.172,D.042,F.069,L.159,G.079,B.021,K.138,M.178,E.056,C.033,I.111,H.106,L.170,G.074,K.145,E.060,B.020,C.034,G.075,B.022,M.183,B.015,A.006,A.003"
Renovasi Rumah (Minor),309,1,Standar,"A.011,A.009,E.059,C.035,C.031,C.027,K.136,F.070,H.087,D.036,G.077,D.047,D.052,B.016,E.063,E.061,K.139,D.044,I.113,G.081,D.038,I.109,F.072,H.097,H.088,I.124,A.012,B.014,B.017,K.143,G.084,B.015,A.006,A.003"
Gudang Konstruksi Baja,239,1,Ekonomis,"F.066,A.003,C.026,K.137,D.048,H.099,H.090,G.082,G.076,B.016,C.032,A.010,A.008,I.113,E.057,F.071,K.142,A.005,D.049,H.095,D.040,E.062,I.127,B.017,B.025,E.060,D.051,K.143,I.119,G.084,B.019,A.006,C.029,D.050"
Gudang Konstruksi Baja,255,1,Ekonomis,"F.066,A.011,D.046,A.009,K.141,C.027,H.090,H.104,D.047,G.080,E.064,E.063,E.057,F.071,K.142,I.120,D.038,D.041,A.005,G.083,A.012,I.116,B.017,B.025,I.127,B.020,C.034,C.028,D.051,G.075,K.146,A.002,B.022,H.091"
Pos Keamanan (Pos Satpam),697,1,Standar,"A.011,H.100,A.001,G.086,K.136,F.070,B.018,E.054,G.076,D.043,D.047,G.080,A.010,B.021,A.008,E.057,E.058,K.138,D.045,I.114,F.072,H.089,I.125,A.005,D.049,I.111,C.030,B.017,C.034,D.051,K.143,B.022,H.097,C.029"
Renovasi Rumah (Minor),57,1,Premium,"D.046,L.166,A.001,A.009,B.013,C.027,F.070,E.055,K.137,M.189,H.087,F.067,D.037,I.121,G.076,A.004,D.047,M.194,N.198,L.162,L.159,E.063,M.193,K.147,E.057,M.192,G.081,I.112,I.114,D.038,H.089,H.095,B.023,D.040,L.170,K.145,B.014,L.152,C.028,A.002,G.084,N.197,B.015,M.185,A.006,C.029"
Jalan Lingkungan (Paving/Beton),841,1,Ekonomis,"A.012,A.004,A.011,B.025,C.028,D.052,A.002,B.013,C.027,B.024,D.050,D.048,B.023,D.042,D.040,C.029,A.003"
Masjid Musholla (Lingkungan),844,1,Premium,"K.144,I.123,A.001,M.182,M.188,A.009,L.171,B.013,C.027,K.136,F.070,H.096,H.087,L.160,L.156,A.007,D.037,G.077,M.195,G.076,M.184,D.043,N.198,D.042,A.010,E.063,A.008,H.098,E.057,L.164,G.073,I.117,F.072,I.125,L.174,D.039,D.040,E.062,K.145,B.025,B.020,C.028,G.075,M.177,G.084,N.197,B.015,C.029"
Gedung Sekolah / Kelas,56,1,Standar,"F.066,D.046,A.003,G.086,K.141,C.031,E.055,A.007,G.076,D.043,H.105,A.010,B.021,A.008,H.098,K.148,D.044,E.058,F.071,I.125,A.005,C.030,H.106,I.118,D.040,E.062,B.017,K.140,B.020,C.028,I.119,B.019,G.081,D.050"
Rumah Subsidi (Type 21-36),240,1,Ekonomis,"F.066,D.046,A.003,G.086,C.026,C.027,F.070,E.055,A.007,D.037,G.076,A.004,A.010,G.079,K.139,K.148,E.057,E.058,I.112,D.045,H.089,I.108,H.095,D.053,H.088,I.124,B.014,B.017,C.028,K.146,A.002,B.022,B.015,D.050"
Ruko Premium (3 Lantai+),326,1,Standar,"D.046,K.144,H.100,A.001,C.026,F.070,H.096,D.036,E.054,H.090,I.121,A.004,D.042,G.079,K.147,E.061,D.044,I.113,K.138,E.058,G.073,C.033,A.005,F.068,D.040,G.083,A.012,I.127,B.025,B.020,C.034,A.002,B.022,B.015"
Renovasi Rumah (Minor),1059,1,Premium,"M.191,A.003,A.009,H.093,N.196,K.137,D.048,H.099,L.160,B.018,M.186,I.121,L.151,G.076,L.163,D.047,M.194,G.080,N.199,E.064,A.010,E.063,G.079,B.021,A.008,K.147,M.190,F.071,D.049,F.068,C.030,B.023,H.095,D.040,A.012,I.116,B.017,E.060,K.140,C.034,I.119,L.167,L.157,M.181,C.029,D.050"
Gedung Kampus,545,1,Standar,"A.011,I.123,A.009,C.035,H.093,K.137,B.018,E.054,A.004,D.052,G.080,B.024,G.079,H.098,K.139,D.044,E.057,F.071,D.045,F.072,H.089,A.005,C.030,I.118,D.040,E.062,K.145,B.017,B.025,C.034,I.126,D.051,G.085,A.003"
Klinik Pratama,122,1,Premium,"A.011,L.166,A.001,M.182,A.003,G.086,A.009,C.035,C.031,B.013,H.093,N.196,E.055,I.121,L.151,H.104,H.101,D.052,C.032,F.069,E.063,A.008,E.061,K.148,D.044,M.190,G.078,L.164,M.181,L.165,D.038,I.109,F.072,I.125,D.053,B.014,L.152,K.140,B.020,M.177,K.143,N.197,B.022,M.183,G.081,D.050"
Klinik Pratama,577,1,Ekonomis,"A.003,G.086,A.009,E.059,C.035,C.027,F.070,K.137,D.048,B.018,A.007,D.037,H.090,I.121,G.076,H.104,A.010,E.063,K.139,K.148,D.038,I.109,A.005,F.068,I.111,B.023,D.040,E.062,B.017,B.025,G.075,H.092,C.029,D.050"
Rumah Subsidi (Type 21-36),501,1,Premium,"L.166,A.001,M.182,A.009,L.171,C.035,K.141,L.155,F.070,D.048,B.018,H.090,F.065,A.004,N.198,H.101,M.180,I.110,N.199,D.042,E.061,D.044,M.178,D.038,I.109,H.089,L.174,C.030,B.023,I.118,G.083,E.062,A.012,B.014,C.034,M.177,L.175,K.143,A.002,K.146,G.084,B.019,M.185,E.056,G.085,D.050"
Ruko Standar (2 Lantai),1391,2,Premium,"F.066,D.046,I.123,H.100,K.144,L.166,M.191,C.035,C.027,F.070,L.168,A.007,D.037,G.077,H.090,H.107,M.194,N.198,M.180,B.024,E.063,A.008,E.061,E.057,K.138,M.192,D.045,I.122,C.033,A.005,D.049,D.039,I.118,L.170,B.014,B.020,L.154,G.075,L.175,K.143,A.002,G.084,N.197,B.022,M.185,A.006"
Renovasi Rumah (Minor),854,1,Premium,"H.100,M.191,A.009,E.059,C.031,L.156,B.018,D.036,A.007,L.151,F.065,M.195,D.052,G.080,N.199,C.032,E.063,M.193,B.021,A.008,K.139,K.148,D.044,G.078,K.138,L.165,I.114,F.072,I.125,A.005,D.049,L.174,C.030,H.106,I.116,E.060,B.025,M.177,D.051,L.167,N.197,B.019,M.185,H.091,G.085,A.003"
Rumah Mewah (2 Lantai+),1185,2,Standar,"A.011,D.046,H.100,A.003,A.009,E.059,C.035,C.031,C.027,K.141,N.196,F.070,E.055,H.096,D.036,A.007,G.077,M.195,M.184,L.150,M.194,B.016,H.094,K.147,L.176,M.181,M.190,E.057,L.164,F.071,I.117,B.023,D.039,L.173,D.040,G.074,K.145,B.017,B.025,L.154,I.126,A.002,N.197,I.120,G.081,D.050"
Cafe / Restoran (Interior),768,1,Ekonomis,"A.001,A.003,C.035,C.026,B.013,F.070,K.137,D.048,A.007,E.054,F.067,G.076,A.004,D.047,H.101,G.080,I.110,E.064,D.042,B.024,K.147,A.008,E.058,K.142,D.038,I.125,I.108,B.023,G.083,C.034,B.015,H.091,H.097,D.050"
Jalan Lingkungan (Paving/Beton),1437,1,Ekonomis,"A.012,B.014,B.020,D.051,C.033,C.031,B.013,C.027,D.041,D.050,A.010,D.040,B.018,A.007,A.006,D.037,A.003"
Jalan Lingkungan (Paving/Beton),738,1,Ekonomis,"B.014,A.004,A.011,D.043,D.047,B.020,C.034,A.002,B.013,C.027,D.049,B.022,C.030,A.007,A.006,D.037,D.050"
Ruko Standar (2 Lantai),537,2,Standar,"A.011,A.009,C.026,K.136,F.070,E.055,E.054,H.104,A.004,H.107,D.052,G.080,C.032,D.042,F.069,A.010,G.079,B.021,A.008,K.147,E.057,K.138,I.122,C.033,D.041,H.095,D.039,I.124,B.014,I.116,B.020,D.051,G.084,B.019"
Jalan Lingkungan (Paving/Beton),1315,1,Ekonomis,"B.014,A.004,D.043,B.025,D.045,A.001,D.051,A.009,C.031,A.005,B.022,C.030,B.015,A.007,D.036,C.029,D.050"
Masjid Raya (Kubah Besar),620,1,Ekonomis,"F.066,H.102,G.086,A.009,C.031,C.027,K.136,D.048,B.018,A.007,I.115,G.080,F.069,E.063,H.094,K.147,A.008,E.057,G.078,I.112,D.045,D.038,H.106,D.039,D.040,G.074,E.062,I.116,B.020,C.028,G.075,K.146,A.002,B.019,B.015,G.081,A.003"
Gedung Kampus,763,1,Premium,"I.123,A.001,G.086,A.009,E.059,K.141,C.031,C.027,L.171,N.196,K.137,D.048,L.161,H.090,I.121,M.194,L.162,M.180,B.024,G.079,B.021,A.008,L.176,M.190,D.045,L.165,M.178,K.142,F.072,D.041,H.089,A.005,F.068,I.118,D.040,G.074,H.097,B.014,E.060,C.028,A.002,N.197,M.183,B.019,E.056,D.050"
Gedung Sekolah / Kelas,348,1,Ekonomis,"A.011,A.009,B.013,K.137,D.048,H.087,B.018,H.103,F.065,D.043,G.080,B.016,F.069,H.094,G.079,E.061,D.044,E.058,I.112,I.117,C.033,A.005,D.049,D.053,A.012,C.028,K.143,I.119,K.146,G.084,B.015,E.056,C.029,A.003"
Gudang Konstruksi Baja,1406,1,Ekonomis,"A.001,A.009,E.059,C.027,K.136,E.055,K.137,H.087,A.007,F.067,G.082,D.043,I.115,D.052,G.080,I.110,D.042,F.069,A.010,B.021,H.098,D.045,C.030,H.106,I.124,E.060,K.140,B.020,D.051,A.002,B.019,B.015,G.085,C.029"
Masjid Raya (Kubah Besar),1363,1,Standar,"D.046,K.144,A.009,C.035,C.027,B.018,D.036,F.067,G.077,H.090,I.121,G.076,A.004,D.047,H.105,B.016,E.064,A.008,E.057,D.045,K.142,I.109,F.068,B.023,G.083,G.074,E.062,A.012,I.127,B.020,C.034,G.075,D.051,K.143,H.092,A.003"
Rumah Mewah (2 Lantai+),1326,2,Premium,"F.066,I.123,M.182,G.086,K.141,L.155,L.168,M.189,H.087,B.018,A.007,D.037,F.065,I.121,L.163,L.150,N.198,D.052,B.016,C.032,L.159,A.010,H.094,A.008,E.061,K.139,M.190,E.058,I.112,G.073,M.178,D.041,A.005,D.049,C.030,B.023,H.095,D.053,E.062,B.020,K.143,N.197,M.183,G.085,C.029,A.003"
Masjid Musholla (Lingkungan),395,1,Premium,"F.066,A.011,D.046,M.191,G.086,A.009,C.031,C.026,L.156,B.018,D.036,F.067,D.037,L.151,G.082,M.186,L.163,A.004,M.194,N.198,H.101,M.179,N.199,E.064,B.024,L.159,G.079,E.061,K.148,M.192,I.112,D.045,I.122,H.106,D.053,G.083,L.170,H.088,K.145,B.014,I.116,K.146,A.002,G.084,B.022,E.056,G.085,C.029,A.003"
Renovasi Rumah (Minor),1239,1,Premium,"M.187,A.011,G.086,A.009,E.059,C.035,C.026,H.093,N.196,K.137,L.153,L.151,M.195,A.004,D.047,N.198,F.069,B.024,E.063,L.176,M.190,G.078,M.192,I.122,D.041,H.089,A.005,F.068,C.030,B.023,D.039,D.053,L.173,D.040,H.088,I.127,E.060,K.140,L.158,K.146,M.183,B.019,B.015,I.120,G.081,A.003"
Klinik Pratama,1490,1,Standar,"H.102,A.001,A.003,C.035,C.027,K.136,K.137,H.087,A.007,D.036,D.052,B.016,E.064,F.069,B.024,G.079,B.021,E.061,H.098,E.057,F.071,I.117,A.005,D.039,D.053,I.118,G.074,A.012,I.126,K.143,G.084,B.015,C.029,D.050"
Pos Keamanan (Pos Satpam),1050,1,Ekonomis,"H.100,A.009,C.031,B.013,C.027,K.136,F.070,K.137,D.036,E.054,D.037,A.007,D.043,B.016,A.010,E.063,K.147,E.061,D.044,G.078,F.071,A.005,C.030,I.118,D.040,H.097,I.124,A.012,B.025,G.075,H.092,B.022,I.120,G.081"
Cafe / Restoran (Interior),280,1,Standar,"F.066,A.011,G.086,C.031,K.136,F.070,H.096,K.137,H.099,E.054,D.037,G.076,H.101,D.052,B.016,E.064,A.010,B.021,K.147,E.057,G.078,I.122,I.125,D.041,A.005,D.049,C.030,D.040,A.012,B.017,C.034,A.002,I.119,B.019"
Cafe / Restoran (Interior),132,1,Ekonomis,"I.123,G.086,E.059,C.035,C.031,B.013,K.136,K.137,B.018,E.054,D.037,H.090,G.082,A.004,H.107,H.105,D.052,C.032,F.069,A.008,D.044,I.113,E.058,A.005,F.068,D.040,A.012,B.025,B.020,K.146,I.119,A.006,G.085,D.050"
Gedung Sekolah / Kelas,967,1,Ekonomis,"A.011,H.102,A.001,A.009,E.059,K.141,C.031,C.027,F.070,K.137,B.018,F.067,G.082,H.101,A.010,E.063,K.147,E.061,D.044,D.038,I.109,A.005,D.049,C.030,B.023,H.106,D.039,D.053,I.118,B.014,G.075,I.126,B.015,G.085"
Renovasi Rumah (Minor),476,1,Ekonomis,"A.001,G.086,A.009,E.059,H.093,C.027,K.136,D.048,D.036,D.037,F.065,H.107,B.016,C.032,D.042,E.064,G.079,E.061,K.148,I.109,F.072,D.041,A.005,H.106,I.124,A.012,K.140,B.020,C.034,I.119,G.084,B.022,B.015,A.003"
Gedung Sekolah / Kelas,145,1,Standar,"A.011,K.144,H.102,H.100,I.123,E.059,K.141,C.031,B.013,D.048,D.037,G.077,H.090,D.043,A.004,C.032,B.024,K.148,F.071,I.112,D.045,G.073,F.068,C.030,D.053,G.074,E.062,A.012,E.060,B.020,I.126,A.002,B.022,A.003"
Masjid Raya (Kubah Besar),550,1,Ekonomis,"A.011,A.009,F.070,H.087,A.007,E.054,G.077,D.043,B.016,D.042,B.024,E.063,H.094,K.147,A.008,E.061,K.139,D.044,G.078,C.033,F.072,I.108,I.111,H.095,D.040,I.127,C.028,D.051,G.075,K.146,A.002,G.084,B.022,B.015,C.029"
Pos Keamanan (Pos Satpam),1472,1,Premium,"M.187,A.011,M.182,A.009,H.093,C.031,C.027,K.141,N.196,E.055,L.168,H.099,D.036,D.037,M.195,G.076,L.150,D.047,H.101,D.052,L.172,E.064,F.069,B.024,A.010,A.008,L.176,E.058,F.071,G.073,M.178,K.142,I.111,C.030,I.118,K.145,A.012,B.014,L.152,I.126,N.197,B.022,B.015,M.181,G.085,D.050"
Rumah Mewah (2 Lantai+),953,2,Premium,"F.066,M.187,L.166,H.100,A.001,N.196,K.137,D.048,L.168,L.160,B.018,D.036,E.054,M.195,G.076,A.004,D.047,M.179,M.180,D.052,N.199,B.016,C.032,E.064,F.069,H.098,K.148,K.138,G.081,I.112,I.117,L.174,I.111,C.030,H.097,G.074,A.012,B.014,E.060,B.020,L.175,A.002,M.183,A.006,C.029,D.050"
Masjid Raya (Kubah Besar),782,1,Premium,"M.187,D.046,G.086,E.059,M.188,H.093,B.013,D.048,M.189,L.160,B.018,G.077,L.151,A.004,H.107,G.080,N.199,C.032,A.010,A.008,K.148,M.181,G.078,E.058,F.071,K.142,D.038,F.072,D.041,I.125,I.108,D.039,L.173,E.062,A.012,I.127,K.140,L.152,B.020,C.034,C.028,G.084,N.197,M.183,B.015,L.157,H.097,G.085,A.003"
Cafe / Restoran (Interior),1368,1,Ekonomis,"F.066,A.011,D.046,H.100,A.001,A.003,A.009,E.059,C.026,B.013,H.096,G.077,G.082,H.104,D.043,D.042,A.008,K.139,E.057,G.073,I.117,K.142,D.038,I.125,F.068,C.030,I.124,B.020,K.143,B.019,B.015,E.056,C.029,D.050"
Klinik Pratama,424,1,Standar,"I.123,A.003,K.141,B.013,F.070,A.007,E.054,G.076,A.004,H.107,H.101,C.032,D.042,E.064,E.063,H.098,I.122,K.142,I.125,D.041,F.068,C.030,B.023,D.039,G.074,C.034,D.051,K.146,A.002,B.022,B.015,A.006,G.085,D.050"
Pos Keamanan (Pos Satpam),1235,1,Standar,"F.066,A.011,H.100,G.086,C.031,B.013,E.055,K.137,E.054,F.067,H.105,H.101,D.052,G.080,A.010,D.044,I.113,D.045,I.108,C.030,B.023,D.039,D.040,A.006,K.145,K.140,B.025,G.075,A.002,I.119,B.015,E.056,C.029,A.003"
Gedung Sekolah / Kelas,1248,1,Standar,"D.046,I.123,A.009,E.059,C.035,C.031,B.013,K.141,F.070,A.007,G.077,H.090,I.110,E.064,F.069,B.021,A.008,D.044,D.038,D.041,D.049,H.095,G.083,E.062,K.145,B.014,I.127,C.034,G.075,K.146,A.002,H.092,B.022,A.003"
Rumah Mewah (2 Lantai+),743,2,Ekonomis,"A.011,K.144,H.102,G.086,M.188,C.026,B.013,C.027,K.136,M.189,B.018,E.054,G.077,H.090,L.151,L.150,M.194,D.052,N.199,L.169,D.042,B.024,F.069,M.193,E.061,D.044,E.058,D.045,M.178,K.142,I.109,A.005,F.068,L.174,I.111,D.040,A.012,C.034,G.075,L.175,A.002,N.197,B.022,I.120,H.097,A.003"
Rumah Subsidi (Type 21-36),151,1,Ekonomis,"F.066,A.011,G.086,A.009,E.059,C.035,B.013,K.136,H.087,A.007,H.090,F.065,G.082,H.107,D.047,D.052,I.110,B.024,E.063,B.021,A.008,E.058,I.112,D.045,K.142,D.038,C.030,I.127,C.028,K.143,A.002,G.084,B.022,D.050"
Gedung Kampus,648,1,Standar,"A.011,A.001,C.031,C.027,E.055,K.137,B.018,H.103,G.077,F.065,H.090,D.043,A.004,D.047,H.101,I.110,B.016,F.069,E.063,A.008,K.139,K.148,E.057,D.041,A.005,I.108,D.039,D.040,B.020,C.028,I.119,G.084,B.015,G.085"
Ruko Premium (3 Lantai+),925,1,Premium,"F.066,A.011,D.046,L.166,H.093,C.031,K.141,L.155,N.196,K.137,D.048,L.161,M.189,B.018,A.007,F.067,H.103,G.082,A.004,M.179,A.010,E.061,L.149,M.181,E.058,I.122,K.142,C.033,I.109,I.125,C.030,H.106,D.039,D.053,L.170,B.014,D.051,A.002,G.084,N.197,B.022,M.183,B.019,M.185,E.056,G.085"
Jalan Lingkungan (Paving/Beton),394,1,Standar,"B.014,A.011,A.001,C.034,C.035,A.002,A.005,C.027,D.049,A.010,B.022,D.048,B.019,B.018,D.040,D.037,D.050"
Cafe / Restoran (Interior),1064,1,Standar,"D.046,K.144,C.035,E.055,D.048,K.137,A.007,H.103,H.090,F.065,H.104,A.004,C.032,D.042,G.078,E.058,G.073,E.056,I.109,D.041,A.005,F.068,I.108,I.111,C.030,B.023,A.012,B.014,B.017,K.140,B.020,G.084,A.006,D.050"
Klinik Pratama,1412,1,Ekonomis,"K.144,H.102,I.123,A.001,A.009,E.059,C.031,B.013,H.087,D.036,F.065,D.042,H.094,A.008,G.078,I.114,K.142,C.033,F.072,A.005,B.023,D.053,D.040,E.062,A.006,B.020,C.028,D.051,I.126,K.143,G.084,B.015,E.056,G.085"
Gudang Konstruksi Baja,339,1,Ekonomis,"A.011,A.009,C.031,B.013,E.055,E.054,G.077,D.043,A.004,I.115,D.047,H.101,G.080,D.042,F.069,A.010,K.147,E.061,K.138,I.109,F.072,H.089,A.005,D.049,H.088,B.017,B.025,K.140,C.034,I.126,D.051,B.022,G.085,C.029"
Rumah Mewah (2 Lantai+),868,2,Standar,"M.187,A.001,M.182,N.196,C.031,K.136,F.070,E.055,D.048,M.189,L.160,B.018,D.036,I.115,H.107,H.105,L.162,H.094,A.008,D.044,E.057,L.164,F.071,M.178,D.041,A.005,L.174,I.111,C.030,D.039,G.083,G.074,K.145,A.012,B.014,B.017,E.060,L.152,B.020,C.034,G.075,K.143,A.002,N.197,M.183,I.120"
Cafe / Restoran (Interior),767,1,Ekonomis,"H.102,C.035,C.026,B.013,C.027,K.136,D.036,H.103,F.065,H.104,A.004,G.080,B.016,B.024,A.010,E.063,G.079,E.061,K.148,I.113,I.112,D.045,D.038,D.041,A.005,F.068,I.111,D.040,G.083,E.062,A.012,B.017,K.146,A.002"
Pos Keamanan (Pos Satpam),306,1,Ekonomis,"F.066,A.011,D.046,A.001,C.031,B.018,A.007,F.067,H.090,I.121,D.047,H.105,G.080,I.110,C.032,B.024,E.063,K.147,K.139,E.057,G.078,K.138,D.045,D.041,C.030,G.083,H.088,E.060,B.025,D.051,A.002,I.119,B.015,A.003"
Ruko Standar (2 Lantai),1338,2,Standar,"G.086,C.035,E.054,D.037,I.121,G.076,A.004,H.101,D.052,I.110,C.032,F.069,E.063,K.147,K.138,F.071,D.045,I.109,H.089,A.005,D.049,D.039,H.097,K.145,A.012,B.014,E.060,B.025,B.020,G.075,B.022,A.006,C.029,A.003"
Gudang Konstruksi Baja,1120,1,Premium,"M.187,G.086,L.171,M.188,C.035,N.196,B.013,K.136,E.055,L.153,H.087,H.090,G.082,D.043,M.179,N.199,D.042,B.024,A.010,A.008,M.192,L.165,C.033,F.072,D.049,F.068,C.030,B.023,D.039,I.118,D.040,H.088,A.006,A.012,I.127,E.060,K.140,L.152,G.075,M.177,K.143,A.002,L.167,B.022,I.120,E.056"
Gedung Kampus,1287,1,Premium,"F.066,A.011,D.046,M.191,G.086,A.009,E.059,H.093,C.026,B.013,M.188,F.070,L.161,L.168,E.054,D.037,G.082,L.150,N.198,L.162,N.199,B.016,C.032,B.021,K.139,K.138,E.058,M.192,I.122,K.142,C.033,I.125,A.005,D.049,H.106,D.039,I.118,D.040,G.083,A.012,L.154,M.177,B.022,M.183,H.091,A.006"
Ruko Standar (2 Lantai),189,2,Premium,"D.046,A.001,M.188,E.059,L.171,C.031,C.026,L.155,F.070,E.055,K.137,M.189,M.186,D.037,G.077,H.090,D.043,H.107,M.179,D.052,N.199,B.016,A.010,L.149,K.138,M.192,D.045,G.073,K.142,C.033,A.005,F.068,I.111,B.023,G.083,E.062,A.012,B.014,I.116,I.119,H.092,L.167,N.197,B.015,L.157,A.003"
Jalan Lingkungan (Paving/Beton),516,1,Premium,"D.046,A.001,M.191,M.182,L.171,L.156,D.037,M.184,D.047,N.198,N.199,B.024,L.164,L.165,M.178,A.005,D.049,B.023,D.040,A.012,B.017,B.020,C.034,L.154,C.028,M.177,A.002,A.006,C.029"
Renovasi Rumah (Minor),76,1,Standar,"A.011,D.046,H.102,K.144,C.026,F.070,K.137,F.067,H.090,I.115,A.004,D.042,B.024,A.010,G.079,E.061,E.057,G.078,D.045,I.122,D.041,C.030,B.023,H.088,A.012,B.014,B.025,C.028,D.051,K.143,I.120,E.056,G.085,A.003"
Masjid Raya (Kubah Besar),546,1,Premium,"M.187,A.011,D.046,M.182,E.059,L.155,K.136,E.055,D.036,A.007,D.037,F.067,G.077,G.082,L.150,M.194,N.198,M.179,L.172,C.032,L.159,A.010,G.079,B.021,A.008,H.098,G.078,G.081,F.071,D.041,H.089,I.111,D.039,G.074,A.006,I.127,K.140,B.020,C.034,L.175,K.146,H.092,B.022,N.197,M.183,B.015,I.120,E.056,C.029"
Rumah Mewah (2 Lantai+),690,2,Standar,"M.187,D.046,M.182,M.188,A.009,L.171,C.031,B.013,C.027,F.070,H.099,A.007,D.036,G.082,M.195,G.076,A.004,H.107,D.047,N.198,L.162,N.199,K.147,A.008,E.061,M.190,E.057,F.071,L.165,I.108,C.030,D.039,L.173,G.083,H.088,K.145,A.012,B.014,B.017,E.060,B.020,L.154,I.126,D.051,K.146,I.119"
Masjid Musholla (Lingkungan),132,1,Ekonomis,"F.066,A.011,A.001,A.009,H.093,C.026,C.027,F.070,D.048,B.018,E.054,H.107,D.047,D.052,G.079,B.021,A.008,K.139,K.148,G.078,G.073,I.114,K.142,I.125,D.049,H.106,D.039,G.083,B.017,E.060,C.028,I.119,G.084,B.019,E.056,A.003"
Gudang Konstruksi Baja,1368,1,Standar,"K.144,A.009,C.035,C.027,F.070,H.096,D.048,B.018,D.036,A.007,G.077,I.121,H.107,D.047,B.016,E.064,D.042,E.063,G.079,A.008,H.098,F.071,D.045,I.117,I.114,E.062,B.014,K.140,G.075,K.146,B.015,A.006,C.029,A.003"
Ruko Standar (2 Lantai),1453,2,Premium,"A.011,L.166,A.009,L.171,K.141,F.070,K.137,B.018,D.036,H.103,G.077,F.065,H.090,A.004,D.047,M.194,L.162,M.180,D.052,N.199,C.032,D.042,B.021,E.061,M.190,G.078,E.058,I.112,M.178,I.109,A.005,E.062,K.145,B.014,I.116,C.034,C.028,D.051,L.175,G.084,L.167,B.022,N.197,H.091,M.181,A.003"
Gedung Kampus,1151,1,Ekonomis,"F.066,A.001,F.070,K.137,B.018,G.076,D.043,H.107,D.047,H.101,C.032,D.042,E.064,B.021,E.061,K.148,G.078,I.122,I.117,C.033,H.089,C.030,D.039,D.053,G.074,A.012,I.127,B.017,E.060,K.143,A.002,B.019,A.006,A.003"
Klinik Pratama,1385,1,Ekonomis,"A.001,A.009,C.035,C.026,B.013,K.136,K.137,I.115,D.047,H.101,E.064,A.010,D.044,E.058,F.071,D.045,K.142,D.038,I.125,F.068,D.040,G.083,A.012,B.014,E.060,I.116,B.020,C.034,G.075,H.092,B.019,H.091,G.081,A.003"
Gedung Kampus,545,1,Ekonomis,"F.066,A.011,K.144,A.003,A.009,E.059,K.141,C.031,B.013,C.026,K.136,D.048,B.018,F.067,D.037,G.077,I.121,A.004,I.110,G.079,G.081,I.114,D.041,H.095,D.053,H.088,E.062,A.012,B.017,C.034,H.092,B.015,E.056,D.050"
Ruko Standar (2 Lantai),1457,2,Standar,"F.066,H.102,H.100,A.001,I.123,G.086,C.035,C.027,K.136,F.070,K.137,H.090,D.047,D.052,B.024,A.008,E.061,D.044,I.113,G.078,G.073,A.005,D.049,D.039,E.062,A.006,K.145,B.017,C.034,I.119,B.022,B.015,E.056,A.003"
Masjid Musholla (Lingkungan),994,1,Premium,"A.009,E.059,K.141,C.027,K.136,K.137,D.048,L.156,D.036,D.037,F.065,H.090,G.077,H.104,A.004,D.047,M.180,G.080,L.172,N.199,A.008,E.061,L.176,M.190,M.192,G.081,I.122,F.068,I.108,H.106,D.039,G.083,B.014,B.017,B.025,L.158,C.028,G.075,A.002,I.119,G.084,L.167,N.197,M.183,B.015,M.185,E.056,C.029,A.003"
Pos Keamanan (Pos Satpam),805,1,Premium,"K.144,M.191,M.188,C.035,N.196,C.027,D.048,H.099,L.168,B.018,A.007,E.054,I.121,L.151,G.082,M.186,I.115,D.047,D.042,B.024,A.010,E.063,F.069,B.021,A.008,L.159,M.190,M.181,F.071,I.112,D.045,L.165,D.053,A.012,E.060,K.140,L.158,B.020,C.034,K.146,G.084,N.197,H.091,H.097,G.085,A.003"
Rumah Komersil (Type 45-70),1198,1,Standar,"A.001,H.093,C.026,B.013,C.031,K.141,F.070,E.055,B.018,F.067,D.037,H.090,H.103,G.076,D.047,G.080,E.063,B.021,A.008,K.139,D.044,G.078,E.058,I.114,C.033,A.005,D.049,I.118,I.124,B.014,K.140,A.002,A.006,D.050"
Renovasi Rumah (Minor),427,1,Standar,"K.144,I.123,G.086,A.009,C.031,C.026,D.036,D.037,F.065,H.104,D.043,I.115,H.105,D.052,B.016,E.064,F.069,A.010,B.021,D.041,A.005,G.083,G.074,H.097,A.012,B.017,E.060,K.140,B.020,C.028,I.126,K.143,E.056,A.003"
Masjid Musholla (Lingkungan),251,1,Standar,"A.011,D.046,H.102,H.100,C.035,C.026,B.018,D.036,E.054,F.067,A.004,I.110,B.024,A.010,E.063,G.079,A.008,K.148,G.078,D.045,K.142,C.033,F.068,I.111,G.074,H.088,I.124,B.017,D.051,K.143,A.002,G.084,B.015,E.056,G.085,D.050"
Gudang Konstruksi Baja,89,1,Premium,"F.066,M.187,L.166,E.059,H.093,K.141,L.155,N.196,F.070,E.055,K.137,M.189,A.007,D.036,G.077,M.195,A.004,M.194,G.080,N.199,B.016,D.042,A.010,B.021,K.139,E.057,C.033,D.038,I.109,D.049,C.030,H.106,L.173,D.053,A.012,I.116,B.017,B.025,L.152,C.034,G.075,L.175,A.002,M.185,I.120,H.097"
Gudang Konstruksi Baja,1263,1,Standar,"F.066,D.046,A.009,C.035,K.141,H.096,B.018,E.054,G.077,G.082,A.004,D.052,G.080,C.032,D.042,F.069,E.061,K.139,K.138,E.058,I.120,I.125,H.089,I.108,D.039,D.040,A.012,B.014,B.025,C.034,B.015,H.091,A.006,A.003"
Renovasi Rumah (Minor),750,1,Standar,"A.011,I.123,A.001,B.013,C.027,K.136,H.096,E.055,H.087,A.004,G.080,C.032,E.064,F.069,A.010,E.063,B.021,K.148,D.044,D.045,G.073,I.122,C.033,D.038,F.072,I.125,B.023,D.039,D.053,G.074,H.088,A.012,K.143,B.022"
Cafe / Restoran (Interior),1245,1,Premium,"H.102,A.009,C.035,N.196,K.136,K.137,L.161,H.099,B.018,D.036,A.007,E.054,F.067,G.082,I.115,A.004,L.163,D.047,M.194,M.180,M.179,G.080,D.042,A.010,K.147,E.061,G.078,E.058,I.114,C.033,F.068,D.039,D.053,H.088,I.116,L.158,B.020,C.028,M.177,L.175,N.197,B.019,B.015,L.157,M.181,A.003"
Jalan Lingkungan (Paving/Beton),1056,1,Premium,"D.046,A.001,C.026,L.155,M.189,A.007,M.195,M.184,D.047,N.198,N.199,B.016,L.169,L.149,M.190,C.033,A.005,D.039,D.053,D.040,B.014,B.017,L.158,B.020,C.028,M.177,A.002,L.167,A.006"
Klinik Pratama,981,1,Standar,"D.046,A.001,A.009,K.141,C.026,B.013,E.055,K.137,H.087,A.004,G.080,C.032,D.042,B.024,E.057,K.138,F.071,D.045,I.114,F.068,B.023,H.106,D.053,H.088,E.062,B.014,I.127,D.051,A.002,G.084,I.120,G.085,C.029,A.003"
Gedung Sekolah / Kelas,1268,1,Standar,"A.011,K.144,C.026,C.027,B.018,A.007,E.054,F.067,G.077,G.082,H.103,A.004,D.047,D.042,H.098,G.081,F.071,I.122,I.114,E.056,C.033,D.049,I.111,D.040,H.097,B.014,E.060,K.140,K.146,A.002,B.022,B.019,A.006,D.050"
Masjid Musholla (Lingkungan),114,1,Premium,"A.003,M.188,A.009,L.171,H.093,C.031,B.013,C.027,E.055,L.168,M.189,M.186,D.037,I.121,G.082,L.150,N.198,G.080,N.199,B.016,L.169,D.042,F.069,A.010,G.079,H.094,L.159,E.061,M.193,K.148,K.142,C.033,F.072,D.041,A.005,I.108,D.039,G.083,G.074,H.088,E.062,K.145,A.012,B.017,G.075,M.177,I.119,B.015,D.050"
Jalan Lingkungan (Paving/Beton),431,1,Premium,"A.011,D.046,A.009,N.196,C.031,D.037,M.184,A.004,L.150,M.194,N.198,M.179,D.052,L.159,B.021,L.149,C.033,D.041,B.023,D.039,A.012,L.152,L.154,C.028,M.177,A.002,B.022,B.015,M.185"
Gudang Konstruksi Baja,1073,1,Standar,"F.066,H.100,G.086,K.137,D.048,B.018,D.037,D.047,D.052,A.010,E.063,A.008,H.098,I.113,E.057,I.112,F.072,C.030,B.023,G.074,A.006,I.127,B.020,C.028,D.051,K.143,A.002,K.146,B.022,H.091,E.056,G.085,C.029,A.003"
Klinik Pratama,962,1,Standar,"D.046,A.009,E.059,H.099,B.018,E.054,D.037,F.065,F.067,G.082,G.076,H.104,D.052,C.032,A.010,H.094,B.021,A.008,K.139,E.056,I.109,D.049,I.108,C.030,D.053,K.140,C.028,G.075,I.126,K.143,A.002,B.019,B.015,A.006"
Renovasi Rumah (Minor),637,1,Premium,"F.066,A.011,M.191,M.188,A.009,L.171,C.026,B.013,C.027,E.055,D.048,K.137,L.153,D.036,E.054,D.037,H.090,M.186,G.076,M.184,H.107,D.052,N.199,C.032,B.024,G.079,K.148,I.113,L.164,M.178,F.072,I.125,A.005,H.095,D.039,A.012,B.014,B.017,K.140,L.158,L.154,I.126,A.002,N.197,E.056,G.085"
Klinik Pratama,1248,1,Premium,"M.187,A.011,D.046,C.035,K.141,B.013,N.196,H.096,E.055,D.036,A.007,H.090,G.082,M.184,H.107,M.194,L.162,M.179,L.172,I.110,M.180,C.032,D.042,B.024,E.063,F.069,E.061,D.044,G.081,I.112,G.073,L.165,F.068,L.174,B.023,D.053,A.012,B.020,C.028,K.143,A.002,K.146,L.167,N.197,I.120,A.006"
Rumah Subsidi (Type 21-36),1330,1,Premium,"M.187,K.144,A.001,M.182,N.196,C.031,F.070,H.099,M.189,D.036,A.007,E.054,M.186,A.004,L.150,D.047,N.198,D.052,G.080,I.110,C.032,L.169,L.172,M.190,E.058,I.112,D.045,F.068,I.111,B.023,H.106,D.053,G.083,E.062,K.145,B.014,K.140,L.158,C.034,L.175,A.002,G.084,B.022,B.019,H.091,A.006"
Gudang Konstruksi Baja,58,1,Ekonomis,"K.144,K.141,C.026,B.013,E.055,H.099,B.018,A.007,F.067,D.037,G.076,D.047,G.080,C.032,F.069,A.010,K.148,D.044,E.058,I.114,D.038,D.041,I.108,I.111,H.106,G.083,H.097,B.014,E.060,C.028,A.002,B.019,A.006,A.003"
Renovasi Rumah (Minor),1139,1,Standar,"F.066,A.011,D.046,H.102,C.031,B.018,I.121,F.065,H.104,A.004,D.052,B.016,C.032,E.063,G.079,B.021,A.008,K.139,K.147,E.057,K.142,H.089,A.005,D.049,D.039,G.074,E.062,I.124,B.020,C.034,G.075,D.051,A.002,I.120"
Klinik Pratama,411,1,Standar,"A.001,C.035,C.026,H.096,E.055,D.048,B.018,G.077,I.121,H.104,D.043,A.004,D.042,B.024,F.069,A.008,E.061,K.139,K.138,E.058,F.071,I.117,I.109,D.041,D.049,B.023,H.088,K.145,A.012,B.014,C.034,G.075,A.002,G.084"
Masjid Musholla (Lingkungan),1339,1,Standar,"K.144,G.086,A.009,C.031,B.013,K.136,E.055,F.067,H.104,H.107,G.080,F.069,A.010,E.061,E.057,G.081,D.041,H.089,A.005,D.049,D.053,D.040,G.083,I.124,K.145,C.034,C.028,G.075,A.002,I.119,G.084,B.022,B.019,B.015,I.120,A.006,D.050"
Renovasi Rumah (Minor),853,1,Premium,"M.187,A.011,I.123,A.001,M.182,A.009,L.171,N.196,C.026,H.096,E.055,K.137,L.168,L.161,M.189,E.054,D.037,F.065,G.077,H.107,D.047,N.198,M.180,G.080,C.032,B.024,E.063,K.148,G.078,K.138,M.192,I.114,F.072,A.005,I.108,L.174,C.030,D.039,D.053,H.088,D.051,L.175,A.002,B.022,B.019,B.015"
Pos Keamanan (Pos Satpam),1223,1,Ekonomis,"F.066,D.046,A.001,B.013,B.018,A.007,D.043,D.047,H.105,I.110,B.016,B.024,A.008,E.061,H.098,D.044,E.057,E.058,G.078,I.117,K.142,C.033,F.072,I.125,D.053,G.074,H.088,K.145,A.012,C.034,K.143,G.084,C.029,A.003"
Gedung Kampus,1111,1,Standar,"D.046,I.123,A.001,A.009,C.035,C.031,K.141,E.055,H.087,A.007,F.067,H.103,H.104,A.004,D.052,G.079,E.057,I.114,F.072,D.041,D.049,D.053,K.145,B.014,B.017,B.025,E.060,C.028,G.075,K.146,G.084,B.015,I.120,A.006"
Gedung Kampus,822,1,Premium,"A.003,E.059,L.171,C.035,H.099,M.189,B.018,A.007,L.151,F.065,M.195,M.184,D.043,I.115,L.163,L.162,M.180,N.199,E.064,M.193,B.021,L.149,G.078,G.081,D.045,I.109,F.072,D.049,C.030,D.039,I.118,H.097,G.074,E.062,K.145,A.012,B.014,K.140,C.028,K.146,A.002,N.197,B.022,H.091,A.006,D.050"
Ruko Standar (2 Lantai),642,2,Premium,"A.011,D.046,A.001,M.182,M.191,M.188,N.196,C.031,B.013,C.027,K.136,L.155,D.048,M.189,H.087,L.156,H.090,G.082,G.076,L.162,N.199,C.032,E.064,A.010,K.147,A.008,E.061,H.098,L.149,I.113,K.138,G.073,F.072,A.005,F.068,B.023,D.040,E.062,L.158,I.126,D.051,B.022,B.019,I.120,M.181,D.050"
Renovasi Rumah (Minor),1462,1,Standar,"A.011,D.046,A.001,K.141,C.031,E.054,H.090,H.103,D.043,H.101,I.110,E.064,F.069,E.057,G.078,F.071,D.045,C.033,I.109,A.005,B.023,D.039,D.053,K.145,A.012,B.014,B.017,K.140,C.028,G.075,A.002,G.084,B.019,I.120"
Klinik Pratama,1369,1,Ekonomis,"F.066,A.011,H.102,H.100,A.009,B.013,E.054,D.037,I.121,G.082,D.047,C.032,A.010,K.147,E.061,K.139,K.142,F.072,A.005,D.049,I.108,I.111,G.083,H.097,A.012,B.025,B.020,C.034,D.051,B.015,E.056,G.085,C.029,D.050"
Masjid Raya (Kubah Besar),541,1,Standar,"A.011,K.144,A.001,H.093,H.099,B.018,A.007,E.054,G.077,F.065,H.103,G.076,G.080,C.032,E.064,E.063,G.079,A.008,K.139,C.033,D.038,F.072,I.125,D.049,C.030,D.039,B.025,B.020,G.075,D.051,I.126,K.143,A.002,B.019,I.120,G.081,D.050"
Pos Keamanan (Pos Satpam),1286,1,Ekonomis,"A.011,I.123,A.001,H.093,B.013,F.070,E.055,B.018,H.103,G.082,D.047,H.101,I.110,C.032,F.069,E.063,K.147,K.148,D.044,E.057,C.033,D.049,D.039,D.040,B.014,B.025,C.034,K.143,A.002,G.084,I.120,A.006,G.085,A.003"
Gedung Kampus,965,1,Premium,"F.066,A.011,K.144,L.166,A.001,M.191,A.009,C.035,L.155,H.096,K.137,M.189,D.036,D.037,H.104,D.047,M.194,N.198,H.101,M.180,M.179,N.199,B.016,C.032,A.010,G.079,E.061,L.164,F.071,I.112,D.045,I.117,C.033,I.109,B.023,E.062,B.014,L.154,G.075,K.143,A.002,L.167,B.019,E.056,G.085,D.050"
Rumah Komersil (Type 45-70),82,1,Standar,"A.001,A.009,C.026,B.013,C.027,E.055,K.137,D.036,E.054,H.090,F.065,I.121,H.101,D.052,B.016,B.024,G.079,A.008,E.061,D.044,K.138,H.089,A.005,D.049,F.068,B.023,G.074,K.145,A.012,I.116,C.034,I.126,D.051,G.084"
Rumah Komersil (Type 45-70),1026,1,Standar,"F.066,K.144,I.123,G.086,A.009,C.035,C.031,B.013,E.055,D.048,H.099,D.037,F.065,D.043,A.004,D.052,B.016,A.010,E.061,G.073,I.117,K.142,C.030,B.023,D.039,H.097,H.088,E.062,I.124,A.012,B.014,K.140,G.075,A.006"
Gudang Konstruksi Baja,224,1,Ekonomis,"G.086,A.009,C.026,C.031,B.018,A.007,F.067,H.104,D.052,I.110,B.016,A.008,E.061,K.148,D.044,E.057,C.033,D.038,H.089,D.049,F.068,H.106,D.039,I.118,E.062,A.012,B.014,K.140,G.075,K.146,A.002,B.015,I.120,G.081"
Ruko Standar (2 Lantai),1162,2,Premium,"A.011,H.102,M.191,A.009,C.031,C.027,L.155,F.070,E.055,L.161,M.189,D.037,G.082,G.076,N.198,G.080,N.199,B.016,C.032,A.010,M.193,K.147,A.008,H.098,L.149,K.138,M.192,I.117,F.072,D.041,L.174,B.023,D.053,D.040,H.088,E.062,I.116,E.060,B.020,M.177,D.051,L.175,K.143,I.119,B.019,A.006"
Rumah Komersil (Type 45-70),106,1,Ekonomis,"A.001,G.086,H.093,C.026,B.013,K.137,D.048,D.036,A.007,F.067,D.043,A.004,I.115,B.016,B.024,E.061,K.148,E.057,K.138,I.117,C.033,D.041,H.089,D.049,F.068,C.030,H.095,G.074,A.006,I.126,B.015,E.056,G.085,A.003"
Gudang Konstruksi Baja,227,1,Ekonomis,"F.066,A.001,H.093,B.013,K.137,D.048,D.036,H.103,G.082,A.004,B.016,E.064,F.069,B.024,E.063,H.094,A.008,G.078,E.058,C.033,D.038,D.049,C.030,I.124,K.145,A.012,I.116,B.017,C.028,D.051,I.126,K.143,A.002,G.085"
Klinik Pratama,540,1,Premium,"M.187,L.166,A.001,A.003,C.027,L.161,B.018,A.007,D.036,F.067,I.121,M.184,N.198,H.101,M.179,M.180,N.199,E.064,A.010,E.063,H.094,B.021,A.008,K.139,K.148,E.057,C.033,F.072,H.089,I.125,D.049,B.023,D.039,D.040,G.083,G.074,L.170,K.145,B.014,C.034,L.154,I.119,L.157,M.181,G.085,D.050"
Masjid Musholla (Lingkungan),762,1,Ekonomis,"A.011,K.144,H.100,A.009,E.059,C.035,C.031,B.013,F.070,B.018,D.036,E.054,D.037,H.103,I.115,A.004,D.047,C.032,B.024,A.010,K.139,D.044,G.078,G.073,I.122,D.038,F.072,E.062,K.145,A.012,I.116,G.075,G.084,B.022,H.091,G.085"
Ruko Standar (2 Lantai),626,2,Ekonomis,"A.001,G.086,A.009,E.059,K.136,H.087,E.054,F.067,H.090,D.043,I.115,D.047,D.052,C.032,H.094,A.008,E.058,I.112,K.142,F.072,D.049,B.023,I.118,G.074,B.014,K.140,B.025,C.034,D.051,A.002,G.084,B.019,A.006,C.029"
Masjid Raya (Kubah Besar),202,1,Premium,"D.046,L.166,A.001,A.003,M.188,C.035,N.196,H.096,L.168,B.018,E.054,L.151,F.065,G.082,G.076,A.004,M.194,N.198,M.179,H.094,B.021,A.008,K.147,L.164,E.058,M.192,G.073,I.117,C.033,I.109,F.072,A.005,D.049,H.095,D.053,L.170,G.074,K.145,E.060,K.140,D.051,B.022,M.183,B.019,I.120,G.081,C.029,D.050"
Gedung Sekolah / Kelas,347,1,Premium,"M.187,M.182,C.035,N.196,K.136,F.070,D.048,L.168,D.036,A.007,D.037,L.151,G.082,H.104,M.184,D.043,H.101,M.179,G.080,L.172,B.024,A.010,L.176,E.057,E.058,M.178,A.005,F.068,I.108,I.111,H.095,B.023,D.053,G.083,K.145,A.012,B.014,B.017,E.060,C.034,C.028,K.143,I.119,L.167,N.197,A.006"
Renovasi Rumah (Minor),506,1,Standar,"A.011,A.001,A.003,C.035,C.031,H.087,E.054,D.037,F.067,H.104,A.004,B.016,B.024,E.057,G.073,I.117,K.142,C.033,D.038,F.072,A.005,I.108,H.095,D.053,G.083,G.074,I.124,D.051,K.146,K.143,B.019,B.015,E.056,D.050"
Rumah Komersil (Type 45-70),220,1,Premium,"H.102,I.123,M.191,E.059,C.035,C.026,K.141,N.196,E.055,D.048,L.168,D.036,G.082,M.195,D.043,I.115,L.163,H.107,H.105,M.180,G.080,N.199,A.010,M.193,B.021,A.008,K.139,L.149,K.148,I.113,F.071,G.073,F.072,C.030,B.023,D.039,A.012,E.060,B.025,L.175,A.002,B.022,M.183,L.157,A.006,D.050"
Gudang Konstruksi Baja,1362,1,Premium,"K.144,I.123,L.171,C.035,N.196,C.027,F.070,D.048,G.077,F.065,H.090,L.151,A.004,L.150,H.107,M.194,N.198,I.110,E.064,B.024,A.010,M.181,D.044,K.138,M.192,D.045,E.056,H.095,D.039,L.170,A.012,B.014,E.060,L.152,C.034,G.075,D.051,M.177,K.143,I.119,M.183,B.019,B.015,A.006,G.085,A.003"
Rumah Subsidi (Type 21-36),409,1,Premium,"M.187,D.046,K.144,A.001,M.191,G.086,A.009,C.035,K.141,L.155,F.070,H.096,H.099,L.160,L.156,M.189,M.186,F.067,D.037,G.077,A.004,N.198,M.180,I.110,B.016,L.169,A.010,E.061,I.113,G.078,E.058,D.045,D.038,A.005,D.049,I.111,B.023,L.152,B.025,C.034,C.028,K.143,N.197,B.022,H.091,E.056"
Gudang Konstruksi Baja,515,1,Standar,"A.011,D.046,A.001,A.009,C.035,H.093,K.136,E.055,K.137,B.018,G.077,H.090,I.115,G.080,D.042,F.069,A.010,E.063,D.044,E.058,F.071,I.114,H.089,D.053,K.145,A.012,I.127,B.025,B.020,C.034,D.051,G.084,B.022,C.029"
Renovasi Rumah (Minor),868,1,Ekonomis,"D.046,C.031,B.013,E.055,A.007,I.121,F.065,H.107,G.080,A.010,E.063,K.147,E.057,I.112,G.073,D.038,I.109,F.072,D.049,D.039,D.040,A.012,K.140,B.025,B.020,C.028,G.075,K.146,A.002,H.092,B.022,H.091,A.006,C.029"
Ruko Premium (3 Lantai+),1392,1,Premium,"A.001,M.191,M.188,L.171,N.196,C.031,B.013,C.027,K.136,F.070,D.036,A.007,E.054,F.067,G.077,M.184,L.163,D.047,L.172,I.110,B.016,D.042,H.094,H.098,M.181,E.057,G.081,I.122,L.165,K.142,C.030,H.095,D.039,D.053,G.083,E.062,I.124,K.145,A.012,L.175,A.002,N.197,B.022,M.183,B.015,A.006"
Cafe / Restoran (Interior),767,1,Standar,"D.046,A.009,C.035,B.013,K.136,H.096,B.018,A.007,F.067,D.037,G.077,D.043,G.080,I.110,B.016,H.094,B.021,A.008,E.061,E.058,K.142,C.033,D.038,F.072,A.005,I.118,D.040,H.088,E.062,K.140,C.034,G.084,I.120,A.003"
Jalan Lingkungan (Paving/Beton),679,1,Ekonomis,"D.046,B.025,D.047,C.028,D.051,D.053,C.031,A.002,B.013,C.032,D.041,A.010,B.022,A.008,B.018,A.007,A.003"
Cafe / Restoran (Interior),135,1,Ekonomis,"A.001,A.003,A.009,C.026,C.031,K.136,H.087,A.007,D.036,F.067,G.077,I.121,D.047,H.094,B.021,H.098,K.139,D.044,G.078,E.058,G.073,I.114,D.038,A.005,F.068,I.108,E.062,B.025,C.028,K.146,B.022,B.019,E.056,D.050"
Gudang Konstruksi Baja,827,1,Ekonomis,"A.011,G.086,A.009,C.035,C.026,K.137,D.048,F.067,D.037,D.043,H.107,B.016,B.024,E.063,K.148,E.057,G.078,K.138,D.045,F.072,D.049,I.108,I.118,G.074,H.088,A.006,A.012,B.017,B.025,C.034,H.092,I.120,E.056,A.003"
Klinik Pratama,801,1,Ekonomis,"K.144,A.003,A.009,E.059,K.137,D.048,F.065,A.004,H.107,C.032,E.064,E.063,H.094,K.147,A.008,H.098,D.044,F.071,I.112,G.073,C.033,D.038,I.109,A.005,G.083,B.017,B.025,C.028,D.051,I.119,G.084,B.019,B.015,D.050"
Ruko Standar (2 Lantai),483,2,Standar,"D.046,K.144,A.003,C.035,B.013,C.027,K.136,E.055,H.099,G.076,I.115,A.004,H.101,I.110,F.069,A.010,B.021,E.061,H.098,K.139,D.044,G.078,F.071,D.038,I.125,A.006,B.020,C.034,G.075,D.051,A.002,B.015,E.056,D.050"
Rumah Subsidi (Type 21-36),139,1,Ekonomis,"F.066,A.011,D.046,H.102,C.035,K.141,K.136,E.055,E.054,F.067,A.004,H.101,G.080,B.016,C.032,D.042,E.063,G.079,K.148,G.081,I.114,I.111,C.030,H.106,D.039,D.053,I.118,A.012,B.014,B.017,D.051,B.015,A.006,A.003"
Rumah Komersil (Type 45-70),1165,1,Ekonomis,"A.001,A.009,E.059,C.035,C.026,B.013,F.070,K.137,D.048,D.036,A.007,G.077,H.107,C.032,E.064,F.069,G.079,B.021,K.148,I.113,G.078,D.045,I.122,K.142,B.023,H.106,D.039,D.040,H.097,E.062,B.014,A.002,I.120,A.006"
Rumah Subsidi (Type 21-36),732,1,Standar,"A.011,K.144,I.123,A.001,C.035,E.055,H.087,B.018,A.007,F.067,F.069,H.098,K.139,K.138,E.058,G.081,D.045,I.114,C.033,D.038,D.049,I.111,C.030,B.023,D.039,D.040,G.083,A.012,E.060,G.084,B.019,B.015,H.091,A.006"
Masjid Musholla (Lingkungan),765,1,Ekonomis,"A.011,A.001,G.086,C.035,B.013,K.136,F.070,E.054,F.067,D.043,I.115,H.107,D.052,G.080,C.032,D.042,A.010,E.063,B.021,K.148,G.073,I.122,K.142,D.041,A.005,I.111,D.039,G.083,H.088,E.060,B.020,C.034,G.084,H.092,B.019,A.003"
Klinik Pratama,802,1,Ekonomis,"F.066,D.046,A.001,C.035,C.026,B.013,K.141,D.048,A.007,E.054,G.077,H.103,D.043,H.107,C.032,A.010,H.094,K.148,I.113,E.057,G.073,F.072,D.041,B.023,D.039,G.074,I.124,E.060,K.140,B.020,A.002,B.015,I.120,A.003"
Klinik Pratama,550,1,Premium,"A.011,K.144,A.001,M.191,K.141,C.031,E.055,K.137,A.007,H.090,I.115,L.163,H.107,N.198,H.101,M.180,D.052,L.172,M.179,E.064,F.069,B.024,E.063,G.079,B.021,M.190,G.081,L.165,I.117,F.072,D.041,D.049,B.023,L.170,B.014,C.034,C.028,D.051,G.075,I.126,A.002,L.167,N.197,M.183,A.006,D.050"
Jalan Lingkungan (Paving/Beton),946,1,Ekonomis,"B.017,A.001,A.009,D.038,C.035,C.026,A.002,C.032,D.041,D.052,D.049,D.050,B.019,B.015,B.018,A.007,A.003"
Gedung Kampus,104,1,Premium,"A.001,M.182,M.188,N.196,E.055,K.137,L.161,M.186,F.067,H.090,H.103,G.082,I.121,A.004,D.047,D.052,L.172,B.016,N.199,D.042,A.010,M.193,E.061,L.176,K.148,M.190,E.058,F.071,I.112,I.114,C.033,D.038,A.005,D.049,B.023,K.145,A.012,B.025,B.020,C.028,G.084,H.092,L.167,L.157,G.081,C.029"
Gedung Sekolah / Kelas,147,1,Premium,"M.187,A.011,H.102,H.100,A.001,G.086,L.171,N.196,C.031,E.055,L.161,L.156,A.007,E.054,D.036,D.037,F.067,M.184,M.180,G.080,I.110,B.016,C.032,D.042,N.199,A.010,K.147,L.149,G.078,E.058,M.192,D.045,I.117,C.033,D.049,F.068,H.106,I.118,K.145,L.152,K.140,B.025,M.177,A.002,B.022,B.019"
Rumah Mewah (2 Lantai+),1392,2,Premium,"A.011,K.144,I.123,A.001,M.188,E.059,C.035,C.026,C.031,H.093,K.136,F.070,L.161,D.048,N.196,D.036,M.186,H.105,L.162,D.052,N.199,B.016,F.069,G.079,K.147,M.190,M.192,E.058,L.165,A.005,D.049,D.040,L.152,I.116,E.060,B.025,I.127,B.020,G.075,M.177,A.002,L.167,B.015,H.091,G.085,A.003"
Gedung Sekolah / Kelas,1189,1,Standar,"D.046,A.001,C.035,K.141,F.070,D.048,H.099,H.087,B.018,G.082,G.076,D.043,D.052,H.094,G.079,E.057,E.058,I.122,K.142,F.068,B.023,D.040,E.062,A.012,B.020,C.034,I.126,K.146,A.002,I.119,B.022,A.006,C.029,A.003"
Renovasi Rumah (Minor),712,1,Premium,"H.102,I.123,M.188,E.059,L.171,C.031,K.137,L.168,A.007,D.036,D.037,M.186,M.195,A.004,H.107,M.180,G.080,N.199,B.016,C.032,B.024,B.021,A.008,E.061,L.149,D.045,L.165,K.142,F.072,A.005,F.068,I.111,C.030,D.039,G.083,G.074,H.097,I.124,L.158,D.051,K.146,N.197,M.183,B.019,E.056,A.003"
Ruko Standar (2 Lantai),124,2,Ekonomis,"H.102,K.136,H.096,K.137,B.018,D.036,E.054,A.007,F.067,F.065,G.082,D.043,D.052,B.016,C.032,E.064,H.098,K.139,D.044,E.058,I.122,I.117,A.005,C.030,B.023,I.118,A.012,B.020,G.075,D.051,G.084,A.006,C.029,A.003"
Ruko Standar (2 Lantai),1146,2,Standar,"A.011,D.046,I.123,K.144,A.001,A.003,A.009,E.059,B.013,H.099,F.065,G.080,C.032,D.042,E.063,H.094,K.147,F.071,I.109,D.053,G.074,E.062,K.140,B.025,C.034,G.075,D.051,A.002,B.019,B.015,I.120,H.097,C.029,D.050"
Gudang Konstruksi Baja,676,1,Standar,"A.001,K.141,B.018,A.007,F.067,F.065,G.082,D.043,I.110,B.016,C.032,A.010,E.063,B.021,E.061,H.098,K.138,D.045,I.125,A.005,D.049,C.030,H.095,I.118,H.097,E.062,K.145,A.012,B.025,G.075,D.051,G.081,C.029,D.050"
Masjid Musholla (Lingkungan),119,1,Premium,"M.187,A.011,A.001,M.191,G.086,C.035,K.141,B.013,C.027,N.196,E.055,L.161,H.087,L.160,A.007,G.082,D.043,A.004,N.198,D.052,F.069,B.024,A.010,E.063,E.061,L.149,D.044,G.078,M.192,G.073,M.178,I.117,D.038,I.125,F.068,L.174,B.023,D.053,G.074,K.145,B.014,I.116,L.158,C.034,G.075,M.177,K.143,H.091,H.097"
Rumah Komersil (Type 45-70),296,1,Ekonomis,"F.066,A.003,G.086,K.141,C.031,C.027,K.137,B.018,A.007,G.077,A.004,D.052,I.110,B.024,E.063,A.008,E.057,D.045,G.073,I.122,C.033,F.072,H.095,D.053,D.040,H.097,I.116,E.060,B.025,B.020,K.143,H.091,A.006,D.050"
Pos Keamanan (Pos Satpam),697,1,Premium,"F.066,A.011,K.144,N.196,C.031,L.155,F.070,L.153,L.168,B.018,D.036,E.054,A.007,H.103,M.186,G.076,I.115,H.101,B.024,K.147,L.149,M.181,D.044,M.190,E.057,E.058,G.081,M.192,A.005,D.049,D.053,L.170,I.124,A.012,C.028,D.051,G.075,K.146,I.119,H.092,N.197,B.019,B.015,M.185,A.006,C.029"
Rumah Subsidi (Type 21-36),596,1,Premium,"A.011,H.102,A.001,M.188,C.035,K.141,N.196,L.160,B.018,L.151,F.065,M.184,H.105,M.180,G.080,E.064,D.042,L.169,B.021,A.008,E.057,E.058,D.045,G.073,I.122,M.178,F.072,D.041,A.005,D.049,C.030,B.023,H.095,D.039,L.173,K.145,I.116,B.017,L.158,C.028,G.075,M.177,K.143,A.002,N.197,I.120"
Cafe / Restoran (Interior),1036,1,Premium,"A.011,A.001,M.182,E.059,L.171,C.035,C.026,H.093,L.161,B.018,F.067,G.082,H.104,D.047,M.180,D.052,G.080,B.016,C.032,L.172,N.199,H.094,M.193,A.008,M.181,E.057,K.138,L.164,F.071,M.178,K.142,D.038,D.049,I.111,D.039,K.145,I.127,B.017,E.060,I.126,L.175,A.002,N.197,B.019,G.081,A.003"
Cafe / Restoran (Interior),823,1,Ekonomis,"G.086,E.059,K.137,D.048,B.018,H.103,I.121,F.065,D.043,A.004,I.110,C.032,D.042,A.010,E.063,B.021,A.008,I.112,D.038,F.072,D.049,C.030,G.083,H.097,H.088,E.062,B.017,K.140,C.028,G.075,K.143,A.002,B.022,A.006"
Gedung Kampus,845,1,Standar,"F.066,A.001,A.009,K.141,C.026,C.027,C.031,B.018,D.036,E.054,G.076,B.024,B.021,A.008,E.061,K.139,D.044,D.045,I.114,I.125,A.005,D.049,F.068,I.108,H.095,D.040,G.083,H.097,H.088,E.060,B.020,K.143,G.081,A.003"
Renovasi Rumah (Minor),1485,1,Ekonomis,"F.066,D.046,H.102,A.009,C.027,K.136,F.070,E.055,H.090,D.043,A.004,H.105,B.016,D.042,A.010,G.079,B.021,D.044,K.138,I.112,G.073,K.142,I.125,A.005,E.062,I.124,A.012,B.025,B.020,C.034,C.028,D.051,E.056,G.085"
Gudang Konstruksi Baja,406,1,Ekonomis,"H.100,A.009,C.035,K.141,C.027,E.055,K.137,D.036,E.054,F.067,I.121,G.082,G.076,C.032,A.010,H.094,K.147,A.008,I.112,D.045,G.073,D.038,F.072,A.005,B.023,D.040,H.088,I.124,A.012,B.017,B.025,B.019,E.056,D.050"
Rumah Komersil (Type 45-70),1433,1,Ekonomis,"A.011,H.100,A.001,C.035,K.136,E.055,D.048,D.036,B.016,C.032,E.063,K.147,A.008,D.044,G.078,K.138,G.081,F.071,D.045,I.117,F.072,H.089,I.108,I.118,D.040,G.083,H.097,A.006,A.012,B.025,C.028,B.019,B.015,E.056"
Rumah Mewah (2 Lantai+),607,2,Ekonomis,"A.011,D.046,K.144,G.086,E.059,C.035,C.026,B.013,C.027,N.196,F.070,L.153,D.048,B.018,M.186,E.054,F.067,H.103,D.043,A.004,L.150,H.105,G.080,B.016,B.024,A.010,M.193,A.008,M.190,D.044,K.138,L.164,I.109,D.041,E.062,A.012,L.158,K.146,I.119,G.084,H.092,L.167,N.197,M.183,M.185,I.120"
Masjid Musholla (Lingkungan),581,1,Standar,"A.011,K.144,A.001,K.141,C.031,C.027,E.055,D.048,H.099,F.067,D.037,G.082,G.076,H.101,G.080,B.016,D.042,F.069,E.063,B.021,A.008,E.058,D.045,G.073,K.142,I.120,D.049,C.030,A.012,B.014,I.116,G.075,I.126,A.002,G.084,B.019,H.091"
Gudang Konstruksi Baja,800,1,Premium,"A.001,N.196,C.031,L.155,E.055,L.161,B.018,M.186,L.151,F.065,D.047,M.179,G.080,N.199,C.032,H.094,M.193,B.021,A.008,K.139,M.190,M.181,I.113,F.071,D.045,K.142,I.125,D.041,H.089,A.005,C.030,D.040,L.170,H.088,E.062,K.145,B.014,L.158,G.075,D.051,A.002,I.119,B.022,E.056,G.085,A.003"
Ruko Standar (2 Lantai),731,2,Ekonomis,"F.066,H.102,A.001,A.009,H.093,B.013,I.115,A.004,D.047,G.080,I.110,B.024,E.061,E.057,E.058,K.138,F.071,D.045,I.117,C.033,D.041,D.040,G.074,H.088,A.012,B.017,K.140,C.034,C.028,K.146,B.022,A.006,G.085,D.050"
Gedung Kampus,137,1,Ekonomis,"A.011,K.144,G.086,A.009,E.059,C.035,H.093,B.013,K.141,E.055,D.037,F.065,I.115,D.052,G.080,C.032,F.069,H.094,A.008,D.044,G.073,D.038,I.111,A.012,B.014,B.017,E.060,I.127,K.140,C.028,D.051,B.015,H.091,A.003"
Cafe / Restoran (Interior),213,1,Ekonomis,"A.001,G.086,E.059,C.031,F.070,K.137,D.048,H.087,B.018,A.007,D.037,A.004,D.047,H.105,I.110,A.010,G.079,B.021,E.061,E.057,K.142,C.033,F.068,H.095,D.053,I.118,I.124,K.145,B.017,B.025,C.028,A.006,G.085,D.050"
Klinik Pratama,1028,1,Standar,"K.144,A.001,G.086,H.093,C.026,B.013,K.141,D.043,A.004,H.105,D.052,B.016,F.069,A.010,E.063,D.044,E.058,I.109,D.041,A.005,F.068,H.095,G.083,E.062,I.127,K.140,C.034,D.051,G.084,B.022,B.019,I.120,A.006,C.029"
Ruko Standar (2 Lantai),1240,2,Standar,"F.066,A.001,C.026,C.031,H.096,E.055,D.048,B.018,E.054,H.090,A.004,D.047,H.105,D.042,G.079,B.021,E.061,K.147,F.071,G.073,C.033,I.125,D.041,A.005,I.108,D.053,G.083,B.014,I.116,B.017,K.140,K.146,A.006,A.003"
Jalan Lingkungan (Paving/Beton),1352,1,Premium,"L.171,L.161,D.048,L.156,M.186,M.184,A.004,N.198,M.179,D.042,B.024,A.010,B.021,M.181,D.045,D.038,A.005,B.014,L.158,B.020,C.034,C.028,D.051,M.177,L.175,N.197,A.006,C.029,A.003"
Klinik Pratama,436,1,Ekonomis,"A.011,C.031,C.026,B.018,A.007,E.054,F.065,G.082,D.043,A.004,G.080,I.110,F.069,A.010,E.063,K.139,E.057,K.138,I.112,I.122,C.033,D.038,A.005,H.095,B.023,D.039,G.083,K.140,B.020,D.051,H.092,B.022,H.097,D.050"
Klinik Pratama,1373,1,Ekonomis,"K.144,E.059,H.093,C.027,F.070,B.018,G.077,H.090,G.082,A.004,B.016,D.042,B.024,A.010,H.094,B.021,K.139,E.058,F.071,K.142,C.033,A.005,D.049,I.111,D.039,D.040,A.006,I.124,I.127,C.034,G.075,A.002,E.056,D.050"
Masjid Raya (Kubah Besar),573,1,Ekonomis,"A.011,H.102,G.086,A.009,C.027,F.070,B.018,I.121,H.104,D.043,D.052,G.079,K.147,E.061,K.148,E.057,E.058,F.071,D.045,I.117,I.114,C.033,D.049,G.083,G.074,K.145,B.014,B.017,B.020,C.034,D.051,A.002,G.084,H.092,A.006,A.003"
Klinik Pratama,141,1,Standar,"F.066,A.001,K.141,C.031,F.070,D.048,E.054,D.037,D.043,A.004,I.115,H.107,G.080,C.032,B.024,E.063,H.094,A.008,E.057,K.138,K.142,D.038,I.109,A.005,H.095,B.023,D.039,G.074,I.124,C.034,A.002,G.084,B.022,B.015"
Rumah Mewah (2 Lantai+),570,2,Ekonomis,"A.011,D.046,M.188,A.009,C.035,N.196,K.137,D.048,L.153,L.161,L.156,B.018,M.186,L.151,F.065,G.082,H.104,L.163,M.194,N.198,M.179,M.180,D.042,B.024,A.010,E.063,E.061,H.098,G.078,E.058,F.071,D.053,I.118,K.140,B.020,C.034,D.051,K.143,A.002,I.119,G.084,B.015,I.120,H.097,C.029,A.003"
Masjid Musholla (Lingkungan),537,1,Standar,"A.011,A.001,A.009,E.059,C.035,C.026,B.013,C.031,K.136,H.096,D.048,B.018,D.036,H.090,G.082,B.016,G.079,K.148,D.044,E.057,E.058,G.081,F.071,G.073,I.109,F.072,A.005,I.108,H.106,D.039,D.053,I.127,K.146,B.015,A.006,G.085"
Ruko Standar (2 Lantai),1490,2,Standar,"F.066,A.011,C.035,K.136,D.048,A.007,D.036,H.104,A.004,C.032,F.069,B.024,G.079,D.044,G.078,E.058,I.122,I.117,I.114,A.005,B.023,D.040,E.062,B.014,E.060,C.034,G.075,D.051,K.143,A.002,K.146,B.015,H.091,H.097"
Ruko Standar (2 Lantai),396,2,Ekonomis,"D.046,A.001,A.009,C.027,E.055,B.018,D.036,F.067,H.090,A.004,H.107,B.016,C.032,D.042,A.010,G.079,K.147,E.061,D.044,D.038,I.109,I.125,F.068,E.062,K.145,I.127,B.025,C.034,K.146,A.002,G.084,B.019,H.091,G.081"
Gudang Konstruksi Baja,756,1,Premium,"I.123,M.182,L.155,B.013,C.027,F.070,M.189,E.054,D.037,H.090,H.103,M.195,M.194,H.105,M.179,D.052,N.199,E.064,D.042,B.024,A.010,L.169,K.147,A.008,L.164,E.056,D.038,I.125,A.005,F.068,C.030,D.040,G.083,K.145,A.012,B.014,B.017,I.127,L.158,L.152,G.075,K.143,G.084,N.197,A.006,C.029"
Jalan Lingkungan (Paving/Beton),285,1,Standar,"A.004,D.046,B.025,D.047,C.028,A.009,C.035,C.031,A.002,A.005,B.016,D.041,B.022,D.052,B.018,A.007,D.040"
Ruko Premium (3 Lantai+),763,1,Premium,"K.144,M.191,E.059,L.171,C.035,N.196,H.096,K.137,D.048,L.153,B.018,D.036,A.007,G.077,F.065,M.194,H.101,H.105,G.080,L.162,B.016,M.179,N.199,M.193,B.021,A.008,K.139,I.113,E.057,E.058,G.078,L.164,D.045,C.033,F.072,D.041,A.005,L.174,D.040,I.124,A.002,I.119,M.183,B.015,A.006,C.029"
Pos Keamanan (Pos Satpam),581,1,Standar,"G.086,A.009,C.035,B.013,K.136,F.070,K.137,A.007,F.067,D.037,H.103,G.082,I.121,A.004,D.047,I.110,E.064,B.024,A.008,E.061,D.044,I.112,C.033,D.038,C.030,D.039,H.097,B.025,K.143,H.092,B.015,E.056,G.085,A.003"
Gedung Kampus,944,1,Standar,"F.066,G.086,A.009,H.093,C.031,C.026,E.055,D.048,G.076,D.052,B.024,A.010,G.079,D.044,K.138,F.071,D.045,I.122,I.125,A.005,H.095,B.023,E.062,A.012,E.060,K.140,C.034,I.126,D.051,K.143,H.092,B.022,B.015,A.006"
Rumah Komersil (Type 45-70),1364,1,Ekonomis,"F.066,A.011,A.001,E.059,C.026,B.013,E.055,K.137,D.037,G.077,G.082,I.121,H.101,D.052,C.032,D.042,K.148,E.056,I.109,F.072,H.089,D.049,H.095,D.053,I.118,A.012,B.014,B.017,B.020,K.143,A.002,G.084,A.006,C.029"
Masjid Raya (Kubah Besar),216,1,Standar,"K.144,H.102,G.086,A.009,C.031,C.026,K.136,E.055,H.099,D.036,H.103,D.047,D.052,I.110,B.016,B.024,A.010,A.008,E.057,E.058,F.071,G.073,I.117,K.142,I.125,D.049,F.068,B.023,G.074,A.012,B.020,C.034,A.002,G.084,G.085,D.050"
Jalan Lingkungan (Paving/Beton),1390,1,Standar,"D.043,A.004,D.046,D.045,A.001,B.016,A.005,C.032,C.027,B.022,C.030,B.023,D.042,B.015,D.039,A.007,A.006"
Renovasi Rumah (Minor),1410,1,Standar,"A.011,A.009,E.059,C.035,C.031,K.141,K.137,D.048,B.018,F.067,H.090,F.065,H.104,A.004,D.052,G.080,B.016,C.032,E.064,A.008,H.098,G.078,D.045,G.073,I.108,D.053,D.040,I.124,B.014,I.126,K.143,B.019,E.056,A.003"
Gedung Sekolah / Kelas,1143,1,Premium,"F.066,D.046,I.123,K.144,A.001,A.003,A.009,N.196,C.026,C.027,L.157,H.096,E.055,L.156,A.007,L.163,M.194,H.105,D.052,G.080,B.016,E.064,D.042,F.069,N.199,G.079,K.147,M.190,L.165,I.114,A.005,B.023,E.062,B.014,B.025,G.075,D.051,M.177,K.146,I.119,L.167,M.183,M.185,H.091,C.029,D.050"
Masjid Musholla (Lingkungan),852,1,Standar,"A.011,D.046,A.001,E.059,C.031,C.027,F.070,B.018,D.037,F.065,H.090,A.004,G.080,I.110,A.008,K.139,I.113,E.057,E.058,D.045,G.073,I.117,H.095,D.053,D.040,G.083,H.088,G.074,B.014,B.020,C.028,K.146,K.143,G.084,B.019,A.006,G.085"
Gedung Sekolah / Kelas,1330,1,Standar,"F.066,A.011,A.001,G.086,A.009,C.035,K.137,H.099,A.007,D.037,F.065,G.077,D.043,G.080,B.016,E.064,K.147,E.061,C.033,D.038,H.106,D.039,E.062,I.124,I.116,B.017,C.034,I.126,D.051,K.143,A.002,H.092,B.022,B.019"
Ruko Premium (3 Lantai+),900,1,Standar,"A.011,G.086,A.009,E.059,K.141,C.026,K.136,H.087,E.054,D.037,F.067,D.047,C.032,F.069,B.024,B.021,I.113,G.073,I.122,I.117,D.041,A.005,D.049,H.095,H.106,D.039,A.012,B.017,E.060,K.140,B.020,C.034,A.002,G.084"
Renovasi Rumah (Minor),842,1,Premium,"H.100,A.001,M.191,A.009,C.026,C.027,K.136,L.155,H.096,E.055,D.048,L.156,B.018,G.077,H.090,G.082,M.195,G.076,I.115,A.004,M.180,N.199,D.042,K.147,M.190,D.044,E.057,E.058,F.071,D.045,L.165,M.178,F.072,I.125,D.049,I.108,L.174,A.012,L.152,C.028,K.146,N.197,B.022,B.019,B.015,A.003"
Rumah Mewah (2 Lantai+),354,2,Standar,"F.066,A.011,M.182,M.188,E.059,N.196,C.026,B.013,D.048,H.099,L.160,M.189,D.037,L.151,M.194,H.105,N.199,B.016,E.064,D.042,B.021,A.008,H.098,L.176,K.148,I.113,E.057,G.078,K.138,F.071,M.192,L.165,C.033,D.038,B.023,G.083,G.074,K.145,A.012,I.127,L.154,C.028,A.002,I.120,A.006,D.050"
Ruko Premium (3 Lantai+),282,1,Premium,"F.066,M.187,H.102,I.123,A.001,M.182,M.191,M.188,E.059,K.141,N.196,K.136,L.161,H.087,A.007,H.103,M.195,L.163,L.150,B.016,L.169,D.042,A.010,E.063,L.164,G.073,C.033,D.038,D.041,A.005,D.049,F.068,C.030,D.053,B.025,B.020,C.028,I.126,K.143,A.002,I.119,G.084,N.197,B.015,E.056,G.085"
Gedung Kampus,371,1,Standar,"A.011,D.046,I.123,H.100,A.001,A.009,E.059,B.013,C.027,F.070,H.096,K.137,B.018,F.067,G.077,I.110,C.032,D.042,G.079,A.008,H.098,K.148,K.138,D.045,I.117,A.005,B.023,D.053,D.040,G.083,E.062,E.060,B.020,C.028"
Ruko Premium (3 Lantai+),1332,1,Premium,"K.144,H.102,A.001,G.086,M.188,C.035,B.013,C.027,M.189,B.018,F.067,M.195,A.004,N.198,H.105,M.179,D.052,L.172,B.016,C.032,D.042,E.064,A.010,E.063,N.199,A.008,L.149,G.078,D.045,M.180,F.068,L.174,I.111,B.023,D.039,L.173,H.097,L.170,K.145,I.127,E.060,G.075,K.146,I.119,A.006,D.050"
Cafe / Restoran (Interior),139,1,Standar,"A.011,D.046,A.009,C.031,B.013,H.096,K.137,D.048,B.018,A.007,E.054,F.067,I.121,G.076,I.115,E.063,G.079,K.147,A.008,D.044,I.114,F.072,D.041,D.049,H.106,H.097,A.012,B.025,B.020,C.034,C.028,G.075,K.146,E.056"
Gedung Sekolah / Kelas,1011,1,Ekonomis,"F.066,A.011,A.001,C.026,B.013,E.055,K.137,D.036,E.054,A.007,F.065,B.016,D.042,E.063,G.079,K.139,G.078,G.081,I.112,D.038,H.089,A.005,B.023,D.039,H.097,H.088,I.124,C.034,K.146,B.022,I.120,A.006,C.029,D.050"
Ruko Standar (2 Lantai),837,2,Premium,"A.011,D.046,K.144,A.001,M.191,E.059,C.035,C.026,B.013,K.137,M.189,L.160,A.007,E.054,F.067,F.065,G.082,H.103,G.076,N.198,M.180,D.052,N.199,C.032,L.169,L.159,E.063,H.094,L.164,M.192,I.112,I.122,M.178,I.117,D.038,A.005,D.049,B.023,G.083,B.014,L.158,D.051,K.143,H.092,B.015,A.003"
Masjid Musholla (Lingkungan),125,1,Premium,"A.001,M.191,A.009,C.035,K.141,B.013,C.027,K.136,F.070,L.161,D.048,M.189,L.160,B.018,E.054,D.037,G.082,M.184,H.107,N.198,G.080,D.042,L.159,A.010,A.008,H.098,L.176,D.044,I.113,G.078,E.058,L.164,D.045,F.072,A.005,I.108,N.196,C.030,H.106,G.074,E.062,K.145,B.014,I.127,G.084,M.183,B.015,M.181"
Masjid Raya (Kubah Besar),84,1,Premium,"F.066,A.011,L.166,G.086,L.171,C.035,H.093,N.196,L.168,B.018,E.054,G.077,H.103,M.195,H.104,M.184,I.115,A.004,A.008,E.061,K.139,K.148,D.044,M.181,E.058,L.165,M.178,C.033,D.038,F.072,I.109,A.005,D.049,C.030,D.053,I.118,D.040,G.083,B.017,B.020,L.154,K.146,A.002,N.197,B.022,M.185,G.081,G.085"
Jalan Lingkungan (Paving/Beton),635,1,Ekonomis,"B.014,A.011,A.004,A.001,B.020,C.028,C.033,D.038,B.016,D.049,D.042,A.010,D.048,B.023,A.008,D.039,C.029"
Rumah Mewah (2 Lantai+),1047,2,Ekonomis,"A.011,K.144,L.166,M.182,A.009,L.171,C.026,B.013,C.027,E.054,F.067,G.076,H.104,D.043,I.115,L.163,D.047,M.194,N.198,M.180,M.179,N.199,B.016,E.064,E.063,H.094,A.008,H.098,K.139,D.044,G.073,F.068,I.108,D.053,D.040,L.170,A.012,I.116,B.017,L.152,G.075,K.146,A.002,M.183,B.015,C.029"
Masjid Raya (Kubah Besar),368,1,Standar,"F.066,D.046,H.100,A.001,A.009,C.035,K.141,E.055,H.087,B.018,G.077,F.065,G.082,G.076,C.032,B.024,A.010,A.008,D.044,E.057,K.138,G.081,I.122,C.033,D.038,D.041,D.053,H.097,E.062,I.124,I.127,B.017,G.075,K.143,G.084,B.019,A.006"
Ruko Standar (2 Lantai),576,2,Standar,"A.001,A.003,G.086,C.026,C.027,D.036,F.067,G.077,G.076,H.104,I.115,A.004,H.107,D.047,I.110,K.147,A.008,E.057,K.142,F.072,D.041,C.030,H.095,D.053,K.145,B.014,I.127,B.017,E.060,A.002,B.019,B.015,E.056,D.050"
Gedung Kampus,1257,1,Ekonomis,"A.011,A.001,C.027,E.055,D.048,H.087,A.007,F.067,G.082,H.105,G.080,B.016,C.032,A.008,F.071,I.117,I.114,D.039,I.118,D.040,G.083,E.062,E.060,B.025,K.140,C.028,D.051,K.146,A.002,K.143,H.092,B.022,B.015,D.050"
Klinik Pratama,566,1,Standar,"H.102,G.086,A.009,C.026,K.136,H.096,A.007,H.104,A.004,C.032,F.069,A.010,B.021,E.061,E.057,E.058,G.081,D.045,G.073,I.114,I.125,D.041,D.049,F.068,D.039,D.040,K.145,B.017,B.025,K.140,C.028,B.015,I.120,A.006"
Klinik Pratama,1450,1,Standar,"A.011,K.144,G.086,A.009,H.096,K.137,B.018,D.036,E.054,A.007,D.037,F.065,G.082,I.121,D.043,C.032,B.021,E.058,G.081,D.045,I.122,I.117,K.142,D.049,F.068,C.030,B.023,H.088,E.062,C.028,A.002,B.019,H.091,A.006"
Masjid Musholla (Lingkungan),440,1,Standar,"H.102,A.003,A.009,A.007,E.054,D.036,F.067,H.090,G.076,A.004,H.107,D.052,G.080,C.032,B.024,A.010,G.079,K.147,D.044,E.058,I.112,G.073,I.114,K.142,C.033,I.125,D.049,F.068,G.074,E.060,B.020,K.143,G.084,B.022,B.015,C.029,D.050"
Ruko Premium (3 Lantai+),1059,1,Standar,"K.144,A.009,C.035,H.099,B.018,A.007,D.037,F.065,G.077,I.121,D.043,H.105,D.042,F.069,B.021,A.008,E.061,K.138,E.058,G.073,D.041,H.089,C.030,D.053,G.074,A.006,I.124,K.145,A.012,B.025,B.020,C.028,I.120,E.056"
Rumah Komersil (Type 45-70),321,1,Premium,"A.011,D.046,H.102,L.166,A.001,M.188,C.035,H.093,C.027,K.136,N.196,H.090,N.198,M.180,B.016,E.064,D.042,F.069,G.079,A.008,E.061,K.139,L.149,D.044,M.181,E.057,I.112,D.045,M.178,F.072,A.005,I.111,B.023,L.170,L.154,G.075,M.177,L.175,K.143,G.084,B.022,B.019,I.120,A.006,C.029,D.050"
Masjid Musholla (Lingkungan),1264,1,Standar,"F.066,D.046,I.123,K.144,A.001,G.086,C.035,C.031,H.093,F.070,G.076,B.016,C.032,E.064,B.024,A.010,E.061,H.098,E.057,G.073,D.038,A.005,D.049,D.053,D.040,H.097,G.074,K.140,B.025,K.146,A.002,I.119,G.084,B.015,I.120,A.006"
Masjid Raya (Kubah Besar),133,1,Standar,"E.059,C.035,C.031,H.093,K.141,D.048,A.007,H.103,H.090,F.065,G.082,D.043,A.004,D.047,B.024,A.010,B.021,K.148,E.057,E.058,G.078,F.071,I.112,I.114,D.041,I.111,D.039,G.083,B.014,C.028,G.075,K.146,A.002,G.084,B.022,A.003"
Rumah Mewah (2 Lantai+),205,2,Premium,"K.144,A.009,E.059,L.171,N.196,E.055,L.168,L.156,B.018,M.186,I.121,G.082,H.107,M.194,N.198,M.180,D.042,A.010,E.063,H.094,B.021,A.008,K.147,G.078,F.071,D.045,I.122,L.165,C.033,F.072,D.041,I.125,B.023,D.039,A.012,C.034,C.028,D.051,L.175,K.146,H.092,M.183,B.019,M.185,A.006,G.085"
Ruko Standar (2 Lantai),1222,2,Premium,"F.066,H.100,A.001,A.003,M.188,N.196,C.027,E.055,L.168,L.153,A.007,H.103,D.037,M.186,G.076,D.043,L.163,N.198,H.105,M.180,L.172,L.169,F.069,B.024,A.010,G.079,M.193,B.021,E.061,K.139,K.147,C.033,I.109,I.125,D.049,D.053,E.060,B.020,G.075,I.126,K.146,A.002,B.015,M.181,C.029,D.050"
Rumah Mewah (2 Lantai+),1114,2,Premium,"L.166,H.102,M.182,M.188,K.141,C.031,C.027,L.153,D.036,D.047,M.180,G.080,L.172,N.199,C.032,D.042,A.010,E.063,A.008,M.190,E.057,M.192,F.071,I.112,G.073,I.120,F.072,B.023,D.053,H.097,A.012,I.116,E.060,L.152,B.020,G.075,D.051,K.143,A.002,K.146,L.167,B.022,N.197,B.019,H.091,A.006"
Ruko Standar (2 Lantai),638,2,Standar,"H.099,D.036,D.043,A.004,H.094,B.021,A.008,E.061,D.044,F.071,I.122,I.117,D.038,F.072,C.030,H.095,D.040,E.062,K.145,A.012,B.014,E.060,K.140,B.020,C.034,C.028,G.075,I.126,K.143,A.002,G.084,B.019,A.006,G.085"
Rumah Komersil (Type 45-70),946,1,Premium,"A.011,A.001,M.182,M.188,E.059,C.035,C.027,E.055,B.018,A.007,G.076,H.104,L.150,D.047,M.194,N.198,G.080,L.172,B.016,A.010,B.021,H.098,K.139,M.190,D.044,F.071,I.122,C.033,F.072,D.041,I.125,D.049,H.095,L.152,E.060,L.158,B.020,D.051,K.146,A.002,I.119,G.084,K.143,N.197,M.183,L.157"
Rumah Subsidi (Type 21-36),1104,1,Premium,"F.066,K.144,L.166,A.001,A.009,N.196,B.013,C.027,L.157,E.055,M.189,A.007,G.077,L.150,D.047,M.194,H.105,I.110,F.069,B.024,E.063,M.190,G.078,K.138,D.045,G.073,K.142,L.174,C.030,H.106,D.039,D.053,L.173,E.062,A.012,B.014,I.127,M.177,A.002,H.092,B.022,N.197,M.185,I.120,C.029,D.050"
Jalan Lingkungan (Paving/Beton),649,1,Standar,"D.043,B.017,A.001,C.034,D.053,C.035,D.041,C.032,D.042,A.010,B.022,B.021,A.008,B.015,A.007,D.036,A.003"
Ruko Standar (2 Lantai),521,2,Premium,"A.011,G.086,A.009,E.059,K.141,G.077,D.043,I.115,L.150,M.194,N.198,H.105,M.180,D.052,L.169,D.042,F.069,A.010,G.079,B.021,K.147,I.113,E.057,E.058,F.071,D.045,L.165,M.178,C.033,C.030,L.173,D.053,H.088,I.124,A.012,B.014,K.140,B.020,M.177,H.092,B.022,N.197,M.183,L.157,C.029,A.003"
Masjid Raya (Kubah Besar),1425,1,Premium,"F.066,D.046,K.144,L.166,G.086,L.171,H.093,C.031,E.055,M.195,H.104,G.076,A.004,M.179,D.052,G.080,B.016,C.032,D.042,N.199,A.010,K.147,A.008,M.181,E.057,G.078,K.138,G.081,D.045,L.165,M.178,F.068,C.030,B.023,H.106,D.039,L.173,I.118,A.012,I.116,E.060,L.152,I.119,N.197,M.183,B.019,B.015,A.006"
Ruko Premium (3 Lantai+),254,1,Standar,"A.011,D.046,G.086,E.059,H.093,B.013,E.055,K.137,F.067,F.065,H.105,G.080,D.042,H.094,A.008,K.148,I.113,D.045,I.117,K.142,C.033,I.109,A.005,D.039,G.074,E.062,A.012,B.017,B.020,C.034,B.019,A.006,C.029,D.050"
Masjid Musholla (Lingkungan),435,1,Ekonomis,"A.011,I.123,A.001,G.086,A.009,E.059,C.035,D.048,B.018,D.036,F.067,H.090,H.103,H.107,D.042,E.063,K.147,E.057,G.081,F.071,D.045,G.073,I.122,K.142,B.023,G.083,G.074,A.012,B.017,C.028,D.051,I.126,K.143,G.084,B.022,A.006,C.029"
Gudang Konstruksi Baja,1111,1,Standar,"F.066,A.001,E.059,C.026,B.013,K.136,K.137,A.007,D.036,F.067,D.047,H.105,A.010,E.063,G.079,B.021,E.061,K.147,G.078,I.122,D.038,A.005,D.049,H.095,D.053,G.074,H.088,I.124,A.012,B.014,B.017,C.034,C.028,I.120"
Ruko Standar (2 Lantai),1230,2,Ekonomis,"F.066,A.011,A.001,A.003,A.009,C.035,H.096,D.048,G.076,B.016,F.069,K.148,E.057,E.058,K.138,I.117,I.114,D.038,I.109,A.005,B.023,H.106,D.039,G.083,E.062,B.014,K.140,B.025,C.034,G.075,D.051,H.091,C.029,D.050"
Klinik Pratama,340,1,Premium,"F.066,M.187,D.046,K.144,M.191,L.171,C.031,D.048,H.087,L.156,M.186,E.054,F.065,G.082,M.195,A.004,D.047,N.198,L.162,D.052,B.016,E.064,B.021,L.176,K.148,G.078,I.112,M.178,I.114,C.033,I.125,H.089,A.005,C.030,B.023,G.074,H.088,E.062,A.012,B.017,D.051,K.143,A.002,N.197,L.157,A.003"
Rumah Subsidi (Type 21-36),286,1,Standar,"A.001,A.003,G.086,A.009,E.059,C.035,C.031,B.013,F.070,B.018,H.104,A.004,H.105,D.052,B.024,G.079,E.061,K.148,E.057,I.114,K.142,D.038,C.033,F.072,I.125,D.053,I.116,B.020,D.051,K.146,A.002,H.097,G.085,D.050"
Masjid Raya (Kubah Besar),263,1,Ekonomis,"H.102,G.086,E.059,B.013,K.137,A.007,D.036,D.037,F.065,G.077,I.115,A.004,C.032,A.010,I.113,E.057,K.138,D.045,G.073,C.033,F.068,H.106,D.039,G.074,A.012,E.060,B.025,K.140,I.126,D.051,B.022,B.019,H.091,G.081,C.029,A.003"
Rumah Mewah (2 Lantai+),989,2,Ekonomis,"D.046,I.123,M.182,M.188,E.059,L.171,C.035,C.031,H.093,L.155,F.070,D.048,E.054,D.037,F.067,H.104,A.004,N.198,G.080,I.110,L.169,B.024,A.010,E.063,G.079,A.008,K.139,L.149,M.181,D.044,G.078,K.138,M.178,K.142,C.033,D.041,B.023,L.173,B.025,B.020,A.002,I.119,N.197,M.185,H.097,A.003"
Klinik Pratama,851,1,Standar,"F.066,A.011,I.123,E.059,C.035,C.026,C.027,K.137,H.099,F.065,D.043,A.004,I.115,H.105,H.101,G.080,B.016,D.042,B.024,G.079,A.008,D.044,E.057,K.138,I.112,K.142,D.040,G.083,D.051,A.002,B.022,B.019,E.056,A.003"
Rumah Komersil (Type 45-70),967,1,Ekonomis,"F.066,I.123,A.001,G.086,A.009,E.059,C.035,C.031,B.013,H.093,K.137,F.065,H.107,D.052,G.080,B.016,E.064,D.042,H.094,I.112,D.045,G.073,I.109,D.049,E.062,K.145,A.012,B.017,K.140,C.028,D.051,A.002,B.019,A.006"
Rumah Komersil (Type 45-70),1158,1,Premium,"D.046,M.182,C.035,C.026,K.136,N.196,H.087,A.007,G.077,F.065,I.121,M.184,A.004,L.150,H.107,D.047,D.052,B.016,B.024,A.010,E.063,G.079,L.176,D.044,K.138,E.058,L.164,F.071,M.192,M.178,D.041,A.005,I.111,H.106,L.173,G.074,E.062,A.012,L.152,C.028,K.143,N.197,B.019,B.015,M.185,I.120"
Jalan Lingkungan (Paving/Beton),725,1,Standar,"A.011,B.017,B.025,C.028,A.009,C.026,A.002,B.016,D.049,A.010,C.030,B.015,D.053,A.007,D.040,D.044,D.039"
Rumah Subsidi (Type 21-36),630,1,Ekonomis,"A.011,I.123,H.100,A.009,C.031,D.048,H.099,D.036,F.067,G.076,H.107,C.032,D.042,A.010,E.063,B.021,K.147,K.148,D.044,G.078,E.058,I.122,F.068,I.108,C.030,B.023,D.053,G.074,K.145,B.017,A.002,B.019,E.056,A.003"
Rumah Komersil (Type 45-70),966,1,Premium,"D.046,H.102,A.001,G.086,E.059,M.188,N.196,B.013,F.070,K.137,L.153,M.189,A.007,M.186,I.115,A.004,L.163,L.150,N.198,D.052,B.016,C.032,F.069,B.024,H.094,G.079,M.193,B.021,K.139,E.057,D.045,L.165,M.178,I.114,D.049,C.030,H.106,D.053,A.012,I.116,L.158,C.028,K.143,E.056,G.085,A.003"
Masjid Musholla (Lingkungan),805,1,Premium,"M.182,A.009,C.027,H.099,M.189,M.186,F.065,D.043,A.004,N.198,H.105,D.052,N.199,E.064,D.042,B.024,H.094,G.079,B.021,A.008,L.149,L.176,K.148,G.078,E.058,M.192,D.045,G.073,K.142,C.033,D.038,A.005,F.068,L.174,I.118,G.074,L.152,I.116,E.060,K.140,C.034,L.167,B.022,M.183,B.015,I.120,G.081,A.003"
Klinik Pratama,338,1,Standar,"H.102,A.003,E.059,K.141,C.026,C.027,F.070,H.096,A.007,E.054,G.077,F.065,G.082,A.004,I.110,A.010,H.094,K.139,K.148,D.044,I.113,D.045,C.033,A.005,D.039,D.053,B.017,E.060,B.020,B.019,B.015,I.120,G.085,D.050"
Rumah Mewah (2 Lantai+),561,2,Premium,"D.046,M.191,A.009,L.171,H.093,C.027,E.055,K.137,M.189,H.087,L.160,B.018,L.151,G.082,A.004,N.198,B.016,C.032,F.069,B.024,A.010,K.147,D.044,E.057,E.058,G.078,F.071,D.045,L.165,M.178,I.109,A.005,D.049,L.174,C.030,H.095,D.040,K.145,I.127,M.177,A.002,I.119,N.197,B.015,M.185,G.081"
Pos Keamanan (Pos Satpam),833,1,Standar,"K.144,A.001,A.009,C.035,B.013,C.027,F.070,D.036,D.037,H.104,H.101,H.105,G.080,E.064,B.024,A.010,K.138,E.058,G.081,F.071,I.112,G.073,K.142,D.041,D.049,I.111,C.030,D.039,E.062,B.014,A.002,B.022,I.120,A.006"
Masjid Musholla (Lingkungan),612,1,Premium,"A.011,L.166,G.086,C.026,C.027,H.096,K.137,D.048,M.189,L.160,F.067,H.090,F.065,G.082,G.077,G.076,M.194,M.180,D.052,N.199,E.064,D.042,L.159,M.193,A.008,E.061,K.148,I.113,E.058,M.178,D.038,D.041,A.005,I.108,L.170,I.127,B.020,C.034,G.075,K.143,A.002,L.167,B.022,N.197,B.019,B.015,H.091,A.006"
Gedung Sekolah / Kelas,1071,1,Premium,"A.011,A.001,C.027,H.087,L.160,M.186,F.067,D.037,A.004,H.107,M.194,N.198,H.101,M.180,D.052,G.080,N.199,L.169,L.159,B.021,E.061,K.147,L.176,M.190,I.113,G.078,E.058,M.192,I.122,C.033,D.038,F.072,D.041,I.111,D.039,G.083,A.006,A.012,B.017,K.140,C.034,L.175,K.143,B.019,B.015,E.056"
Gedung Sekolah / Kelas,221,1,Standar,"A.011,D.046,I.123,H.100,A.001,K.144,G.086,A.009,C.026,B.013,C.027,C.031,F.070,K.137,E.054,I.121,G.082,A.004,D.042,E.063,H.098,K.138,F.071,D.045,I.117,D.041,B.023,H.088,E.062,A.012,B.017,D.051,G.084,B.022"
Gedung Kampus,1078,1,Premium,"L.166,M.191,M.182,M.188,C.035,C.026,K.136,N.196,E.055,K.137,A.007,F.067,D.037,H.103,G.076,A.004,D.047,M.180,L.172,D.042,A.010,E.063,H.098,K.138,L.164,I.122,I.117,F.068,B.023,H.106,D.039,D.040,G.074,L.170,A.006,I.124,B.017,C.028,M.177,L.175,G.084,N.197,B.019,B.015,E.056,A.003"
Rumah Mewah (2 Lantai+),785,2,Ekonomis,"M.191,G.086,L.171,N.196,L.155,B.013,E.055,M.189,B.018,A.007,H.103,I.121,H.107,N.198,H.101,G.080,B.016,C.032,D.042,F.069,E.063,K.147,A.008,K.139,M.190,D.044,G.078,L.165,M.178,C.033,D.038,F.072,I.109,A.005,D.049,I.108,L.174,A.012,B.017,E.060,C.034,L.154,M.177,D.051,K.146,A.003"
Klinik Pratama,117,1,Premium,"F.066,A.011,D.046,M.187,M.182,A.009,C.035,N.196,E.055,K.137,L.153,M.195,G.076,L.163,A.004,N.198,H.105,M.180,D.042,F.069,A.010,E.063,L.159,L.176,K.148,D.044,E.057,G.078,L.164,D.045,I.122,I.114,C.033,D.039,I.118,G.074,K.145,B.014,B.025,B.020,H.092,B.022,M.183,H.091,C.029,A.003"
Gedung Sekolah / Kelas,942,1,Standar,"A.011,K.144,A.009,H.093,K.136,F.070,K.137,G.077,F.065,D.052,E.064,A.008,D.044,G.073,I.122,A.005,B.023,D.039,I.118,D.040,H.088,E.062,A.012,B.014,E.060,B.025,C.034,C.028,H.092,B.015,I.120,G.081,C.029,D.050"
Rumah Komersil (Type 45-70),428,1,Standar,"A.001,C.035,C.026,B.013,C.027,H.099,G.077,D.043,A.004,I.115,H.101,B.016,E.064,F.069,A.008,E.061,K.138,F.071,G.073,D.038,D.041,B.023,D.040,I.124,K.145,A.012,I.116,E.060,K.140,A.002,B.015,H.091,G.081,D.050"
Gudang Konstruksi Baja,822,1,Standar,"C.035,B.013,D.037,H.104,A.004,H.107,I.110,B.016,C.032,A.010,E.063,G.079,K.148,E.058,D.045,D.038,F.072,I.125,A.005,D.049,F.068,D.040,G.083,G.074,E.062,B.025,C.028,I.126,K.146,A.002,K.143,B.015,H.097,A.003"
Gedung Kampus,262,1,Ekonomis,"A.001,A.003,C.035,K.141,B.013,K.136,H.087,B.018,A.007,G.076,D.043,I.115,H.107,D.047,C.032,E.064,A.010,G.079,K.138,E.058,F.071,D.038,D.049,F.068,C.030,H.095,E.062,B.025,I.119,B.022,I.120,A.006,G.085,D.050"
Renovasi Rumah (Minor),605,1,Ekonomis,"F.066,D.046,I.123,A.001,A.009,K.141,H.099,A.007,E.054,F.067,H.090,G.076,H.104,A.004,C.032,E.063,A.008,E.061,D.044,G.078,I.114,C.033,D.041,D.039,D.040,I.124,K.145,B.014,B.017,K.140,B.022,B.019,G.085,C.029"
Rumah Mewah (2 Lantai+),154,2,Premium,"M.187,A.011,A.001,M.191,C.035,K.141,N.196,H.096,H.087,B.018,M.186,G.077,G.076,D.043,M.194,N.198,M.179,D.052,I.110,B.016,C.032,B.024,A.008,E.061,H.098,K.148,G.081,F.071,I.122,I.117,D.038,F.068,L.174,C.030,D.053,L.170,E.062,B.014,E.060,K.140,L.158,L.154,D.051,A.002,L.167,A.006"
Ruko Standar (2 Lantai),1403,2,Standar,"A.001,G.086,D.048,G.077,I.121,D.047,H.105,H.101,D.052,I.110,C.032,B.024,A.008,K.148,E.057,F.071,F.072,D.049,H.097,E.062,A.012,B.014,E.060,B.025,K.140,C.034,K.143,A.002,G.084,B.015,I.120,A.006,C.029,D.050"
Ruko Premium (3 Lantai+),514,1,Ekonomis,"D.046,H.102,A.001,G.086,A.009,C.027,K.136,E.054,D.037,F.067,G.077,I.121,H.105,B.016,D.042,A.010,E.063,H.094,D.045,I.117,E.056,F.068,B.023,G.083,K.145,B.017,C.028,D.051,K.143,I.119,B.019,A.006,C.029,A.003"
Renovasi Rumah (Minor),686,1,Premium,"A.011,H.100,M.182,H.093,K.141,B.013,N.196,M.186,E.054,F.065,D.043,A.004,G.080,I.110,C.032,L.169,L.159,M.193,L.176,M.190,D.044,I.113,K.138,E.058,L.165,K.142,D.038,F.072,D.041,H.089,A.005,I.118,D.040,G.074,A.012,B.014,B.017,E.060,L.152,C.028,G.075,N.197,B.019,M.185,C.029,A.003"
Pos Keamanan (Pos Satpam),229,1,Ekonomis,"C.026,C.027,F.070,H.096,H.087,I.121,G.076,D.043,D.042,A.010,E.063,G.079,K.147,A.008,K.148,E.058,D.038,I.109,H.089,F.068,B.023,I.118,D.040,G.074,A.006,A.012,B.017,B.025,C.028,D.051,K.146,B.015,E.056,A.003"
Cafe / Restoran (Interior),500,1,Standar,"F.066,A.011,G.086,A.009,B.013,A.007,F.065,H.104,A.004,D.052,G.080,C.032,B.024,A.010,G.079,B.021,K.147,E.057,I.114,I.109,D.041,H.089,D.049,H.106,D.039,D.053,E.062,I.124,E.060,B.025,K.140,C.028,K.143,C.029"
Masjid Musholla (Lingkungan),1431,1,Ekonomis,"A.011,D.046,G.086,A.009,C.035,B.013,K.136,A.007,D.036,E.054,G.082,A.004,D.052,B.016,C.032,H.098,D.044,I.113,K.138,G.078,I.122,F.072,A.005,D.049,F.068,H.106,G.074,H.088,E.062,K.145,E.060,B.020,B.015,I.120,G.081,C.029"
Gedung Kampus,343,1,Standar,"F.066,H.100,A.009,C.031,C.027,K.136,G.077,I.121,H.104,G.080,B.016,E.064,D.042,K.139,D.044,E.058,F.071,I.122,C.033,I.109,H.089,A.005,B.023,D.039,D.053,G.074,E.062,K.145,A.012,B.025,B.020,D.051,A.002,A.006"
Ruko Premium (3 Lantai+),718,1,Ekonomis,"K.144,A.003,C.026,H.096,E.055,B.018,A.007,E.054,F.067,G.082,D.043,H.107,H.101,C.032,D.042,B.024,A.010,K.139,G.078,E.058,K.138,D.038,F.072,D.049,I.108,G.083,A.012,I.116,B.020,C.034,B.019,I.120,A.006,D.050"
Rumah Mewah (2 Lantai+),252,2,Ekonomis,"A.011,I.123,A.001,K.141,C.026,E.055,M.189,A.007,G.077,H.104,A.004,L.150,D.047,M.194,N.198,H.101,L.162,G.080,F.069,A.008,E.061,L.176,M.181,D.044,I.113,G.078,M.192,C.033,F.072,H.089,D.049,B.023,D.053,D.040,L.170,I.124,K.145,B.017,B.025,K.140,L.154,C.028,M.177,N.197,B.015,E.056"
Klinik Pratama,94,1,Ekonomis,"C.031,B.013,C.026,H.103,H.090,D.043,A.004,B.016,F.069,E.063,B.021,A.008,K.147,K.138,I.114,E.056,F.072,A.005,D.049,I.111,B.023,H.106,D.039,D.053,D.040,E.062,K.140,C.028,G.075,I.126,A.002,G.084,A.006,G.085"
Cafe / Restoran (Interior),570,1,Ekonomis,"F.066,A.011,K.144,C.035,C.026,D.048,B.018,F.067,D.037,A.004,D.047,H.101,E.063,E.061,H.098,K.148,K.138,E.058,I.125,D.049,C.030,G.083,G.074,H.088,A.012,B.014,I.127,B.020,G.075,D.051,A.002,I.119,B.022,A.006"
Pos Keamanan (Pos Satpam),1282,1,Standar,"D.046,H.102,H.100,A.001,K.144,A.003,C.026,C.027,K.136,E.055,E.054,F.067,I.121,D.043,H.105,D.042,A.010,E.063,B.021,A.008,G.078,K.138,G.073,D.041,F.068,I.118,B.025,C.028,A.002,B.022,B.015,I.120,G.081,D.050"
Rumah Subsidi (Type 21-36),1418,1,Standar,"F.066,A.011,D.046,K.144,H.100,G.086,A.009,E.059,C.027,B.018,D.036,G.076,D.043,H.107,F.069,B.024,H.094,B.021,A.008,I.117,K.142,I.109,A.005,D.049,K.145,B.014,E.060,C.028,G.075,I.126,A.002,E.056,C.029,D.050"
Pos Keamanan (Pos Satpam),72,1,Ekonomis,"F.066,D.046,I.123,A.001,C.031,C.026,C.027,E.055,H.087,B.018,E.054,I.121,F.065,G.082,D.043,I.115,D.047,E.064,A.010,A.008,G.078,G.081,A.005,D.049,H.095,B.023,D.053,H.088,K.145,B.017,K.143,K.146,B.015,A.006"
Gudang Konstruksi Baja,352,1,Standar,"A.009,C.035,F.070,H.099,H.103,D.037,A.004,H.101,D.052,I.110,B.024,G.079,E.061,G.078,G.081,F.071,D.045,K.142,C.033,D.038,E.062,A.006,I.116,K.140,B.025,C.028,D.051,I.126,K.146,A.002,B.019,B.015,E.056,A.003"
Ruko Standar (2 Lantai),664,2,Premium,"F.066,A.011,A.001,M.191,B.013,H.103,D.037,G.077,G.082,I.121,L.163,D.047,M.194,N.198,L.162,C.032,E.064,A.010,K.147,A.008,H.098,D.044,E.057,F.071,D.045,L.165,I.114,K.142,C.033,D.053,H.097,G.074,B.014,C.034,L.154,M.177,K.146,A.002,I.119,N.197,M.183,B.019,B.015,M.185,L.157,E.056"
Rumah Subsidi (Type 21-36),1331,1,Standar,"A.009,C.031,C.026,F.070,K.137,A.007,A.004,D.047,H.105,C.032,E.064,B.024,A.010,G.079,B.021,A.008,K.139,E.058,I.112,I.122,F.072,D.041,D.049,H.095,D.039,G.074,E.062,K.140,I.126,D.051,B.019,B.015,H.091,G.085"
Gedung Kampus,183,1,Premium,"A.011,H.102,I.123,A.001,M.191,E.059,C.035,B.013,K.136,E.055,K.137,H.099,L.168,L.153,L.160,A.007,F.067,M.189,M.195,H.104,I.115,M.194,N.198,N.199,F.069,L.159,E.063,G.079,D.044,K.138,L.164,G.073,C.033,D.041,B.023,D.039,D.053,D.040,A.012,B.025,C.028,I.126,G.084,B.015,M.185,A.006"
Rumah Komersil (Type 45-70),952,1,Premium,"F.066,M.187,M.191,A.009,C.026,C.027,E.055,E.054,D.037,F.065,M.195,D.043,A.004,I.115,H.107,L.163,M.180,G.080,N.199,L.159,A.010,G.079,H.094,B.021,K.147,G.078,E.058,D.038,D.041,H.095,B.023,L.173,D.053,I.118,K.145,I.127,B.020,C.034,L.154,M.177,K.146,A.002,N.197,B.019,L.157,A.006"
Pos Keamanan (Pos Satpam),959,1,Standar,"F.066,A.011,K.144,A.001,B.013,E.055,D.048,H.087,A.007,E.054,F.067,D.043,H.107,B.021,A.008,K.147,G.078,I.112,G.073,I.122,K.142,C.033,H.089,D.049,D.040,B.014,C.034,C.028,G.075,A.002,B.022,I.120,E.056,D.050"
Rumah Mewah (2 Lantai+),1205,2,Premium,"A.011,A.001,N.196,L.155,K.136,L.168,H.099,M.189,L.156,F.067,G.077,M.195,G.076,M.184,D.043,M.194,A.010,K.147,A.008,H.098,K.139,E.057,D.045,C.033,D.038,F.072,H.089,A.005,D.049,L.174,B.023,D.039,I.118,E.062,B.014,I.116,B.017,E.060,C.034,L.154,I.119,G.084,N.197,B.015,M.185,C.029"
Klinik Pratama,453,1,Ekonomis,"A.001,A.009,E.059,K.141,K.136,E.055,H.099,B.018,D.037,A.004,C.032,D.042,F.069,H.094,G.079,A.008,D.044,I.113,E.057,F.072,D.041,A.005,G.083,I.124,K.145,B.014,B.025,C.034,I.119,B.022,H.097,G.085,C.029,D.050"
Gedung Sekolah / Kelas,229,1,Premium,"F.066,M.187,K.144,I.123,A.009,N.196,C.031,L.168,D.036,G.077,H.107,L.172,B.016,E.064,D.042,F.069,L.159,G.079,L.169,M.193,K.139,D.044,M.192,M.178,D.041,H.089,I.108,H.097,L.170,A.006,I.124,K.145,A.012,B.014,E.060,B.020,C.028,D.051,M.177,A.002,G.084,N.197,B.015,E.056,C.029,A.003"
Rumah Subsidi (Type 21-36),1262,1,Premium,"F.066,D.046,G.086,A.009,C.035,C.027,H.096,E.055,H.099,M.189,B.018,A.007,M.186,M.184,D.043,A.004,L.163,D.052,N.199,L.169,A.010,B.021,K.139,K.148,D.044,I.113,M.181,E.058,L.165,I.117,D.041,F.068,H.095,L.173,G.074,A.012,B.014,E.060,B.025,K.140,L.167,N.197,M.183,I.120,G.081,C.029"
Masjid Raya (Kubah Besar),747,1,Premium,"M.187,M.188,E.059,C.035,L.155,N.196,L.168,A.007,F.067,D.037,G.076,H.104,D.043,A.004,I.115,H.107,N.198,H.105,M.180,B.016,B.024,A.010,E.063,L.159,M.193,K.139,D.044,E.057,G.078,G.073,I.114,D.041,F.068,C.030,D.039,G.083,A.012,B.014,I.127,B.020,C.034,G.075,M.177,K.146,K.143,G.084,L.167,L.157,A.003"
Ruko Premium (3 Lantai+),373,1,Ekonomis,"A.009,H.093,C.026,C.031,K.136,D.048,H.087,B.018,A.007,H.090,D.047,B.016,E.064,F.069,A.010,G.079,A.008,D.044,D.045,G.073,I.114,K.142,F.068,B.023,D.040,E.062,I.127,E.060,I.116,K.143,A.002,G.084,B.022,C.029"
Masjid Musholla (Lingkungan),386,1,Standar,"A.011,K.144,A.001,C.035,C.031,F.070,E.055,D.048,H.099,A.007,D.037,G.077,G.080,B.024,H.094,G.079,B.021,A.008,E.061,K.139,K.148,I.113,G.078,F.071,I.125,D.041,H.095,I.118,D.040,G.083,G.074,E.062,B.014,C.028,A.002,B.022,D.050"
Ruko Premium (3 Lantai+),602,1,Ekonomis,"F.066,D.046,K.144,A.003,C.031,C.027,F.070,H.096,D.048,B.018,H.103,G.076,D.047,H.101,C.032,A.008,E.057,G.078,D.045,G.073,I.114,I.125,A.005,I.108,E.062,A.012,B.014,E.060,K.140,B.020,K.146,A.002,B.019,D.050"
Gudang Konstruksi Baja,438,1,Ekonomis,"A.011,K.144,A.001,A.003,A.009,C.026,D.048,H.099,F.067,F.065,G.082,I.115,B.024,B.021,E.061,K.148,I.117,I.114,A.005,C.030,B.023,D.039,D.053,H.097,G.074,E.062,K.145,C.034,D.051,G.084,B.022,H.091,E.056,D.050"
Gedung Sekolah / Kelas,508,1,Premium,"K.144,H.102,H.100,N.196,C.031,B.013,C.027,E.055,L.153,L.168,L.161,L.151,G.082,A.004,M.194,H.105,M.179,D.052,E.064,D.042,F.069,A.010,G.079,B.021,A.008,M.190,D.044,M.181,K.138,E.058,I.109,A.005,D.049,F.068,B.023,D.040,I.124,K.140,C.034,L.154,I.119,G.084,N.197,M.183,B.019,A.006"
Gedung Sekolah / Kelas,654,1,Ekonomis,"A.011,K.144,A.001,A.009,B.013,C.027,F.070,E.055,K.137,H.103,G.077,I.115,A.004,D.047,H.105,B.021,H.098,D.044,E.057,G.078,D.045,G.073,C.033,F.072,D.049,I.108,C.030,D.053,A.012,B.017,K.140,I.119,B.022,E.056"
Jalan Lingkungan (Paving/Beton),332,1,Standar,"D.043,A.011,D.046,D.051,C.033,C.031,A.002,A.005,B.013,D.042,B.022,B.023,B.015,A.007,A.006,D.037,C.029"
Ruko Premium (3 Lantai+),576,1,Premium,"F.066,H.100,A.001,G.086,A.009,K.141,N.196,B.013,C.027,L.161,L.168,M.189,B.018,M.186,E.054,H.090,F.065,G.076,D.043,D.047,D.042,M.193,H.098,L.149,I.113,M.192,D.045,I.122,E.056,C.033,D.041,A.005,I.111,K.145,A.012,B.014,E.060,B.020,L.154,C.028,K.146,L.167,N.197,M.183,A.006,G.085"
Gedung Kampus,853,1,Ekonomis,"A.011,I.123,A.001,H.093,C.026,K.137,D.048,B.018,D.036,H.103,D.037,G.076,A.004,H.101,E.064,F.069,A.010,B.021,E.061,E.057,G.078,K.138,I.112,F.072,D.041,D.049,B.023,G.083,I.127,B.025,C.028,K.146,C.029,A.003"
Rumah Mewah (2 Lantai+),274,2,Premium,"K.144,L.166,A.001,M.191,M.188,E.059,H.093,C.026,B.013,N.196,F.070,L.161,M.189,A.007,I.121,D.043,D.047,N.198,M.180,B.016,C.032,F.069,A.010,E.063,L.176,M.181,D.044,I.113,L.164,G.081,D.045,I.117,H.089,A.005,G.083,K.145,E.060,K.140,G.075,L.175,H.092,B.019,B.015,A.006,C.029,D.050"
Klinik Pratama,149,1,Standar,"H.102,H.093,K.141,C.027,K.137,D.036,G.077,B.016,D.042,F.069,A.010,E.063,A.008,E.057,G.081,F.071,D.045,I.114,C.033,D.038,I.108,H.095,D.053,E.062,K.145,B.025,C.028,A.002,B.022,B.015,I.120,A.006,G.085,A.003"
Renovasi Rumah (Minor),179,1,Ekonomis,"F.066,A.011,K.144,A.009,H.093,C.031,B.013,K.141,F.070,E.055,D.036,H.103,G.082,I.115,D.052,G.080,E.064,K.147,G.078,I.122,C.033,A.005,C.030,B.023,D.039,D.053,H.088,B.014,B.017,I.126,D.051,A.002,E.056,A.003"
Rumah Subsidi (Type 21-36),1356,1,Ekonomis,"F.066,A.011,A.001,A.009,C.026,C.027,K.137,G.077,F.065,H.090,D.043,H.105,D.042,A.010,E.061,D.044,I.113,G.078,E.058,I.117,K.142,D.049,G.083,H.097,B.014,B.017,E.060,B.020,C.028,D.051,K.143,B.022,I.120,A.006"
Rumah Komersil (Type 45-70),128,1,Premium,"I.123,A.001,M.191,M.182,G.086,E.059,L.161,F.067,D.037,I.121,G.082,M.195,H.104,A.004,H.101,M.180,N.199,B.021,E.061,L.176,G.078,K.138,M.178,I.117,C.033,F.072,D.041,A.005,D.049,C.030,B.023,D.039,K.145,B.017,E.060,L.158,C.034,D.051,L.175,K.146,A.002,L.167,N.197,B.015,H.091,A.006"
Rumah Komersil (Type 45-70),542,1,Premium,"A.011,I.123,H.100,M.191,G.086,A.009,L.171,K.141,C.031,C.026,L.155,E.055,M.189,A.007,D.037,F.065,H.090,M.195,D.043,I.115,D.047,N.198,L.162,N.199,E.064,F.069,A.010,G.079,L.149,K.148,M.181,E.058,L.174,C.030,B.023,H.095,D.039,D.040,B.014,B.017,K.143,I.119,G.084,B.022,M.183,A.006"
Ruko Standar (2 Lantai),274,2,Ekonomis,"A.011,A.001,C.026,C.027,K.137,D.048,D.036,F.067,G.077,G.076,H.107,D.047,B.016,C.032,F.069,A.008,D.044,I.113,K.138,E.058,G.081,D.045,E.056,I.109,H.088,I.124,K.145,A.012,E.060,B.020,H.092,B.022,B.015,A.006"
Gedung Kampus,808,1,Standar,"A.011,A.001,A.009,E.059,C.035,C.031,K.141,K.137,H.099,H.087,A.007,D.037,G.082,G.076,D.047,H.105,C.032,B.024,A.008,K.138,E.058,F.071,F.072,D.041,I.111,B.023,D.039,I.124,B.025,I.126,D.051,G.084,B.019,E.056"
Rumah Komersil (Type 45-70),1151,1,Premium,"M.187,G.086,A.009,C.035,N.196,K.136,E.055,B.018,G.077,F.065,I.121,H.104,N.198,H.101,D.052,G.080,L.172,F.069,A.010,E.063,B.021,L.176,M.190,K.138,E.058,L.164,M.192,L.165,C.033,D.041,A.005,D.049,D.053,D.040,I.124,I.116,B.017,B.020,L.154,C.028,M.177,K.146,A.002,H.091,M.181,A.003"
Rumah Mewah (2 Lantai+),478,2,Ekonomis,"A.001,G.086,A.009,M.188,K.141,C.031,H.096,L.161,D.037,I.121,M.195,M.184,A.004,D.047,H.101,M.180,N.199,F.069,G.079,K.147,E.061,L.176,E.057,L.164,F.071,I.112,B.023,D.053,D.040,A.012,I.116,B.017,K.140,L.158,C.034,G.075,D.051,L.175,H.092,B.022,N.197,B.015,M.185,E.056,C.029,A.003"
Masjid Raya (Kubah Besar),1275,1,Premium,"M.187,A.001,G.086,N.196,C.031,B.013,C.026,D.048,E.054,I.121,G.082,M.184,A.004,H.107,D.047,M.194,N.198,L.162,B.016,E.064,M.193,B.021,K.147,L.176,D.044,I.113,L.164,F.071,G.073,K.142,C.033,D.041,H.089,A.005,F.068,B.023,I.118,D.040,H.088,E.060,L.158,L.154,K.146,A.002,M.185,G.081,G.085,A.003"
Klinik Pratama,662,1,Standar,"F.066,A.011,I.123,H.100,C.035,H.096,D.048,D.036,H.103,F.065,D.052,C.032,E.064,B.024,E.063,G.079,B.021,A.008,G.078,I.112,G.073,K.142,D.041,A.005,D.053,A.012,E.060,C.034,K.143,I.119,K.146,B.019,B.015,A.006"
Ruko Standar (2 Lantai),490,2,Ekonomis,"G.086,C.035,C.027,E.055,D.048,H.099,B.018,E.054,H.090,G.082,A.004,H.105,D.042,B.024,A.010,K.139,D.044,E.057,F.072,A.005,F.068,I.111,D.039,D.040,G.083,K.145,I.127,B.017,C.034,K.146,I.119,B.015,A.006,A.003"
Rumah Mewah (2 Lantai+),1287,2,Ekonomis,"M.187,H.102,A.001,G.086,L.155,B.013,C.027,L.168,A.007,D.037,G.082,A.004,N.198,I.110,N.199,C.032,F.069,B.024,A.008,E.061,L.149,E.057,D.045,L.165,K.142,C.033,I.125,D.041,F.068,B.023,D.040,G.074,H.088,K.145,I.127,E.060,M.177,L.175,K.146,A.002,H.092,B.022,M.183,M.185,M.181,D.050"
Gudang Konstruksi Baja,1460,1,Ekonomis,"H.093,D.048,B.018,A.007,H.103,I.121,D.043,A.004,I.115,D.047,H.101,B.016,A.010,E.063,G.079,E.061,K.148,E.057,K.138,F.071,K.142,F.072,I.111,D.039,D.040,G.083,C.034,C.028,A.002,G.084,B.019,B.015,A.006,C.029"
Gedung Kampus,1070,1,Ekonomis,"A.011,H.100,A.001,G.086,C.031,B.013,F.070,E.055,D.048,K.137,B.018,A.007,G.076,H.107,D.052,E.064,B.024,A.010,G.079,K.139,K.148,F.071,I.112,I.122,D.038,H.095,B.014,C.028,D.051,A.002,I.119,E.056,C.029,D.050"
Ruko Standar (2 Lantai),191,2,Ekonomis,"A.011,K.144,A.001,G.086,E.059,B.013,K.136,H.103,F.065,G.076,H.104,D.043,A.004,H.107,D.047,B.016,C.032,A.010,I.113,E.057,G.081,F.071,D.045,D.049,I.108,C.030,B.014,B.017,C.028,K.143,A.002,I.120,E.056,D.050"
Gedung Kampus,1414,1,Standar,"K.144,A.001,G.086,C.031,H.087,B.018,D.036,D.037,F.065,H.090,A.004,B.016,E.064,A.010,G.079,K.147,I.113,K.138,D.038,I.109,F.072,H.106,D.053,D.040,A.012,E.060,B.020,C.034,C.028,A.002,G.084,B.022,I.120,E.056"
Renovasi Rumah (Minor),541,1,Standar,"A.011,K.141,C.026,B.013,E.055,D.048,K.137,B.018,D.036,F.065,C.032,D.042,E.064,A.008,H.098,G.078,E.058,G.073,I.117,D.038,A.005,F.068,I.111,H.095,H.106,D.040,I.127,K.143,B.022,B.019,A.006,G.085,C.029,A.003"
Ruko Premium (3 Lantai+),1180,1,Standar,"A.011,H.102,I.123,E.059,C.035,B.013,C.027,K.136,D.048,H.099,A.007,E.054,D.037,F.067,F.065,D.043,A.004,B.016,D.042,B.024,A.008,E.057,D.045,I.114,K.142,I.118,G.074,K.145,A.012,B.020,C.034,G.075,H.091,G.081"
Gudang Konstruksi Baja,272,1,Ekonomis,"A.011,G.086,A.009,C.026,K.136,H.096,K.137,E.054,D.037,H.090,I.121,A.004,D.052,G.080,G.079,E.058,F.071,C.033,I.125,A.005,F.068,I.111,B.023,H.106,D.053,D.040,A.006,K.145,B.014,B.020,C.028,B.019,E.056,D.050"
Ruko Standar (2 Lantai),389,2,Standar,"F.066,D.046,A.001,C.035,B.013,E.054,H.103,A.004,D.047,H.105,D.042,B.024,G.079,K.148,K.138,D.045,I.122,F.072,A.005,C.030,B.023,D.039,G.083,E.062,A.012,I.127,I.116,C.028,K.143,H.092,B.022,E.056,G.085,A.003"
Gedung Kampus,98,1,Premium,"F.066,A.011,H.100,M.191,M.188,C.035,K.141,L.168,I.121,G.076,A.004,H.107,D.047,N.198,M.180,N.199,C.032,A.010,H.094,B.021,E.061,K.147,L.149,K.148,M.181,M.190,L.164,E.058,I.112,D.045,A.005,F.068,L.173,D.053,I.118,D.040,E.062,B.014,C.034,A.002,B.019,B.015,L.157,G.081,G.085,D.050"
Cafe / Restoran (Interior),1305,1,Standar,"A.011,I.123,A.009,K.141,C.027,K.137,B.018,H.104,A.004,D.042,F.069,A.010,H.094,A.008,G.078,E.058,I.112,D.045,C.033,F.068,D.039,D.053,G.083,H.097,E.062,B.014,I.127,B.017,E.060,K.140,C.034,D.051,B.015,G.081"
Klinik Pratama,202,1,Standar,"D.046,A.009,C.035,D.036,F.067,H.103,I.121,A.004,H.101,G.080,B.016,E.064,D.042,B.024,G.079,B.021,A.008,K.148,E.058,F.071,I.112,D.045,I.125,D.041,A.005,H.095,E.062,K.145,C.034,C.028,G.075,K.146,A.002,B.019"
Cafe / Restoran (Interior),565,1,Premium,"F.066,A.011,H.102,A.009,L.171,C.027,M.189,L.160,L.156,B.018,D.036,D.037,H.090,M.195,G.076,A.004,N.198,M.179,D.052,L.172,F.069,B.024,E.063,H.094,K.147,A.008,K.148,E.058,G.081,M.178,D.049,I.118,G.083,K.145,I.127,C.034,C.028,M.177,L.175,A.002,N.197,B.022,B.015,I.120,E.056,D.050"
Jalan Lingkungan (Paving/Beton),1403,1,Standar,"B.014,A.004,D.046,B.025,A.001,D.037,D.051,C.033,D.041,B.013,A.005,C.032,C.030,B.015,A.007,D.044,A.003"
Gedung Kampus,205,1,Standar,"G.086,E.059,K.141,C.031,B.013,E.055,D.048,K.137,H.090,F.065,D.043,A.004,G.080,B.024,E.063,H.094,B.021,A.008,D.044,F.071,I.125,A.005,I.111,H.095,D.039,D.040,B.020,C.034,C.028,K.143,I.119,A.006,G.085,A.003"
Ruko Premium (3 Lantai+),1341,1,Ekonomis,"F.066,A.011,D.046,A.001,C.026,B.013,D.048,H.099,A.007,F.067,I.121,G.082,D.052,B.024,A.010,B.021,E.061,K.147,G.081,I.117,K.142,D.049,C.030,H.095,I.118,D.040,H.097,E.062,B.025,K.146,A.002,G.084,E.056,C.029"
Pos Keamanan (Pos Satpam),839,1,Standar,"H.100,A.001,C.031,C.026,C.027,F.067,D.037,B.016,A.010,H.094,K.147,E.061,G.078,E.058,F.071,I.112,I.114,D.038,D.041,D.049,D.040,G.074,K.145,I.127,E.060,K.143,A.002,H.092,B.022,B.019,B.015,A.006,G.085,A.003"
Rumah Subsidi (Type 21-36),1208,1,Standar,"A.011,G.086,A.009,C.035,B.013,H.099,H.087,D.036,E.054,D.042,F.069,H.094,K.139,E.057,I.117,K.142,D.038,I.109,I.125,A.005,F.068,D.039,G.083,K.145,B.017,B.025,C.034,C.028,D.051,A.002,B.015,E.056,G.085,A.003"
Masjid Raya (Kubah Besar),768,1,Standar,"D.046,A.009,B.013,C.027,D.036,A.007,D.037,F.065,G.082,H.090,G.076,H.104,A.004,D.052,F.069,E.063,E.061,K.148,G.081,I.114,G.074,H.088,A.006,I.124,K.145,B.014,B.025,C.034,C.028,D.051,K.146,A.002,I.119,G.084,B.019,E.056"
Cafe / Restoran (Interior),1446,1,Ekonomis,"A.011,A.009,E.059,C.035,K.141,B.013,C.027,D.048,B.018,A.007,E.054,F.067,H.103,H.105,D.052,I.110,B.016,E.064,A.010,G.079,B.021,D.044,I.122,K.142,D.041,F.068,D.040,K.145,G.075,A.002,H.092,I.120,G.085,C.029"
Masjid Raya (Kubah Besar),997,1,Standar,"F.066,H.102,A.009,K.141,B.013,F.070,E.055,H.087,A.007,G.082,G.076,D.043,A.004,D.052,G.080,D.042,B.024,A.010,G.079,K.147,D.044,E.057,K.138,G.078,C.033,C.030,B.023,E.062,A.012,I.116,C.028,D.051,I.126,G.075,B.022,I.120,H.097"
Rumah Komersil (Type 45-70),299,1,Ekonomis,"A.011,K.144,C.035,C.031,C.026,D.048,H.087,G.082,H.104,B.016,E.064,D.042,F.069,A.010,K.147,E.061,D.044,F.071,I.122,D.038,I.109,I.125,H.089,B.023,D.053,G.083,G.074,E.062,K.145,A.012,A.002,B.019,B.015,A.006"
Klinik Pratama,1066,1,Ekonomis,"F.066,A.011,E.059,D.048,A.007,D.036,H.090,F.065,G.082,I.121,D.047,H.101,B.024,E.063,G.079,H.094,B.021,D.044,C.033,A.005,C.030,I.118,G.074,K.145,A.012,I.116,B.017,K.143,A.002,K.146,B.022,E.056,C.029,D.050"
Ruko Premium (3 Lantai+),1256,1,Premium,"M.187,A.001,G.086,M.188,H.093,C.031,K.141,L.155,N.196,E.055,A.007,H.090,F.065,I.121,G.076,D.043,A.004,M.194,M.180,D.052,L.169,F.069,E.063,M.193,A.008,E.061,L.176,D.044,I.113,I.122,C.030,H.095,D.039,G.083,L.170,K.145,B.017,L.158,K.146,A.002,N.197,B.022,B.019,B.015,C.029,D.050"
Ruko Standar (2 Lantai),1375,2,Standar,"F.066,A.011,H.102,I.123,K.136,E.055,D.048,H.087,B.018,F.067,A.004,D.052,D.042,A.010,E.063,G.079,K.148,E.058,D.045,I.117,I.114,K.142,C.030,B.023,D.053,G.083,H.088,B.017,C.034,C.028,A.002,G.084,B.022,A.003"
Renovasi Rumah (Minor),488,1,Ekonomis,"F.066,A.011,I.123,A.009,C.026,B.013,C.027,C.031,K.136,H.099,B.018,D.036,A.007,F.067,H.105,D.052,G.080,I.110,E.064,D.042,A.010,E.063,B.021,K.139,D.044,E.058,K.142,H.089,G.074,I.116,B.025,G.075,A.006,D.050"
Ruko Standar (2 Lantai),1197,2,Premium,"A.001,K.141,N.196,C.027,L.156,A.007,D.037,F.065,G.077,L.151,M.195,M.184,D.052,G.080,L.172,E.064,N.199,A.010,H.094,M.193,K.147,L.176,K.148,E.058,F.071,G.073,C.033,A.005,D.049,I.111,H.095,H.106,D.039,L.173,E.062,I.124,B.014,B.025,B.020,C.028,D.051,M.177,I.119,B.019,M.185,A.006"
Jalan Lingkungan (Paving/Beton),233,1,Ekonomis,"B.017,B.025,D.047,A.001,C.034,D.046,D.051,D.052,C.031,B.013,A.005,C.032,D.036,A.010,B.023,A.007,A.006"
Masjid Raya (Kubah Besar),1023,1,Premium,"M.187,D.046,I.123,A.001,M.188,A.009,E.059,K.141,C.026,N.196,F.070,L.161,L.168,M.189,L.156,A.007,G.076,A.004,N.199,B.016,E.064,G.079,B.021,K.147,L.149,M.190,I.113,K.138,G.081,M.178,F.072,H.089,D.049,C.030,H.095,D.053,D.040,G.083,G.074,A.012,B.014,E.060,I.127,L.158,B.020,C.034,D.051,H.097"
Rumah Mewah (2 Lantai+),559,2,Standar,"F.066,M.187,L.166,A.009,L.171,H.093,C.026,C.027,N.196,D.048,M.189,L.156,B.018,A.007,E.054,D.037,F.067,G.077,M.195,G.076,M.184,L.163,N.198,H.105,M.179,B.016,E.064,E.063,H.094,A.008,K.139,K.148,K.138,I.122,I.117,I.109,D.041,A.005,D.039,L.170,B.014,C.028,D.051,G.075,A.002,B.019"
Jalan Lingkungan (Paving/Beton),1045,1,Premium,"M.182,C.035,L.161,D.036,A.007,D.037,M.186,M.184,A.004,L.150,N.198,M.180,B.024,B.021,L.149,M.181,D.041,L.174,D.039,D.040,A.012,L.158,C.034,A.002,N.197,B.022,B.019,A.006,C.029"
Gedung Sekolah / Kelas,633,1,Premium,"A.011,D.046,H.102,A.001,A.003,G.086,C.035,C.026,B.013,N.196,K.137,B.018,E.054,D.037,F.065,I.121,L.151,M.194,H.101,M.180,M.179,N.199,D.042,L.159,K.147,H.098,L.149,K.148,M.181,M.192,E.058,I.122,D.041,A.005,F.068,L.174,I.111,G.083,E.062,B.025,B.020,C.028,G.084,L.157,A.006,D.050"
Gedung Kampus,1340,1,Standar,"D.046,A.001,A.009,C.035,C.026,B.013,F.070,D.048,H.099,G.076,H.104,D.043,A.004,D.052,E.064,B.024,E.063,G.079,K.147,K.138,F.071,I.122,C.033,D.041,I.118,G.074,E.060,B.025,K.143,A.002,I.119,B.015,H.091,A.003"
Renovasi Rumah (Minor),783,1,Ekonomis,"H.100,A.003,G.086,A.009,E.059,H.093,K.141,E.055,B.018,A.007,E.054,G.077,A.004,H.105,D.042,B.024,G.079,K.142,F.072,I.125,A.005,F.068,C.030,D.039,D.053,I.118,D.040,I.127,C.034,C.028,K.146,B.022,B.015,D.050"
Pos Keamanan (Pos Satpam),892,1,Standar,"K.144,G.086,A.009,E.059,C.035,C.026,B.013,H.093,E.055,K.137,A.007,A.004,H.105,I.110,D.042,B.024,A.010,E.063,F.069,B.021,G.079,K.139,I.117,D.038,F.072,D.041,H.089,D.049,D.039,I.118,B.025,C.028,G.075,A.003"
Gedung Kampus,333,1,Premium,"M.187,D.046,A.001,M.188,E.059,K.141,N.196,B.013,C.027,H.096,D.048,L.156,G.077,F.065,M.184,A.004,L.150,D.047,M.179,N.199,D.042,A.010,B.021,H.098,L.149,M.190,E.057,G.078,K.138,F.071,E.056,I.125,I.108,L.174,C.030,B.023,I.118,L.170,H.088,B.025,K.143,A.002,A.006,G.085,C.029,D.050"
Ruko Premium (3 Lantai+),871,1,Standar,"A.011,A.001,E.059,C.026,C.027,K.136,F.070,D.037,F.065,A.004,H.107,D.047,H.105,H.101,G.080,C.032,E.064,E.063,K.147,D.044,K.138,I.112,D.045,G.073,D.041,G.074,A.012,B.014,B.017,I.116,A.002,B.022,B.019,I.120"
Jalan Lingkungan (Paving/Beton),946,1,Standar,"B.014,D.046,D.047,A.001,C.034,C.026,A.002,A.005,B.013,D.042,D.049,C.030,B.021,A.008,B.019,D.036,A.003"
Rumah Komersil (Type 45-70),352,1,Standar,"F.066,H.100,C.026,C.027,K.136,E.055,K.137,E.054,D.037,G.076,D.043,A.004,I.115,D.042,A.010,B.021,A.008,K.148,I.122,D.038,F.068,C.030,H.106,D.053,E.062,B.017,B.025,G.075,I.119,B.019,H.091,A.006,G.085,A.003"
Jalan Lingkungan (Paving/Beton),1124,1,Standar,"B.014,A.011,B.017,D.046,D.047,B.020,C.034,A.009,C.033,C.026,B.013,A.005,D.041,D.039,A.006,D.037,A.003"
Pos Keamanan (Pos Satpam),1221,1,Standar,"I.123,A.009,K.141,C.027,E.055,H.099,A.007,D.043,A.004,H.105,B.016,F.069,A.010,G.079,H.098,K.138,E.058,I.109,F.072,D.041,A.005,D.049,C.030,D.053,G.074,E.062,K.145,B.020,C.034,D.051,I.119,B.019,B.015,G.085"
Jalan Lingkungan (Paving/Beton),1380,1,Premium,"A.003,M.188,A.009,C.035,D.048,L.168,M.189,L.156,M.195,D.043,A.004,L.163,N.198,D.052,N.199,B.016,A.010,A.008,L.149,M.192,B.014,L.158,B.020,C.034,C.028,D.051,B.015,M.185,D.050"
Pos Keamanan (Pos Satpam),364,1,Premium,"F.066,L.166,A.001,M.191,M.188,C.035,C.027,K.136,H.096,L.161,A.007,G.077,H.090,M.195,D.043,I.115,N.198,L.172,C.032,D.042,B.024,A.010,E.063,L.159,K.139,M.181,E.057,E.058,F.071,A.005,D.049,L.174,B.023,D.040,G.083,I.124,B.014,B.017,I.126,D.051,K.146,A.002,G.084,N.197,M.183,H.097"
Gudang Konstruksi Baja,895,1,Premium,"F.066,H.102,C.035,C.026,C.027,E.055,M.189,L.160,F.067,H.090,H.104,L.163,L.150,M.194,M.179,D.052,N.199,A.008,E.061,K.139,L.149,M.190,I.112,D.045,K.142,D.038,D.041,A.005,D.049,I.118,G.083,A.006,B.017,B.025,G.075,I.126,M.177,K.143,A.002,G.084,N.197,B.022,B.019,L.157,E.056,A.003"
Gedung Kampus,1168,1,Ekonomis,"A.011,A.009,C.035,E.054,G.077,G.082,D.047,H.101,H.105,D.042,F.069,A.010,B.021,E.061,I.122,C.033,D.041,D.049,F.068,I.118,D.040,G.083,H.088,I.124,K.145,A.012,B.014,E.060,B.025,B.020,K.143,K.146,A.006,C.029"
Rumah Komersil (Type 45-70),388,1,Ekonomis,"F.066,A.001,C.035,C.031,B.013,C.027,K.141,H.096,D.048,A.007,D.037,I.121,A.004,D.052,G.080,B.016,D.042,B.024,E.063,B.021,E.061,K.139,G.081,F.071,H.089,D.039,I.118,H.097,A.006,K.146,A.002,I.119,E.056,G.085"
Rumah Subsidi (Type 21-36),192,1,Ekonomis,"D.046,K.144,H.093,C.031,K.141,E.055,D.048,H.099,I.121,F.065,C.032,E.064,E.063,G.079,H.094,B.021,A.008,K.148,D.044,F.071,G.073,I.117,C.033,D.038,A.005,I.108,B.023,D.039,A.012,B.020,A.002,G.084,B.019,A.006"
Pos Keamanan (Pos Satpam),579,1,Ekonomis,"F.066,K.144,I.123,A.009,C.026,D.048,G.077,F.065,H.090,D.043,A.004,H.107,B.016,E.064,A.010,K.139,I.113,E.056,D.038,D.049,C.030,D.053,G.083,G.074,E.062,I.124,K.145,A.012,B.017,B.025,C.034,H.092,B.019,A.006"
Renovasi Rumah (Minor),616,1,Ekonomis,"K.144,H.100,C.031,H.099,D.036,E.054,D.037,F.067,G.082,H.104,A.004,I.110,E.064,A.010,G.079,A.008,E.061,K.139,F.071,I.117,C.033,I.109,D.041,A.005,B.023,D.040,G.074,K.145,B.014,B.025,B.020,C.034,A.002,D.050"
Renovasi Rumah (Minor),792,1,Standar,"A.011,D.046,A.001,G.086,C.026,C.031,K.136,D.048,H.087,E.054,I.121,F.065,A.004,H.107,D.052,D.042,E.061,H.098,G.078,K.138,G.081,F.071,A.005,I.111,A.012,I.116,B.017,B.025,B.020,K.143,B.019,E.056,C.029,D.050"
Gedung Kampus,1274,1,Ekonomis,"I.123,H.100,G.086,A.009,C.035,C.031,B.013,K.141,K.137,D.036,F.067,G.076,A.004,D.047,B.016,A.010,E.063,H.094,A.008,E.061,K.148,F.071,I.112,D.045,D.041,D.049,H.097,E.062,B.014,C.034,B.015,I.120,G.081,A.003"
Klinik Pratama,881,1,Premium,"A.011,D.046,L.166,H.100,G.086,H.093,L.155,B.013,N.196,L.156,A.007,G.077,F.065,G.082,L.151,M.184,M.179,B.016,E.064,K.139,M.181,E.057,E.058,M.192,D.045,M.178,C.033,F.072,H.089,I.125,A.005,L.174,C.030,B.023,D.039,D.053,I.118,I.124,A.012,B.020,K.146,K.143,N.197,A.006,C.029,D.050"
Klinik Pratama,42,1,Ekonomis,"H.100,A.001,G.086,C.026,K.137,A.007,E.054,D.037,G.077,A.004,H.105,H.101,C.032,D.042,E.064,A.010,F.069,D.044,K.138,I.122,D.049,F.068,D.039,I.118,G.074,I.127,B.017,E.060,B.020,C.034,K.146,B.019,B.015,A.003"
Pos Keamanan (Pos Satpam),1453,1,Premium,"F.066,A.011,I.123,G.086,A.009,N.196,C.031,C.026,L.168,M.189,D.037,G.077,I.121,G.076,L.150,N.198,L.162,D.052,F.069,B.024,H.094,L.159,M.193,B.021,A.008,E.061,H.098,E.057,M.192,M.178,I.117,K.142,D.038,A.005,C.030,H.106,D.053,A.012,B.017,E.060,K.140,B.020,L.154,M.177,D.051,K.143"
Gudang Konstruksi Baja,761,1,Standar,"A.011,D.046,I.123,A.009,E.059,C.027,H.099,B.018,H.103,D.037,C.032,F.069,A.010,E.063,E.058,G.073,I.114,D.038,I.125,D.049,F.068,G.074,K.145,B.014,K.140,C.034,G.075,K.143,A.002,B.019,B.015,H.091,A.006,D.050"
Rumah Subsidi (Type 21-36),385,1,Premium,"F.066,M.187,A.001,A.009,C.031,C.026,L.153,M.189,H.087,E.054,L.163,D.047,N.198,M.180,G.080,I.110,E.064,L.169,B.024,A.010,B.021,A.008,L.176,K.148,K.138,E.058,M.192,G.073,F.072,D.041,H.089,A.005,D.049,D.053,H.088,I.124,K.145,B.025,B.020,C.034,G.075,D.051,L.175,N.197,I.120,M.181"
Ruko Premium (3 Lantai+),320,1,Ekonomis,"F.066,H.100,A.001,C.035,C.031,B.013,E.055,B.018,A.007,G.082,H.101,D.052,G.080,A.010,E.063,G.079,B.021,K.139,D.044,K.138,I.114,C.033,D.041,A.005,F.068,I.118,D.040,E.062,I.124,B.014,K.140,D.051,A.002,H.097"
Ruko Standar (2 Lantai),1062,2,Premium,"F.066,M.187,H.102,M.182,A.009,C.035,C.026,K.141,K.136,E.055,D.048,L.153,L.168,L.156,B.018,E.054,H.090,I.121,H.104,M.184,I.115,A.004,D.047,D.052,N.199,C.032,D.042,B.021,A.008,E.061,K.148,M.190,L.164,I.112,D.045,A.005,F.068,B.017,L.158,B.020,G.075,M.177,N.197,G.081,G.085,A.003"
Rumah Komersil (Type 45-70),1460,1,Ekonomis,"A.011,K.144,I.123,A.009,E.059,C.031,B.013,K.136,K.137,D.048,D.037,G.077,D.043,A.004,H.107,D.052,G.080,I.110,B.024,A.010,E.058,D.045,G.073,F.072,H.089,F.068,C.030,E.062,B.017,C.028,I.126,H.092,B.019,A.003"
Rumah Mewah (2 Lantai+),1092,2,Premium,"A.001,G.086,N.196,B.013,H.096,E.055,K.137,L.168,B.018,A.007,D.037,F.065,L.151,M.195,G.076,M.184,I.115,A.004,D.047,M.180,G.080,N.199,L.159,A.008,K.139,I.113,E.058,D.045,F.068,C.030,B.023,I.118,D.040,H.088,K.145,B.020,C.034,L.154,C.028,A.002,H.092,M.183,M.185,L.157,E.056,D.050"
Gudang Konstruksi Baja,574,1,Standar,"I.123,A.003,A.009,H.093,C.026,K.141,F.070,E.055,B.018,A.007,D.037,F.065,G.076,D.052,I.110,D.042,B.024,A.008,E.057,G.078,K.138,C.033,C.030,B.023,D.053,A.012,I.116,E.060,K.140,G.084,B.019,H.091,H.097,D.050"
Gedung Sekolah / Kelas,426,1,Ekonomis,"A.011,D.046,A.001,E.059,K.141,B.013,H.099,D.036,D.037,A.004,H.107,D.047,C.032,F.069,K.139,E.058,G.081,G.073,D.041,A.005,F.068,I.108,B.023,H.097,I.116,C.028,G.075,I.126,K.143,A.002,B.019,B.015,E.056,C.029"
Gudang Konstruksi Baja,39,1,Premium,"F.066,A.011,K.144,M.191,M.182,A.009,E.059,C.035,C.031,C.027,K.141,F.070,H.096,K.137,B.018,G.076,H.104,L.163,D.047,M.194,M.179,N.199,E.063,A.008,M.190,G.078,E.058,D.045,L.165,I.117,D.038,H.089,A.005,D.049,I.108,G.074,L.158,B.020,L.154,A.002,L.167,B.022,N.197,B.019,I.120,D.050"
Rumah Subsidi (Type 21-36),681,1,Ekonomis,"A.011,K.141,C.026,K.136,F.070,B.018,G.077,F.065,H.104,I.110,E.064,E.061,K.148,E.057,C.033,D.038,A.005,D.049,B.023,H.106,D.053,I.118,D.040,G.074,H.097,A.012,B.025,C.028,D.051,I.126,A.002,B.015,G.081,A.003"
Gedung Kampus,1174,1,Ekonomis,"F.066,A.011,D.046,A.009,C.035,C.031,D.036,F.065,G.080,C.032,D.042,E.064,H.094,K.147,A.008,G.078,D.045,K.142,I.111,B.023,G.074,H.088,E.062,K.145,A.012,I.116,B.017,B.025,E.060,I.127,D.051,H.092,B.015,A.006"
Klinik Pratama,858,1,Premium,"F.066,M.191,G.086,B.013,L.153,L.161,H.087,A.007,M.186,D.037,G.076,A.004,D.047,N.198,G.080,I.110,N.199,L.159,A.010,H.094,E.061,K.139,K.148,M.190,K.138,M.192,F.071,L.165,M.178,I.120,I.125,A.005,C.030,D.039,D.040,L.170,E.062,B.017,E.060,B.020,C.028,D.051,B.015,H.091,A.006,C.029"
Ruko Premium (3 Lantai+),493,1,Standar,"F.066,K.144,I.123,A.001,A.009,E.055,K.137,B.018,E.054,D.043,H.105,I.110,B.016,C.032,F.069,B.021,A.008,H.098,K.148,E.057,G.081,G.073,D.038,H.089,D.039,D.053,D.040,I.124,B.025,C.028,G.075,A.006,C.029,A.003"
Ruko Premium (3 Lantai+),855,1,Premium,"M.187,I.123,M.191,A.003,A.009,N.196,C.026,F.070,L.168,L.160,M.186,E.054,D.037,F.065,I.115,N.198,H.105,M.179,E.064,L.159,G.079,B.021,A.008,L.176,M.190,L.165,C.033,D.038,D.041,H.089,A.005,I.111,B.023,H.106,G.083,G.074,K.145,K.140,D.051,K.143,A.002,B.022,B.015,E.056,C.029,D.050"
Renovasi Rumah (Minor),756,1,Premium,"F.066,M.187,H.100,A.009,E.059,C.035,C.031,K.136,L.171,L.155,N.196,H.099,A.007,H.104,M.184,D.043,A.004,L.162,M.180,G.080,N.199,B.016,L.169,D.042,B.024,M.190,D.044,K.138,E.058,M.192,G.073,D.038,F.072,I.125,D.049,I.108,I.111,E.062,K.145,L.158,B.025,G.075,A.002,B.015,A.006,C.029"
Masjid Raya (Kubah Besar),808,1,Premium,"I.123,A.001,M.182,L.161,E.054,D.037,F.065,G.077,L.151,G.076,I.115,A.004,D.047,M.194,N.198,H.101,G.080,E.064,A.010,M.193,B.021,H.098,K.147,M.181,M.192,F.071,D.045,I.122,L.165,K.142,E.056,C.033,H.089,L.173,D.053,D.040,K.145,A.012,B.017,B.025,L.158,C.034,G.075,G.084,N.197,B.022,A.006,C.029"
Pos Keamanan (Pos Satpam),1115,1,Standar,"D.046,G.086,A.009,K.141,B.013,K.136,E.055,B.018,D.036,G.077,G.082,H.107,D.052,E.064,F.069,A.010,E.063,H.094,K.147,A.008,F.071,I.114,C.033,D.038,I.108,I.111,B.023,D.039,C.034,A.002,H.092,B.022,C.029,A.003"
Gedung Sekolah / Kelas,916,1,Ekonomis,"F.066,G.086,C.026,C.027,D.048,H.099,B.018,D.036,E.054,D.037,G.076,A.004,H.107,D.047,A.010,G.079,K.147,K.148,E.057,F.071,I.112,I.114,C.033,I.125,A.005,D.049,B.023,H.106,K.145,B.014,E.060,B.020,A.006,A.003"
Cafe / Restoran (Interior),221,1,Standar,"A.011,H.100,A.009,E.059,C.035,B.013,K.136,D.048,D.036,E.054,A.007,G.077,I.115,C.032,E.064,A.010,H.098,F.071,G.073,K.142,D.038,F.068,H.095,D.039,D.053,I.118,I.116,B.017,B.020,C.034,K.143,B.022,A.006,G.085"
Rumah Subsidi (Type 21-36),608,1,Standar,"D.046,H.102,I.123,A.001,C.031,B.013,F.070,A.007,E.054,D.036,D.037,I.121,G.076,A.008,D.044,K.138,F.071,G.073,C.033,A.005,B.023,D.053,E.062,A.012,B.017,E.060,K.140,G.075,I.126,K.143,H.092,B.015,H.097,C.029"
Cafe / Restoran (Interior),93,1,Premium,"M.182,A.009,L.171,C.035,C.026,C.031,K.141,N.196,F.070,D.048,M.189,F.067,L.151,G.076,H.104,I.115,H.107,D.047,M.194,M.179,D.052,L.172,B.016,E.064,A.010,A.008,L.149,K.148,E.057,I.122,I.108,L.174,D.039,D.053,G.083,K.145,B.014,E.060,A.002,N.197,M.183,B.019,B.015,H.091,G.081,A.003"
Jalan Lingkungan (Paving/Beton),1329,1,Standar,"B.014,A.004,A.011,B.017,A.001,A.009,C.033,C.026,B.013,A.005,D.044,C.030,D.039,B.018,D.040,D.037,D.050"
Ruko Premium (3 Lantai+),1119,1,Ekonomis,"K.144,H.100,G.086,A.009,C.026,B.013,D.036,A.007,D.037,G.076,I.110,B.016,E.063,H.094,K.147,D.044,E.057,K.138,I.109,F.072,H.089,D.049,F.068,I.124,A.012,B.017,E.060,C.028,G.075,A.002,B.019,A.006,C.029,D.050"
Rumah Komersil (Type 45-70),683,1,Ekonomis,"A.001,A.009,E.059,C.035,K.141,K.137,H.099,H.103,F.065,G.082,G.076,D.043,D.047,E.064,F.069,B.024,G.079,B.021,A.008,E.057,I.112,D.045,C.033,I.125,D.049,H.095,D.053,B.014,K.146,A.002,B.015,I.120,A.006,C.029"
Masjid Raya (Kubah Besar),1117,1,Premium,"L.166,H.100,A.001,M.191,M.182,A.009,N.196,F.070,E.055,L.161,A.007,H.090,M.184,I.115,M.180,D.052,G.080,B.016,N.199,E.063,H.094,K.148,D.044,M.181,E.057,G.078,L.164,D.045,C.033,I.109,F.072,D.039,D.053,G.083,G.074,K.145,B.017,L.158,C.034,G.075,K.146,A.002,I.119,B.019,B.015,L.157,A.006,C.029"
Pos Keamanan (Pos Satpam),1295,1,Premium,"F.066,H.100,M.191,C.035,C.026,N.196,M.189,A.007,M.184,I.115,L.163,N.198,M.179,D.052,C.032,D.042,B.024,A.010,E.063,E.064,A.008,L.176,G.078,K.138,M.192,F.072,A.005,D.049,H.095,D.039,I.118,G.083,H.088,E.062,B.014,I.127,K.140,L.158,L.152,B.020,L.154,K.143,A.002,B.015,G.081,D.050"
Ruko Standar (2 Lantai),1309,2,Standar,"K.144,H.100,G.086,H.093,C.026,C.027,K.137,B.018,A.007,E.054,G.077,D.042,F.069,A.010,B.021,A.008,D.044,I.112,I.122,D.038,H.089,A.005,F.068,I.111,D.039,G.074,A.012,E.060,B.020,D.051,K.146,B.015,E.056,C.029"
Masjid Musholla (Lingkungan),1362,1,Standar,"A.011,D.046,A.001,C.035,K.136,F.070,E.055,H.099,B.018,D.037,G.077,G.076,H.104,D.052,G.080,B.021,A.008,H.098,K.139,K.147,F.071,I.112,I.125,D.041,A.005,C.030,G.074,E.060,B.020,C.028,D.051,I.126,B.015,E.056,G.085,A.003"
Masjid Raya (Kubah Besar),135,1,Ekonomis,"F.066,H.100,G.086,E.059,C.027,K.136,B.018,A.007,H.090,F.065,G.076,D.043,A.010,A.008,E.057,K.138,I.112,I.117,K.142,D.038,I.125,H.089,B.023,D.039,D.040,G.074,A.012,E.060,C.028,G.084,B.019,B.015,A.006,G.085,C.029,D.050"
Masjid Musholla (Lingkungan),1097,1,Standar,"A.011,K.144,H.100,C.031,B.013,K.137,D.048,B.018,D.036,G.082,A.004,D.052,G.080,B.016,F.069,A.010,G.079,A.008,E.061,E.058,I.112,G.073,I.117,C.033,F.068,I.111,H.106,D.053,D.040,A.012,E.060,B.025,C.034,G.075,K.146,H.097,G.085"
Rumah Komersil (Type 45-70),1203,1,Ekonomis,"D.046,H.102,G.086,K.141,B.013,K.136,E.055,A.007,D.036,D.037,G.077,H.103,I.121,D.052,C.032,E.064,F.069,A.010,K.147,A.008,E.058,F.068,D.039,I.118,I.116,B.017,B.025,B.020,C.028,A.002,G.084,H.097,C.029,A.003"
Masjid Raya (Kubah Besar),1178,1,Ekonomis,"D.046,A.003,C.027,H.096,E.055,E.054,F.067,G.076,A.004,H.107,I.110,D.042,A.010,E.063,B.021,K.147,K.148,G.081,F.071,K.142,D.041,A.005,I.108,C.030,B.023,D.053,G.083,G.074,I.127,B.020,C.034,A.002,G.084,B.015,H.097,D.050"
Cafe / Restoran (Interior),356,1,Premium,"D.046,A.001,M.182,M.191,L.171,K.141,N.196,L.168,L.156,B.018,H.103,G.076,M.184,D.043,D.047,N.198,H.101,I.110,C.032,D.042,F.069,A.010,G.079,K.147,E.061,E.057,E.058,K.138,M.192,M.178,I.120,C.033,F.068,C.030,D.039,L.173,G.083,A.012,I.127,B.025,B.020,L.175,A.002,B.019,H.091,A.006"
Pos Keamanan (Pos Satpam),1189,1,Ekonomis,"F.066,I.123,A.009,C.031,K.137,H.099,A.007,E.054,D.037,F.067,H.103,I.121,D.047,D.052,D.042,B.024,A.010,B.021,E.058,G.081,I.112,C.033,H.095,D.039,K.145,A.012,B.020,C.034,G.075,K.146,A.002,G.084,B.015,E.056"
Rumah Komersil (Type 45-70),1020,1,Ekonomis,"A.011,K.144,A.001,C.035,H.096,D.048,A.007,F.067,G.082,F.069,B.024,H.094,A.008,E.061,K.139,D.044,I.113,G.078,E.058,K.138,D.045,I.117,B.023,H.106,D.053,D.040,G.074,A.012,I.116,B.017,B.025,E.060,C.034,C.028"
Cafe / Restoran (Interior),1330,1,Premium,"M.187,D.046,K.144,A.001,M.188,A.009,E.059,N.196,C.026,B.013,D.036,E.054,F.067,G.077,L.151,M.195,H.104,L.150,H.105,M.179,B.016,L.169,D.042,B.021,K.139,G.078,I.112,M.178,D.038,A.005,F.068,L.174,D.039,E.062,A.012,I.116,B.025,C.034,L.154,C.028,I.126,K.146,A.002,G.084,H.092,N.197"
Renovasi Rumah (Minor),588,1,Premium,"A.011,D.046,H.100,E.059,C.035,C.026,B.013,E.055,K.137,L.168,L.151,G.076,D.043,H.107,M.194,N.198,L.162,I.110,N.199,E.064,D.042,B.024,A.010,F.069,L.169,A.008,K.139,M.190,M.181,G.078,I.112,K.142,D.038,F.072,I.125,B.023,D.039,L.173,H.097,C.034,G.075,M.183,B.019,M.185,A.006,A.003"
Masjid Musholla (Lingkungan),1072,1,Premium,"H.102,A.003,G.086,E.059,M.188,K.141,N.196,C.027,H.096,L.161,D.048,L.156,B.018,D.043,N.198,M.180,G.080,L.172,F.069,M.193,A.008,E.061,K.139,I.113,F.071,D.045,G.073,M.178,A.005,I.108,H.095,L.173,G.083,E.062,I.116,B.025,B.020,C.028,D.051,L.175,K.143,A.002,G.084,B.022,M.183,A.006,G.085,C.029,D.050"
Pos Keamanan (Pos Satpam),913,1,Ekonomis,"A.011,I.123,C.027,K.136,K.137,A.007,E.054,D.036,F.065,H.103,H.107,C.032,E.064,A.010,I.113,G.078,E.058,K.138,F.071,D.038,D.049,I.111,D.039,D.040,G.074,A.012,B.014,B.017,C.034,G.075,B.022,B.015,H.091,A.003"
Klinik Pratama,544,1,Standar,"D.046,C.031,K.136,H.099,A.007,D.036,A.004,D.052,C.032,F.069,B.024,B.021,E.061,F.071,G.073,I.114,K.142,D.038,D.041,A.005,H.097,G.074,E.062,I.124,I.116,B.025,B.020,K.146,A.002,G.084,H.091,E.056,C.029,A.003"
Ruko Premium (3 Lantai+),1487,1,Premium,"A.003,G.086,A.009,E.059,H.093,C.031,L.157,F.070,L.161,L.168,M.189,A.007,F.067,I.121,M.184,A.004,N.198,H.101,M.179,G.080,L.172,E.064,A.010,H.094,M.193,B.021,E.061,K.139,K.148,D.044,M.192,D.041,D.049,L.174,I.111,G.083,B.014,B.017,C.034,D.051,K.143,N.197,B.022,I.120,C.029,D.050"
Rumah Subsidi (Type 21-36),1021,1,Standar,"A.011,D.046,A.003,H.093,C.026,C.027,K.136,K.137,B.018,E.054,G.077,H.090,A.004,E.064,F.069,A.010,H.098,K.138,F.071,I.112,D.045,C.033,D.049,I.111,B.023,G.074,I.124,A.012,B.020,D.051,G.084,B.019,E.056,D.050"
Ruko Premium (3 Lantai+),1268,1,Standar,"A.009,C.035,K.141,B.013,C.027,K.136,F.070,D.048,B.018,D.036,D.037,H.104,B.016,E.063,B.021,E.061,K.148,G.081,F.071,I.112,D.045,I.117,C.033,H.089,A.005,H.095,D.053,G.083,G.074,E.062,A.012,A.002,I.119,A.006"
Jalan Lingkungan (Paving/Beton),46,1,Standar,"B.014,A.004,A.011,D.045,C.034,A.009,D.053,B.013,C.027,D.042,A.010,B.022,D.048,A.008,B.018,D.039,C.029"
Rumah Mewah (2 Lantai+),184,2,Standar,"H.102,I.123,M.182,K.141,C.031,C.027,E.055,H.099,L.156,L.151,F.065,D.043,A.004,N.198,B.016,L.169,E.063,H.094,M.190,D.044,M.181,L.164,M.192,G.081,D.045,L.165,M.178,K.142,E.056,A.005,D.049,F.068,D.039,I.118,G.074,A.012,K.140,B.020,A.002,G.084,N.197,B.022,B.019,I.120,A.006,C.029"
Pos Keamanan (Pos Satpam),1187,1,Ekonomis,"F.066,A.011,A.003,C.027,K.137,B.018,D.036,D.037,G.077,H.107,D.047,E.064,B.024,A.010,E.063,H.098,E.058,I.112,I.114,K.142,C.033,F.072,H.089,I.125,C.030,D.053,G.083,G.074,A.012,K.146,A.002,B.022,B.019,D.050"
Klinik Pratama,673,1,Standar,"F.066,A.011,D.046,E.059,C.026,B.013,C.027,K.137,B.018,D.037,F.065,G.077,G.082,D.047,H.101,G.079,K.147,A.008,K.148,E.057,D.045,I.114,I.125,D.041,H.088,E.062,I.124,B.017,C.028,A.002,H.092,B.015,A.006,A.003"
Gedung Kampus,1245,1,Ekonomis,"D.046,H.102,H.100,A.009,K.141,C.027,F.070,D.048,A.007,G.077,D.052,C.032,E.064,B.024,B.021,E.061,K.139,D.044,K.138,F.071,I.114,I.109,H.089,A.005,I.111,D.040,G.074,G.083,E.062,A.012,C.028,A.002,B.019,B.015"
Renovasi Rumah (Minor),932,1,Ekonomis,"C.035,K.136,H.096,A.007,D.037,G.076,A.004,H.105,I.110,B.016,D.042,A.010,E.061,D.044,G.078,K.138,G.081,I.122,E.056,C.033,D.038,F.072,F.068,B.023,D.039,E.062,B.014,I.116,K.140,C.028,A.002,B.015,H.091,A.006"
Masjid Raya (Kubah Besar),729,1,Ekonomis,"F.066,A.011,K.144,H.096,D.048,A.007,E.054,I.115,A.004,D.047,G.080,D.042,E.063,G.079,A.008,K.138,E.058,F.071,D.045,G.073,C.033,H.089,A.005,I.111,B.023,D.039,G.083,H.088,I.116,B.025,C.034,K.143,G.084,B.022,B.019,G.081,C.029"
Jalan Lingkungan (Paving/Beton),450,1,Standar,"B.014,A.004,B.025,A.001,C.034,D.051,C.033,D.052,D.041,A.002,A.005,D.042,B.022,B.023,D.039,A.006,C.029"
Masjid Raya (Kubah Besar),288,1,Standar,"D.046,I.123,C.035,C.027,F.070,E.054,D.037,H.103,H.104,G.076,H.105,B.024,A.010,K.147,A.008,K.148,E.058,D.045,G.073,C.033,A.005,F.068,D.039,D.053,A.012,B.014,E.060,B.025,K.140,G.075,I.119,G.084,B.019,I.120,G.081,A.003"
Renovasi Rumah (Minor),1145,1,Premium,"D.046,M.191,A.003,M.188,A.009,L.171,N.196,C.027,F.070,M.186,E.054,H.090,N.198,M.180,M.179,L.169,B.024,A.010,H.094,L.149,L.176,K.148,D.044,E.057,E.058,K.138,G.073,L.165,F.072,B.023,D.039,I.118,I.124,A.012,B.017,K.140,C.028,D.051,G.075,A.002,G.084,B.019,I.120,H.097,C.029,D.050"
Gedung Sekolah / Kelas,417,1,Premium,"A.001,G.086,M.188,C.027,L.161,L.168,M.189,L.160,E.054,F.067,M.184,A.004,D.047,N.198,M.180,D.052,G.080,B.016,B.024,E.063,H.094,B.021,A.008,E.061,K.148,K.138,F.071,I.122,D.041,A.005,I.111,H.106,D.039,D.053,L.170,C.034,K.143,G.084,L.167,B.022,N.197,M.185,I.120,H.097,C.029,A.003"
Gedung Sekolah / Kelas,623,1,Ekonomis,"F.066,A.011,H.100,A.001,C.031,C.026,D.036,E.054,I.121,D.043,A.004,D.052,K.147,K.148,K.138,E.058,A.005,F.068,C.030,H.095,D.039,D.040,G.074,G.083,E.062,I.124,I.127,B.017,B.025,G.084,H.092,B.022,B.019,A.003"
Rumah Mewah (2 Lantai+),134,2,Premium,"A.003,L.171,H.093,L.155,K.136,L.161,D.048,E.054,G.077,H.090,A.004,M.194,N.198,M.180,L.169,B.024,A.010,M.193,A.008,D.044,I.113,G.078,E.058,F.071,G.073,K.142,C.033,D.038,F.072,A.005,C.030,D.039,I.118,L.152,E.060,B.025,B.020,M.177,K.146,I.119,H.092,N.197,M.183,B.015,C.029,D.050"
Pos Keamanan (Pos Satpam),1022,1,Standar,"A.011,K.144,G.086,C.027,K.137,F.067,D.037,D.043,A.004,D.047,H.105,E.064,D.042,B.024,A.010,B.021,K.139,I.113,E.057,C.033,D.049,F.068,I.108,H.097,G.074,E.062,I.124,A.012,B.025,C.034,H.092,B.015,A.006,G.085"
Gedung Kampus,750,1,Standar,"F.066,D.046,K.144,A.001,K.141,C.026,B.013,D.048,D.036,E.054,G.076,H.107,D.052,I.110,C.032,E.063,K.147,A.008,H.098,D.044,E.057,G.078,F.071,I.122,I.124,A.012,B.014,B.017,B.020,C.034,A.002,G.084,H.091,A.003"
Rumah Mewah (2 Lantai+),1135,2,Premium,"A.011,L.166,H.102,H.100,A.001,A.003,M.188,C.035,C.026,N.196,F.070,E.055,D.048,K.137,L.168,L.160,M.189,D.036,L.151,F.065,M.195,I.115,M.194,G.080,N.199,B.024,E.063,M.193,K.148,I.122,C.033,D.041,A.005,L.173,D.040,G.074,H.088,E.062,B.020,K.146,I.119,B.022,B.015,A.006,G.085,D.050"
Klinik Pratama,1147,1,Ekonomis,"D.046,H.102,A.009,E.059,D.036,E.054,A.007,H.090,G.082,A.004,H.107,I.110,B.016,C.032,E.064,F.069,A.010,K.148,I.113,K.138,D.041,F.068,C.030,D.039,I.118,D.040,G.074,A.012,B.017,B.025,K.140,C.028,G.075,B.019"
Masjid Musholla (Lingkungan),285,1,Ekonomis,"H.100,A.009,E.059,C.035,F.070,D.048,B.018,A.007,H.103,D.037,F.065,G.077,I.110,B.016,C.032,G.079,B.021,E.061,K.139,K.148,G.073,I.114,D.038,D.041,A.005,H.106,D.053,E.062,K.145,A.012,I.116,C.028,G.075,G.084,B.015,G.085,A.003"
Gedung Sekolah / Kelas,608,1,Premium,"L.166,A.001,M.191,K.141,C.026,C.027,H.096,L.161,H.099,D.036,M.186,D.037,F.065,G.077,G.082,D.047,N.199,E.064,D.042,A.010,E.063,B.021,E.061,M.181,M.192,F.071,I.122,I.117,I.109,D.041,A.005,L.174,C.030,H.095,L.173,K.140,B.025,L.154,K.143,A.002,N.197,B.022,M.183,B.019,A.006,G.085"
Rumah Mewah (2 Lantai+),316,2,Ekonomis,"F.066,D.046,M.191,N.196,C.031,C.026,F.070,K.137,D.048,M.186,H.103,G.077,I.121,G.082,L.163,A.004,D.047,M.180,D.052,I.110,C.032,E.064,B.024,A.010,E.063,E.061,K.139,M.181,G.078,L.164,K.142,D.041,A.005,L.173,A.012,B.014,I.116,B.025,L.152,M.177,L.175,N.197,B.022,H.091,H.097,A.003"
Gudang Konstruksi Baja,41,1,Ekonomis,"A.011,A.009,C.035,C.026,E.055,B.018,D.036,E.054,H.103,F.065,H.101,D.052,G.080,D.042,B.024,A.010,G.079,B.021,K.147,K.148,E.058,I.114,A.005,F.068,I.111,H.095,D.051,K.146,I.119,B.019,A.006,G.085,C.029,D.050"
Rumah Subsidi (Type 21-36),840,1,Ekonomis,"F.066,A.011,H.100,C.035,K.141,B.013,K.137,D.048,H.087,A.007,D.037,H.101,C.032,F.069,G.079,E.061,K.139,D.044,E.057,G.078,I.122,I.114,A.005,C.030,B.023,D.053,B.014,I.116,E.060,B.020,G.075,D.051,A.002,A.006"
Rumah Komersil (Type 45-70),812,1,Premium,"M.187,D.046,A.001,A.003,C.035,N.196,B.013,E.055,L.168,A.007,E.054,F.065,G.076,M.184,A.004,N.198,H.105,D.052,C.032,D.042,B.024,E.064,G.079,H.094,B.021,H.098,K.139,L.176,D.044,L.164,M.192,M.178,K.142,F.068,L.174,B.023,I.124,K.145,I.116,C.028,A.002,I.119,M.185,L.157,G.085,D.050"
Klinik Pratama,1444,1,Premium,"A.011,D.046,I.123,H.100,L.166,A.003,M.188,A.009,K.141,C.026,L.153,D.048,H.087,E.054,F.067,G.077,G.082,H.103,I.115,A.004,M.194,N.198,M.179,D.042,L.159,A.010,E.063,E.057,M.178,F.068,I.111,C.030,D.039,G.074,K.145,B.025,B.020,M.177,K.143,L.167,B.022,N.197,B.015,L.157,C.029,D.050"
Cafe / Restoran (Interior),920,1,Premium,"M.187,A.011,D.046,K.144,L.166,E.059,H.093,C.031,C.027,K.136,N.196,H.096,L.156,D.036,H.103,M.195,A.004,D.047,N.199,B.024,A.010,L.164,M.192,G.081,F.071,M.178,I.109,F.072,I.125,A.005,D.049,D.053,L.170,G.074,A.006,I.124,B.017,B.025,E.060,K.140,C.028,B.022,M.183,L.157,E.056,G.085"
Gedung Kampus,1487,1,Premium,"F.066,D.046,H.102,A.001,A.009,N.196,C.026,L.157,K.137,L.168,B.018,H.090,M.195,A.004,M.180,B.016,E.064,D.042,G.079,M.193,L.149,E.057,G.073,I.109,D.041,F.068,L.174,C.030,D.039,D.040,G.083,H.088,E.062,K.145,A.012,B.020,C.028,I.126,M.177,K.143,L.167,B.022,N.197,M.183,I.120,A.003"
Masjid Raya (Kubah Besar),427,1,Premium,"A.001,G.086,E.059,M.188,K.141,C.026,F.070,B.018,A.007,M.186,H.090,G.077,L.151,M.184,I.115,L.163,M.179,I.110,B.016,N.199,D.042,F.069,A.010,E.063,L.159,K.139,D.045,G.073,L.165,C.033,D.038,I.125,D.041,H.089,D.049,L.174,C.030,H.106,A.012,B.017,K.140,G.075,M.177,A.002,G.084,N.197,B.015,E.056"
Rumah Mewah (2 Lantai+),169,2,Standar,"F.066,A.011,D.046,K.144,L.166,A.001,A.003,C.035,L.155,N.196,E.055,L.168,M.189,B.018,D.036,E.054,H.090,G.076,I.115,H.107,M.194,M.180,N.199,E.064,A.010,M.192,L.165,K.142,C.033,F.072,I.111,D.040,G.074,H.097,I.124,B.017,C.034,L.154,D.051,K.143,B.022,B.019,M.185,A.006,G.085,D.050"
Jalan Lingkungan (Paving/Beton),224,1,Ekonomis,"A.004,D.046,B.025,B.020,C.034,A.009,C.033,C.035,B.013,A.005,D.042,B.021,A.008,D.039,D.040,D.037,A.003"
Cafe / Restoran (Interior),40,1,Premium,"D.046,L.166,M.182,A.009,L.171,C.026,H.096,E.055,D.048,B.018,M.186,H.103,I.121,D.047,M.194,N.198,H.105,B.024,A.010,E.063,L.159,B.021,K.147,D.044,M.178,F.072,D.041,I.125,F.068,C.030,G.083,G.074,L.170,I.124,K.145,A.012,B.017,K.140,C.034,A.002,N.197,M.185,L.157,E.056,G.085,A.003"
Rumah Subsidi (Type 21-36),840,1,Premium,"K.144,H.102,I.123,M.182,E.059,N.196,C.027,F.070,L.153,H.099,H.087,L.160,B.018,D.036,D.037,M.195,D.043,A.004,M.194,E.064,L.169,A.010,G.079,A.008,K.148,M.181,E.057,G.078,F.071,G.073,I.122,M.178,C.033,D.049,L.174,I.111,D.039,L.170,K.145,B.014,B.017,C.028,N.197,B.022,A.006,A.003"
Rumah Mewah (2 Lantai+),50,2,Standar,"F.066,D.046,L.166,A.001,M.191,A.009,C.035,C.031,B.013,L.168,L.156,B.018,D.037,I.121,G.076,M.184,A.004,H.107,N.198,L.162,E.064,B.024,A.010,G.079,H.098,K.148,M.190,K.138,E.058,M.192,D.045,F.072,D.039,E.062,I.124,A.012,I.127,B.017,K.140,L.152,C.034,G.075,D.051,N.197,M.185,H.091"
Masjid Musholla (Lingkungan),204,1,Ekonomis,"K.144,I.123,A.001,G.086,A.009,K.141,K.136,D.048,A.007,F.067,G.076,I.115,A.004,B.016,D.042,B.024,F.069,H.094,G.079,E.061,E.057,G.078,G.073,C.033,A.005,D.053,D.040,H.088,I.124,B.014,B.025,C.034,C.028,H.091,E.056,D.050"
Gedung Kampus,1350,1,Standar,"D.046,K.144,A.001,C.027,K.136,F.070,D.048,D.036,E.054,A.007,D.037,F.065,G.077,H.103,C.032,E.064,B.021,A.008,E.058,K.142,I.120,C.030,I.118,D.040,G.074,H.088,A.012,B.014,B.025,B.020,I.119,H.091,G.085,A.003"
Masjid Raya (Kubah Besar),1209,1,Standar,"K.144,A.009,E.059,C.035,H.093,B.013,C.027,K.137,H.099,E.054,F.067,G.082,A.004,D.047,H.101,F.069,A.010,I.113,G.078,I.112,D.045,C.030,B.023,D.053,D.040,E.062,K.140,G.075,D.051,A.002,I.119,G.084,B.019,B.015,A.003"
Pos Keamanan (Pos Satpam),885,1,Standar,"A.011,K.144,A.009,C.035,C.031,H.093,H.099,D.036,D.043,D.047,G.080,C.032,B.024,G.079,E.061,K.139,E.058,F.071,I.122,I.109,F.068,D.040,G.083,A.012,B.017,E.060,K.140,D.051,I.119,H.092,B.019,B.015,A.006,A.003"
Rumah Mewah (2 Lantai+),47,2,Premium,"M.187,A.011,A.001,M.188,K.141,C.031,N.196,K.137,D.048,H.099,A.007,E.054,D.037,H.104,D.043,A.004,N.198,M.179,D.052,G.080,C.032,E.064,B.024,B.021,M.190,E.057,L.164,L.165,M.178,I.114,D.038,F.072,A.005,F.068,L.174,C.030,H.106,I.118,G.083,L.170,L.152,I.116,B.017,K.146,G.084,B.015"
Rumah Mewah (2 Lantai+),877,2,Premium,"M.187,K.144,L.166,M.191,A.003,H.093,C.026,C.027,K.136,L.153,D.036,A.007,E.054,F.067,M.195,D.043,A.004,N.198,M.179,I.110,N.199,E.064,B.024,A.010,E.063,L.159,M.193,K.148,G.081,D.045,G.073,D.038,F.072,B.023,H.097,B.017,B.025,L.158,L.154,I.126,I.119,G.084,H.091,A.006,C.029,D.050"
Pos Keamanan (Pos Satpam),1415,1,Premium,"D.046,I.123,H.100,A.001,M.182,E.059,C.035,C.026,L.155,L.153,G.076,D.043,A.004,L.163,M.194,N.198,M.180,B.016,E.064,B.024,A.010,E.063,K.139,M.190,M.181,F.071,D.045,I.117,C.033,I.109,A.005,F.068,D.039,L.152,K.140,L.154,D.051,K.146,G.084,H.092,B.022,N.197,B.019,H.091,G.081,A.003"
Gedung Sekolah / Kelas,430,1,Premium,"A.011,H.102,M.182,E.059,N.196,C.031,K.137,F.067,F.065,M.195,L.163,H.107,M.194,N.198,B.016,B.024,H.094,L.149,M.190,D.044,M.192,G.081,C.033,D.038,A.005,D.053,I.118,D.040,G.074,L.170,E.062,I.124,K.145,A.012,E.060,K.140,B.020,C.034,I.126,A.002,G.084,L.167,B.015,L.157,A.006,D.050"
Masjid Musholla (Lingkungan),648,1,Ekonomis,"A.011,I.123,A.001,C.031,H.096,K.137,A.007,G.077,H.104,D.052,B.016,C.032,D.042,E.064,A.010,E.063,F.069,G.079,K.148,E.058,F.071,D.045,C.033,D.038,I.125,D.040,G.083,I.124,K.145,B.020,G.075,B.022,B.015,H.091,G.085,A.003"
Rumah Subsidi (Type 21-36),435,1,Premium,"F.066,D.046,A.001,G.086,A.009,E.059,L.171,C.031,K.136,H.099,L.160,M.189,M.186,N.198,H.105,M.180,D.052,L.172,C.032,B.024,A.010,K.147,D.044,I.113,L.164,E.058,F.072,I.125,L.174,C.030,D.053,G.083,E.062,K.145,A.012,B.014,B.017,I.127,D.051,A.002,H.092,N.197,M.183,B.015,M.185,G.081"
Rumah Komersil (Type 45-70),1156,1,Standar,"F.066,A.011,C.031,C.026,F.070,H.099,H.090,A.004,D.047,H.105,E.064,A.010,B.021,K.147,D.044,E.057,E.058,C.033,D.038,D.041,B.023,D.053,G.083,K.145,B.014,I.116,B.020,G.075,I.126,K.143,I.119,A.006,G.085,A.003"
Ruko Premium (3 Lantai+),378,1,Standar,"A.011,D.046,A.001,H.093,E.054,D.037,F.065,D.043,A.004,H.105,H.101,G.080,D.042,B.024,E.063,K.148,G.078,K.138,C.033,I.109,A.005,F.068,C.030,K.145,B.014,I.116,B.017,D.051,A.002,I.119,B.019,E.056,G.085,C.029"
Gudang Konstruksi Baja,1306,1,Ekonomis,"F.066,D.046,H.102,I.123,G.086,A.009,E.059,C.031,C.027,K.136,K.137,H.099,D.036,H.090,A.004,B.016,A.010,E.063,B.021,A.008,K.139,G.073,I.117,D.038,F.072,A.005,D.049,C.030,D.053,G.083,E.062,I.126,B.019,B.015"
Rumah Subsidi (Type 21-36),1297,1,Premium,"A.011,A.001,M.191,M.182,G.086,C.035,L.155,C.027,H.096,E.055,D.048,M.189,D.036,E.054,I.121,G.082,D.047,N.198,H.105,M.179,N.199,C.032,L.169,L.159,B.021,H.098,K.147,K.139,E.057,F.071,M.178,D.041,A.005,F.068,L.174,I.124,K.145,B.014,B.017,B.020,G.075,I.126,A.002,L.157,A.006,D.050"
Masjid Musholla (Lingkungan),1351,1,Standar,"F.066,A.011,I.123,A.003,A.009,C.026,B.013,D.048,D.036,G.077,G.082,G.076,I.115,D.052,G.080,D.042,A.010,E.063,B.021,K.147,I.113,K.138,F.071,H.089,A.005,C.030,B.023,H.095,G.083,H.088,K.145,E.060,B.020,E.056,C.029,D.050"
Gedung Kampus,1460,1,Standar,"A.011,K.144,A.009,C.035,C.031,H.093,K.136,B.018,D.037,F.065,A.004,D.047,G.080,D.042,F.069,A.010,H.094,B.021,E.061,K.139,E.057,I.117,D.038,I.109,D.049,C.030,G.083,A.012,I.116,G.075,H.092,B.019,B.015,E.056"
Masjid Musholla (Lingkungan),958,1,Premium,"L.166,H.102,H.100,A.001,A.009,C.035,B.013,F.070,E.055,D.048,H.099,B.018,M.186,E.054,L.151,D.043,A.004,N.198,L.162,M.179,D.052,I.110,N.199,E.064,D.042,B.024,L.159,G.079,M.193,K.148,G.078,K.138,L.165,M.178,C.033,A.005,F.068,I.108,D.053,G.083,G.074,K.145,C.034,A.002,G.084,M.183,B.019,I.120,G.085"
Klinik Pratama,1285,1,Ekonomis,"F.066,A.011,K.144,A.001,G.086,C.035,C.031,B.018,A.007,I.121,G.082,D.043,I.115,H.107,D.047,D.052,E.064,F.069,A.010,E.063,D.044,K.138,G.073,I.122,H.089,H.095,D.053,E.060,B.025,B.020,C.034,K.146,A.002,B.015"
Pos Keamanan (Pos Satpam),341,1,Premium,"L.166,A.001,M.188,N.196,F.070,L.161,M.189,H.087,B.018,M.186,G.077,G.082,D.047,N.198,I.110,C.032,E.064,A.010,E.063,K.147,H.098,M.181,F.071,D.045,L.165,K.142,C.033,D.038,A.005,D.049,I.108,L.174,B.023,L.173,D.040,K.145,A.012,B.017,B.025,E.060,C.028,I.126,G.084,M.185,H.091,A.006"
Masjid Musholla (Lingkungan),121,1,Standar,"K.144,A.001,G.086,H.096,E.055,H.087,I.121,G.082,H.104,G.076,A.004,D.047,G.080,C.032,D.042,K.148,I.113,E.057,G.081,D.045,F.072,A.005,D.049,F.068,I.111,A.006,K.145,A.012,B.025,B.020,C.028,G.084,B.022,B.019,E.056,C.029,D.050"
Rumah Mewah (2 Lantai+),762,2,Standar,"K.144,M.191,A.009,L.171,K.141,C.031,B.013,C.026,K.136,F.070,L.168,H.087,F.067,D.037,G.077,H.103,I.121,I.115,N.198,M.179,D.052,E.064,L.169,B.024,A.010,A.008,L.149,M.190,D.044,E.057,M.192,D.038,I.118,D.040,E.062,B.014,B.020,C.034,G.075,M.177,G.084,H.092,L.167,N.197,A.006,A.003"
Klinik Pratama,901,1,Ekonomis,"A.011,H.102,C.027,E.055,D.048,A.007,F.067,D.037,F.065,G.082,I.121,A.004,H.107,I.110,K.148,G.078,G.073,I.114,K.142,E.056,A.005,C.030,D.039,D.053,D.040,H.088,E.062,B.025,B.020,C.034,K.146,B.022,B.019,A.006"
Gedung Sekolah / Kelas,995,1,Ekonomis,"D.046,G.086,E.059,C.035,H.093,B.013,F.070,D.048,B.018,A.007,F.067,A.004,H.107,C.032,E.064,A.010,G.079,H.094,K.148,G.081,K.142,D.038,I.109,D.049,I.108,D.040,E.062,I.124,A.012,B.014,K.140,C.034,B.015,A.006"
Renovasi Rumah (Minor),1113,1,Standar,"F.066,A.001,G.086,A.009,C.026,K.137,D.048,B.018,D.036,F.067,I.121,D.043,H.105,C.032,D.042,E.061,E.057,G.078,K.138,I.122,I.120,H.089,D.039,G.074,E.062,B.020,C.028,K.143,A.002,B.022,B.015,H.091,A.006,A.003"
Ruko Premium (3 Lantai+),247,1,Standar,"F.066,A.009,E.059,B.013,D.048,H.104,D.043,I.110,B.016,C.032,G.079,B.021,A.008,K.147,D.044,I.113,K.138,E.058,G.081,F.071,H.089,A.005,C.030,B.023,D.040,A.012,I.116,D.051,K.143,H.091,E.056,G.085,C.029,A.003"
Masjid Musholla (Lingkungan),354,1,Standar,"F.066,A.003,E.059,C.035,C.026,B.013,H.096,D.048,H.087,B.018,A.007,I.121,G.076,D.052,G.080,I.110,F.069,A.010,K.148,K.138,E.058,D.045,D.038,A.005,G.074,E.062,I.124,B.025,B.020,K.146,H.091,A.006,G.085,C.029,D.050"
Renovasi Rumah (Minor),1048,1,Standar,"I.123,A.001,A.009,E.059,K.136,E.055,K.137,B.018,A.007,D.037,G.082,H.107,D.052,G.080,C.032,A.010,H.098,I.112,D.045,F.072,D.049,F.068,C.030,B.023,H.095,D.053,G.083,E.062,B.014,I.127,C.034,K.143,B.019,A.006"
Masjid Musholla (Lingkungan),1359,1,Ekonomis,"A.011,G.086,E.059,C.035,C.031,K.141,D.036,H.090,G.082,G.076,D.043,A.004,E.064,F.069,E.063,H.094,B.021,A.008,H.098,K.139,G.078,K.138,I.112,G.073,I.109,D.041,F.068,D.039,G.074,B.014,I.127,B.017,C.028,D.051,A.002,B.022,A.006"
Ruko Standar (2 Lantai),855,2,Ekonomis,"C.035,K.141,C.027,H.096,E.055,D.048,H.087,A.007,D.037,F.065,D.043,A.004,B.024,A.010,H.094,E.061,E.057,K.138,C.033,F.072,D.053,G.083,I.124,A.012,I.116,B.017,I.127,K.140,G.075,D.051,B.022,B.019,G.085,A.003"
Gedung Sekolah / Kelas,263,1,Ekonomis,"F.066,A.011,D.046,K.144,G.086,E.059,C.031,H.096,B.018,F.067,D.037,I.115,A.004,H.101,D.052,C.032,H.094,B.021,A.008,I.113,E.057,K.138,G.081,D.041,A.005,D.049,I.108,G.074,E.062,B.014,B.020,K.143,A.006,C.029"
Renovasi Rumah (Minor),1138,1,Premium,"A.011,D.046,H.102,I.123,A.001,M.188,A.009,E.059,H.093,L.155,B.013,K.136,M.189,A.007,F.067,F.065,M.195,G.076,I.115,G.080,N.199,H.094,A.008,K.148,D.044,I.113,M.190,C.033,D.041,G.083,E.062,B.014,L.152,E.060,K.140,B.020,C.034,L.154,C.028,D.051,M.177,L.175,L.167,N.197,B.019,D.050"
Ruko Premium (3 Lantai+),700,1,Premium,"M.187,A.011,K.144,H.100,A.001,L.171,C.035,C.026,B.013,C.031,N.196,F.070,K.137,H.099,L.160,D.037,M.195,D.043,A.004,D.047,M.194,L.162,M.180,D.052,F.069,B.024,K.148,E.057,G.078,I.112,A.005,D.049,I.108,L.174,B.023,I.118,H.097,G.074,E.062,B.017,M.177,G.084,N.197,L.157,E.056,A.003"
Rumah Komersil (Type 45-70),1383,1,Premium,"F.066,G.086,A.009,E.059,L.171,C.031,N.196,L.161,L.160,B.018,E.054,D.037,G.077,I.121,M.184,A.004,M.194,N.198,H.101,M.180,C.032,F.069,B.024,M.193,A.008,L.149,L.176,K.148,D.044,I.113,E.057,D.045,G.073,I.117,C.033,D.041,H.089,D.053,H.088,B.014,K.140,K.143,A.002,M.183,B.015,A.006"
Rumah Mewah (2 Lantai+),291,2,Premium,"F.066,A.001,A.009,H.093,N.196,M.189,D.036,M.186,L.151,M.184,L.150,M.194,N.198,M.180,G.080,L.172,B.024,E.063,H.094,K.147,A.008,K.139,G.078,E.058,F.071,I.122,I.117,D.038,I.109,D.041,A.005,L.174,C.030,B.023,D.039,G.074,E.062,L.152,B.017,C.028,K.143,A.002,B.019,H.091,C.029,D.050"
Ruko Standar (2 Lantai),93,2,Premium,"D.046,A.003,G.086,A.009,E.059,C.035,M.188,B.013,C.027,L.160,M.186,G.082,D.043,A.004,M.194,N.198,H.101,L.172,N.199,E.064,F.069,M.190,E.057,K.138,F.071,I.112,L.165,I.114,D.041,A.005,H.095,D.039,L.173,A.012,K.140,B.020,L.175,K.143,I.119,M.183,B.019,B.015,H.091,G.085,C.029,D.050"
Renovasi Rumah (Minor),990,1,Standar,"H.100,A.001,E.059,C.031,K.136,E.055,K.137,H.099,D.037,G.076,I.115,D.052,C.032,D.042,B.024,A.010,B.021,A.008,K.139,D.045,I.122,I.114,F.072,F.068,B.023,D.040,H.088,A.012,B.020,C.034,A.002,G.084,E.056,G.085"
Ruko Premium (3 Lantai+),1108,1,Ekonomis,"K.144,H.100,C.026,F.070,E.054,D.037,F.065,D.043,A.004,I.115,D.047,G.080,E.064,A.010,G.079,E.061,D.044,K.142,A.005,D.049,H.095,B.023,H.106,G.074,K.145,A.012,I.127,B.017,C.034,I.126,B.019,B.015,C.029,A.003"
Renovasi Rumah (Minor),491,1,Standar,"F.066,D.046,A.001,G.086,K.141,K.136,E.055,D.048,A.007,G.082,A.004,H.107,D.042,B.024,A.010,B.021,H.098,E.057,G.081,I.117,K.142,C.033,D.038,H.089,F.068,I.108,D.039,E.060,B.020,C.028,I.126,B.019,A.006,C.029"
Gedung Sekolah / Kelas,526,1,Ekonomis,"A.011,K.144,H.100,A.001,A.003,C.031,H.087,B.018,E.054,F.067,A.004,A.010,E.063,K.147,K.138,F.071,D.045,I.117,I.114,D.038,B.023,D.039,G.083,G.074,H.088,E.062,I.124,B.025,C.034,D.051,B.019,G.085,C.029,D.050"
Klinik Pratama,1210,1,Standar,"A.011,D.046,K.144,H.100,A.001,E.055,H.087,B.018,F.067,G.082,D.043,C.032,D.042,E.064,F.069,B.021,A.008,K.139,K.148,I.113,I.114,I.125,A.005,C.030,D.039,D.053,G.083,E.062,B.014,B.025,C.028,H.091,G.081,A.003"
Cafe / Restoran (Interior),1333,1,Ekonomis,"A.011,A.009,C.026,F.070,E.055,H.099,D.037,G.076,D.047,H.101,D.052,F.069,B.021,E.061,K.147,K.138,G.073,I.122,K.142,C.033,I.109,B.023,D.040,H.097,A.012,B.014,E.060,C.034,D.051,A.002,I.119,B.022,G.081,A.003"
Gedung Kampus,1285,1,Ekonomis,"A.001,A.003,H.093,C.031,B.013,K.136,K.137,E.054,F.067,H.090,I.121,H.104,D.047,G.080,B.024,A.010,K.138,E.058,C.033,I.109,F.072,D.041,A.005,D.049,D.040,G.083,A.012,B.014,E.060,I.127,B.015,G.085,C.029,D.050"
Cafe / Restoran (Interior),93,1,Premium,"M.187,K.144,H.100,A.009,K.141,F.070,E.055,D.048,H.099,L.161,A.007,G.077,F.065,H.090,L.151,G.076,D.043,I.115,L.150,M.180,M.179,L.172,N.199,C.032,G.079,B.021,A.008,K.139,M.190,E.057,D.045,I.109,A.005,C.030,B.023,D.039,D.040,A.012,B.014,E.060,L.154,C.028,N.197,B.022,M.183,I.120"
Klinik Pratama,181,1,Premium,"A.011,A.003,E.059,N.196,C.026,L.155,L.157,M.189,B.018,D.036,M.186,H.090,G.082,G.080,N.199,D.042,A.010,A.008,H.098,L.176,K.148,E.057,K.138,L.164,F.071,M.192,K.142,H.089,F.068,I.111,C.030,D.040,G.074,A.006,I.124,B.014,L.152,M.177,D.051,B.022,B.015,M.185,I.120,E.056,C.029,D.050"
Masjid Musholla (Lingkungan),1203,1,Premium,"A.011,D.046,H.100,M.182,C.035,C.031,B.013,K.137,L.153,B.018,A.007,F.067,D.037,F.065,G.077,H.090,G.076,M.186,I.115,N.198,H.105,L.162,N.199,D.042,A.008,I.113,E.057,G.078,K.138,D.045,G.073,L.174,D.039,E.062,A.012,I.127,E.060,B.025,L.152,B.020,L.158,M.177,K.146,A.002,G.084,M.183,M.185,C.029"
Ruko Standar (2 Lantai),93,2,Ekonomis,"A.011,H.100,A.001,A.003,G.086,E.059,E.055,F.067,G.082,G.076,H.107,D.047,I.110,B.024,E.061,K.148,D.045,K.142,C.033,F.068,I.111,H.106,D.053,A.012,K.140,B.025,B.020,C.028,D.051,I.126,A.002,B.019,C.029,D.050"
Ruko Standar (2 Lantai),879,2,Ekonomis,"A.011,I.123,H.100,A.003,A.009,K.141,D.048,E.054,A.004,C.032,B.021,H.098,K.148,D.044,I.113,E.058,F.072,A.005,F.068,D.039,D.040,G.083,E.062,K.145,B.020,C.034,C.028,I.126,G.084,B.019,B.015,H.097,G.085,D.050"
Gedung Sekolah / Kelas,392,1,Premium,"F.066,A.001,M.191,A.009,L.171,K.141,C.031,L.155,N.196,L.153,M.186,F.067,H.090,I.121,M.184,L.163,M.179,N.199,B.016,C.032,L.169,B.024,A.010,E.063,G.079,M.193,A.008,K.148,E.057,G.078,K.138,D.041,H.089,A.005,D.049,D.039,D.053,E.062,B.014,C.034,G.075,D.051,I.126,I.119,B.022,H.091"
Ruko Standar (2 Lantai),569,2,Standar,"A.011,I.123,H.100,A.009,C.035,C.027,F.070,K.137,G.076,D.047,G.080,A.010,B.021,H.098,K.147,K.148,D.044,E.057,E.058,F.071,G.073,D.041,H.095,B.023,D.039,I.124,A.012,B.017,E.060,C.034,D.051,A.002,I.119,B.022"
Masjid Raya (Kubah Besar),1367,1,Standar,"D.046,G.086,C.027,F.070,A.007,F.067,D.037,G.082,D.043,A.004,E.063,H.094,B.021,E.061,K.148,C.033,I.109,A.005,H.106,D.039,I.118,H.097,G.074,A.006,K.145,A.012,I.116,B.017,B.020,C.034,G.075,K.143,G.084,B.019,E.056,D.050"
Pos Keamanan (Pos Satpam),1281,1,Premium,"A.011,D.046,A.009,H.093,K.141,C.027,L.155,N.196,K.137,M.189,M.186,D.037,I.121,G.082,D.043,H.107,M.180,N.199,F.069,A.010,H.094,E.061,K.148,M.190,G.078,M.192,L.165,I.114,E.056,C.033,A.005,F.068,L.173,G.074,E.062,B.014,L.158,B.025,C.034,L.154,D.051,B.022,B.015,I.120,A.006,D.050"
Rumah Komersil (Type 45-70),1303,1,Premium,"A.003,M.188,C.035,H.093,B.013,C.027,E.055,H.099,L.160,M.195,H.104,D.043,I.115,L.150,D.047,N.198,L.162,I.110,B.016,A.010,G.079,K.147,A.008,K.148,E.057,E.058,M.192,K.142,C.033,F.072,D.041,D.049,F.068,I.118,A.012,B.025,L.154,G.075,N.197,B.022,M.183,M.185,L.157,A.006,G.085,D.050"
Klinik Pratama,858,1,Standar,"I.123,A.009,E.059,C.031,K.136,E.055,D.048,K.137,F.065,A.004,G.080,H.094,B.021,K.147,D.045,G.073,I.117,C.033,A.005,D.049,F.068,I.111,D.039,G.083,H.088,A.006,B.014,B.025,B.020,C.028,D.051,A.002,H.092,E.056"
Masjid Raya (Kubah Besar),1488,1,Standar,"A.011,G.086,A.009,C.026,C.027,H.087,B.018,A.007,E.054,D.037,G.077,G.082,G.076,D.043,B.016,E.064,F.069,B.024,I.113,I.112,D.045,K.142,C.033,D.041,A.005,D.049,F.068,H.095,G.074,H.088,E.062,K.145,A.012,K.146,G.084,B.019,I.120"
Gedung Sekolah / Kelas,1467,1,Ekonomis,"A.011,K.144,H.100,C.026,C.027,K.136,E.055,A.004,E.064,D.042,E.063,H.094,A.008,F.071,D.045,I.122,I.114,F.072,D.041,B.023,D.040,G.083,H.088,A.012,B.014,B.025,B.020,C.028,G.075,K.143,A.002,I.119,G.085,D.050"
Jalan Lingkungan (Paving/Beton),588,1,Standar,"A.012,A.011,B.014,B.025,D.047,C.028,A.009,D.053,D.052,C.031,D.038,A.005,B.022,C.030,A.008,B.015,D.044"
Masjid Musholla (Lingkungan),574,1,Standar,"A.001,G.086,E.059,C.035,F.070,H.096,B.018,D.036,I.121,G.076,D.043,H.107,I.110,D.042,A.010,E.063,K.147,E.058,G.073,I.122,C.033,F.068,H.095,D.039,G.083,A.012,B.017,D.051,K.143,A.002,K.146,B.022,B.015,A.006,G.085,C.029"
Gedung Sekolah / Kelas,1250,1,Ekonomis,"A.001,G.086,C.031,B.013,D.048,F.067,D.043,I.115,E.064,H.094,A.008,E.061,K.139,I.113,E.057,D.045,D.038,H.089,A.005,F.068,I.111,D.040,G.074,H.097,B.014,B.017,B.025,K.140,C.028,K.143,A.002,G.081,C.029,A.003"
Gedung Sekolah / Kelas,501,1,Ekonomis,"A.011,H.102,A.001,C.026,K.136,G.077,G.082,I.115,A.004,D.052,B.016,D.042,F.069,H.094,B.021,E.061,K.138,G.081,D.045,C.033,F.072,D.049,I.111,D.053,H.088,E.062,A.006,K.145,B.014,I.116,B.025,E.056,C.029,A.003"
Masjid Raya (Kubah Besar),358,1,Ekonomis,"E.059,C.027,F.070,H.096,A.007,F.067,D.037,G.077,H.101,B.016,C.032,A.010,B.021,K.147,K.148,E.057,G.081,G.073,I.109,D.041,H.106,D.039,D.040,E.062,A.012,B.014,I.127,I.126,K.143,A.002,B.022,A.006,G.085,C.029,D.050"
Renovasi Rumah (Minor),682,1,Ekonomis,"F.066,A.001,A.009,C.035,B.013,K.136,E.055,H.087,B.018,D.036,E.054,D.042,A.010,E.063,H.098,K.138,I.112,G.073,A.005,F.068,C.030,D.039,D.053,H.097,G.074,K.140,B.020,I.126,D.051,B.015,I.120,G.081,C.029,A.003"
Renovasi Rumah (Minor),451,1,Ekonomis,"D.046,H.100,A.001,G.086,C.035,K.141,B.013,C.027,H.096,K.137,A.007,D.036,A.004,D.052,G.080,E.064,E.063,H.094,A.008,K.138,D.045,I.114,D.038,F.072,F.068,I.108,G.074,I.127,B.017,C.028,A.002,B.022,B.015,E.056"
Rumah Mewah (2 Lantai+),1349,2,Premium,"A.011,L.166,A.001,H.093,K.141,C.027,L.153,L.168,M.189,L.156,B.018,D.037,M.184,D.043,A.004,N.198,M.179,D.052,I.110,B.016,C.032,H.094,A.008,K.148,M.181,G.078,E.058,M.192,F.071,D.038,F.068,H.095,B.023,D.053,E.062,B.014,K.140,C.028,G.075,I.126,L.167,N.197,I.120,E.056,G.085,A.003"
Rumah Subsidi (Type 21-36),421,1,Premium,"A.001,A.003,L.171,N.196,C.026,C.027,K.137,D.048,L.160,L.156,B.018,G.077,I.121,H.107,D.047,M.194,M.180,N.199,B.016,D.042,E.063,K.147,A.008,M.181,M.190,L.164,E.058,F.071,C.033,A.005,F.068,D.053,H.088,E.062,I.124,K.145,B.014,I.127,L.152,A.002,G.084,H.092,M.183,B.019,G.081,D.050"
Cafe / Restoran (Interior),568,1,Ekonomis,"A.011,D.046,H.102,I.123,G.086,C.026,C.027,K.137,B.018,A.007,D.036,G.082,A.004,H.101,E.064,D.042,F.069,A.010,E.061,E.057,G.078,K.142,D.041,F.068,I.111,D.040,I.127,B.025,B.020,K.146,A.002,B.019,H.097,C.029"
Gedung Kampus,529,1,Premium,"A.001,M.191,M.188,K.141,N.196,C.027,F.070,L.161,D.048,L.153,H.087,L.160,M.189,A.007,G.082,M.194,N.198,L.162,M.180,D.052,B.024,A.010,E.063,K.147,K.148,E.057,F.071,I.112,G.073,C.033,I.109,D.049,H.095,H.106,D.039,D.053,I.118,E.062,B.014,B.025,A.002,G.084,L.167,B.022,C.029,A.003"
Gedung Sekolah / Kelas,969,1,Ekonomis,"A.011,D.046,H.100,A.003,C.031,B.013,F.070,K.137,D.048,H.099,A.007,G.082,I.115,H.105,I.110,E.063,G.079,A.008,E.061,K.139,G.078,K.138,F.071,I.114,D.038,C.030,E.062,B.014,D.051,B.019,B.015,A.006,C.029,D.050"
Rumah Mewah (2 Lantai+),755,2,Ekonomis,"A.011,D.046,K.144,G.086,A.009,E.059,C.035,H.096,E.055,D.048,K.137,A.007,F.067,D.037,M.195,G.076,M.184,A.004,N.198,H.101,L.162,M.179,N.199,B.016,C.032,D.042,H.094,G.079,E.057,K.138,L.164,M.192,I.117,F.072,I.125,D.049,L.174,B.023,I.118,B.014,L.158,B.020,M.185,L.157,C.029,A.003"
Ruko Premium (3 Lantai+),186,1,Ekonomis,"A.001,G.086,K.141,C.031,F.070,K.137,D.036,H.105,C.032,E.064,F.069,A.010,E.063,B.021,E.057,G.078,I.112,I.117,D.038,D.041,A.005,H.095,K.145,A.012,B.014,B.020,G.075,D.051,I.126,B.022,H.091,A.006,C.029,D.050"
Renovasi Rumah (Minor),837,1,Ekonomis,"F.066,A.001,C.026,F.070,H.096,A.007,G.082,C.032,E.064,E.063,H.094,K.147,A.008,E.061,I.113,K.138,I.112,D.045,D.038,H.089,D.053,D.040,G.074,K.145,A.012,I.127,B.017,B.020,D.051,A.002,B.022,B.019,G.081,C.029"
Renovasi Rumah (Minor),859,1,Ekonomis,"A.011,D.046,A.009,E.059,K.141,D.037,F.065,G.077,G.082,D.043,A.004,H.105,I.110,C.032,D.042,B.024,E.063,F.069,K.148,E.057,C.033,I.109,D.041,H.089,A.005,H.095,B.017,B.020,C.034,K.143,A.002,I.119,B.022,G.085"
Cafe / Restoran (Interior),56,1,Standar,"H.100,A.009,E.059,C.035,K.137,H.087,E.054,D.043,A.004,G.080,C.032,B.024,B.021,K.148,G.081,I.117,D.038,F.072,D.041,A.005,F.068,I.111,C.030,D.039,A.012,B.017,K.140,A.002,I.119,G.084,H.092,B.019,E.056,D.050"
Gedung Sekolah / Kelas,369,1,Standar,"A.011,D.046,A.009,K.137,D.036,E.054,D.043,A.004,H.105,I.110,C.032,D.042,G.079,K.148,I.113,F.071,D.038,F.072,A.005,C.030,B.023,G.074,H.088,E.062,K.145,B.017,E.060,B.020,C.034,G.075,A.002,I.119,B.015,H.091"
Masjid Raya (Kubah Besar),397,1,Standar,"F.066,D.046,K.144,A.001,A.009,E.059,C.035,H.096,F.067,G.077,D.043,G.080,B.016,C.032,B.024,K.148,D.044,I.113,G.078,K.138,G.081,D.041,H.089,C.030,E.062,A.006,A.012,I.116,G.075,D.051,I.119,H.092,B.022,B.019,E.056,A.003"
Masjid Musholla (Lingkungan),876,1,Standar,"A.001,A.009,K.141,C.027,E.055,B.018,H.090,F.065,A.004,D.047,H.101,G.080,E.063,G.079,K.147,D.044,K.138,E.058,D.045,F.068,I.108,C.030,B.023,D.040,G.074,A.012,I.116,B.017,A.002,I.119,G.084,B.019,H.091,G.085,C.029,D.050"
Gedung Kampus,751,1,Ekonomis,"F.066,A.011,D.046,I.123,H.100,A.001,K.144,A.009,C.031,K.136,K.137,B.018,D.043,H.107,B.024,A.010,E.063,B.021,A.008,E.061,G.081,G.073,C.033,F.068,I.108,C.030,B.023,D.039,D.040,H.097,I.116,G.075,D.051,E.056"
Rumah Subsidi (Type 21-36),1467,1,Ekonomis,"I.123,A.001,A.009,C.035,C.031,H.093,D.048,B.018,E.054,G.077,H.103,A.004,I.110,B.016,C.032,E.064,F.069,G.079,K.148,D.044,F.071,D.045,K.142,H.106,D.039,I.118,D.040,E.062,A.012,K.140,B.020,B.019,A.006,G.085"
Cafe / Restoran (Interior),89,1,Ekonomis,"A.011,I.123,A.001,A.009,E.059,C.035,H.093,K.141,F.070,E.055,D.036,H.103,F.065,H.107,C.032,B.024,K.139,G.073,I.117,I.114,D.041,D.049,B.023,D.040,A.012,E.060,B.025,C.028,D.051,K.146,G.084,B.015,G.081,A.003"
Klinik Pratama,645,1,Premium,"A.011,D.046,L.166,H.100,A.001,M.191,E.059,C.035,N.196,B.013,K.136,L.168,D.037,G.077,M.195,H.104,I.115,A.004,L.162,M.180,D.052,N.199,C.032,B.024,K.147,L.149,D.044,I.113,E.057,K.138,L.164,G.073,M.178,F.072,F.068,I.111,A.012,B.017,B.025,E.060,C.028,D.051,G.075,A.002,H.091,M.181"
Jalan Lingkungan (Paving/Beton),1094,1,Premium,"A.011,A.001,M.182,N.196,B.013,D.048,B.018,A.007,M.184,L.163,L.150,D.047,M.180,N.199,A.010,B.021,M.192,D.045,M.178,A.005,C.030,D.053,D.040,C.034,L.154,L.175,L.167,B.015,C.029"
Rumah Komersil (Type 45-70),792,1,Ekonomis,"A.001,G.086,B.013,C.027,K.136,F.067,D.037,D.043,A.004,C.032,D.042,B.024,A.010,E.064,E.063,F.069,E.061,G.079,H.098,K.139,I.122,I.108,D.053,H.097,H.088,B.014,C.028,D.051,K.143,G.084,B.015,I.120,A.006,A.003"
Jalan Lingkungan (Paving/Beton),46,1,Ekonomis,"A.011,B.017,D.046,D.047,A.001,A.009,C.033,D.041,C.032,C.030,B.023,B.019,B.021,D.053,A.007,A.006,D.037"
Jalan Lingkungan (Paving/Beton),1059,1,Premium,"N.196,C.026,D.048,B.018,D.037,M.195,M.184,A.004,L.150,M.194,M.180,L.172,C.032,L.169,B.024,A.008,L.176,L.149,D.045,D.038,A.005,C.030,D.040,B.014,B.017,M.177,N.197,A.006,A.003"
Masjid Raya (Kubah Besar),815,1,Ekonomis,"A.011,E.059,C.027,H.087,B.018,D.037,F.065,I.121,A.004,G.080,B.016,G.079,A.008,K.139,D.044,E.058,D.045,G.073,C.033,F.072,H.089,A.005,D.049,H.095,I.124,K.145,A.012,B.017,E.060,B.020,C.034,G.075,D.051,I.126,K.143,G.085"
Gedung Kampus,942,1,Premium,"A.011,A.001,M.191,A.009,C.035,K.141,C.027,N.196,K.137,M.189,D.036,E.054,H.104,D.047,H.101,M.179,L.172,D.042,F.069,B.021,L.176,G.078,E.058,F.071,I.117,I.109,I.125,A.005,C.030,B.023,D.053,G.083,G.074,H.088,L.170,B.014,K.140,L.154,D.051,L.167,N.197,M.183,B.019,M.185,E.056,A.003"
Cafe / Restoran (Interior),845,1,Premium,"A.011,H.100,A.001,M.188,A.009,C.035,N.196,B.013,L.168,D.036,F.067,D.037,M.186,G.076,L.163,D.047,N.198,L.162,M.179,G.080,C.032,D.042,F.069,B.021,A.008,K.139,E.057,K.138,M.192,I.122,L.165,I.117,H.089,H.095,D.040,L.170,E.062,K.145,E.060,C.034,I.126,M.177,A.002,B.022,B.015,G.085"
Gudang Konstruksi Baja,490,1,Ekonomis,"F.066,D.046,A.001,B.013,C.027,E.055,K.137,F.067,G.077,H.090,I.115,A.004,H.107,D.047,H.105,G.080,C.032,B.024,E.063,A.008,K.148,D.044,G.081,E.056,D.038,D.041,I.124,B.014,I.127,C.028,K.143,B.022,A.006,A.003"
Masjid Raya (Kubah Besar),666,1,Ekonomis,"F.066,D.046,H.102,A.003,A.009,K.141,D.048,B.018,A.007,H.090,G.077,D.052,G.080,A.010,B.021,E.061,K.147,K.139,G.078,G.081,F.071,H.089,C.030,D.040,G.083,E.062,I.127,C.034,I.126,A.002,I.119,G.084,B.019,B.015,E.056,C.029,D.050"
Rumah Komersil (Type 45-70),1132,1,Standar,"A.011,D.046,E.059,H.093,C.026,B.013,C.031,K.141,F.070,E.055,D.048,H.096,B.018,D.036,A.007,A.004,H.107,K.147,E.058,G.081,I.109,I.125,D.049,F.068,B.023,D.040,G.083,G.074,I.116,B.025,C.028,K.143,A.002,A.006"
Jalan Lingkungan (Paving/Beton),323,1,Ekonomis,"D.045,A.001,C.034,C.031,B.016,D.041,D.049,D.044,B.022,C.030,B.021,A.008,B.019,A.007,A.006,D.039,A.003"
Klinik Pratama,1450,1,Standar,"C.031,C.026,K.136,H.096,D.048,H.087,B.018,E.054,I.121,F.065,G.082,A.004,D.052,B.024,A.010,K.148,D.044,I.113,E.057,G.078,D.045,I.117,A.005,F.068,C.030,B.023,H.088,K.145,A.012,B.014,E.060,A.002,G.084,D.050"
Cafe / Restoran (Interior),1243,1,Premium,"A.011,D.046,K.144,M.182,M.191,A.009,C.035,C.026,L.168,A.007,H.103,D.037,M.186,G.082,A.004,L.150,N.198,H.105,L.172,E.064,F.069,B.024,H.098,M.181,D.044,I.113,E.057,E.058,G.078,M.192,I.114,K.142,F.072,D.041,D.049,L.170,K.145,A.012,B.014,I.116,L.158,B.020,C.034,N.197,B.015,G.081"
Klinik Pratama,682,1,Standar,"A.011,A.001,E.059,H.093,B.013,C.027,K.137,B.018,E.054,G.077,H.090,I.121,A.004,D.047,G.080,C.032,D.042,B.024,F.069,G.079,E.058,I.114,K.142,C.033,I.109,A.005,F.068,B.023,H.106,D.040,A.012,D.051,K.143,D.050"
Renovasi Rumah (Minor),398,1,Ekonomis,"G.086,C.035,C.026,B.013,K.141,E.055,D.036,A.007,D.037,G.080,E.064,D.042,F.069,I.113,E.057,G.078,F.071,A.005,C.030,H.106,D.040,H.097,H.088,K.145,I.116,B.017,K.140,D.051,A.002,B.022,B.015,I.120,A.006,A.003"
Pos Keamanan (Pos Satpam),1467,1,Standar,"D.046,A.001,E.059,C.035,C.026,K.136,F.070,H.099,B.018,A.007,G.082,D.043,I.110,C.032,A.008,K.139,D.044,E.057,D.045,I.114,F.072,I.125,H.095,B.023,D.053,G.083,E.062,A.012,B.017,B.025,K.140,G.084,H.092,A.006"
Gedung Sekolah / Kelas,1333,1,Ekonomis,"A.011,A.009,C.035,C.031,E.054,D.037,F.067,H.103,H.105,I.110,E.064,K.139,K.148,K.138,G.081,F.071,I.112,D.038,D.041,A.005,B.023,D.039,D.053,H.097,A.012,B.014,E.060,I.127,C.028,G.075,G.084,B.019,B.015,A.006"
Pos Keamanan (Pos Satpam),1168,1,Standar,"F.066,D.046,H.102,A.009,K.141,C.031,B.013,C.027,E.055,E.054,G.077,F.065,A.004,D.052,G.080,A.010,B.021,H.098,K.147,E.057,D.045,I.109,I.125,H.089,A.005,I.111,D.039,D.040,K.145,A.012,C.028,G.084,B.019,B.015"
Gudang Konstruksi Baja,1491,1,Ekonomis,"A.001,C.035,B.013,E.055,D.048,H.087,A.007,H.090,I.121,C.032,H.094,K.147,K.139,K.148,D.044,G.078,E.058,G.081,I.112,I.117,E.056,D.038,F.072,A.005,F.068,A.012,B.014,B.025,C.034,G.075,D.051,B.022,A.006,D.050"
Ruko Premium (3 Lantai+),980,1,Ekonomis,"K.144,A.001,E.059,H.093,C.031,K.141,F.070,D.048,B.018,D.036,E.054,A.007,F.065,H.090,G.076,I.115,D.047,G.080,C.032,D.042,K.139,E.058,D.041,H.089,A.005,A.012,I.127,B.017,B.025,C.028,G.075,I.126,B.019,A.006"
Klinik Pratama,880,1,Premium,"M.187,H.102,A.009,E.059,K.141,C.031,L.153,D.048,M.189,A.007,D.036,F.067,M.184,A.004,L.172,I.110,N.199,C.032,D.042,L.169,B.021,A.008,K.139,D.044,I.113,E.057,G.073,F.072,A.005,H.095,B.023,H.106,I.124,L.152,E.060,B.020,C.034,L.154,M.177,D.051,K.146,G.084,N.197,B.022,M.183,G.085"
Rumah Komersil (Type 45-70),1367,1,Premium,"F.066,A.011,K.144,H.102,M.187,A.001,M.182,E.059,C.035,K.136,E.055,D.048,L.153,L.156,A.007,E.054,H.090,G.082,M.195,H.107,D.047,N.198,G.080,N.199,C.032,D.042,B.024,A.008,M.190,K.138,L.164,I.112,G.073,D.041,F.068,L.174,B.023,I.124,B.020,L.154,C.028,A.002,I.119,B.022,M.183,D.050"
Pos Keamanan (Pos Satpam),1005,1,Premium,"A.011,D.046,A.003,A.009,B.013,K.136,E.055,D.048,M.189,L.160,A.007,G.076,N.198,H.101,L.172,N.199,D.042,A.010,M.193,B.021,H.098,M.190,E.058,D.045,M.178,I.114,F.072,F.068,I.108,C.030,B.023,G.074,K.145,L.152,E.060,B.025,K.140,C.034,C.028,L.175,I.119,G.084,M.185,L.157,H.097,D.050"
Gudang Konstruksi Baja,872,1,Premium,"A.011,I.123,H.100,A.009,C.027,L.153,M.186,F.065,M.195,M.184,A.004,L.150,N.198,H.105,H.101,D.052,G.080,B.016,E.064,F.069,N.199,E.063,K.147,E.061,K.139,I.113,M.192,L.165,M.178,I.114,K.142,D.041,D.049,C.030,D.039,G.083,B.014,L.158,L.175,A.002,G.084,B.022,B.019,A.006,C.029,D.050"
Gudang Konstruksi Baja,619,1,Premium,"D.046,A.001,M.182,M.188,A.009,E.059,N.196,C.026,K.136,L.161,L.168,D.036,F.067,D.037,H.103,A.004,M.194,N.198,M.180,M.179,B.016,E.064,B.021,L.176,K.138,D.045,I.117,C.033,I.109,F.068,C.030,G.083,H.097,H.088,L.170,A.012,B.017,G.075,D.051,I.126,L.175,K.143,B.015,E.056,G.085,A.003"
Ruko Premium (3 Lantai+),1472,1,Standar,"C.031,C.026,D.048,A.007,E.054,F.065,G.076,H.107,D.047,D.052,G.080,I.110,B.024,A.008,E.061,H.098,K.148,K.139,I.122,I.114,C.033,D.038,F.072,H.095,D.053,G.074,A.012,E.060,B.025,K.143,B.019,B.015,A.006,A.003"
Ruko Premium (3 Lantai+),1199,1,Ekonomis,"A.011,I.123,H.100,A.001,G.086,E.059,H.087,E.054,G.077,F.065,G.082,D.043,D.047,A.008,K.139,K.138,D.045,C.033,D.038,A.005,F.068,C.030,B.023,D.053,H.088,I.124,I.116,B.020,K.146,B.022,B.019,E.056,C.029,A.003"
Klinik Pratama,639,1,Standar,"F.066,A.011,K.144,A.001,C.031,K.136,K.137,D.048,E.054,H.103,I.115,A.004,D.042,F.069,A.008,E.061,D.044,G.078,G.073,C.033,D.038,D.049,I.108,C.030,H.095,H.106,G.074,B.014,B.017,E.060,B.020,I.126,B.019,A.003"
Gudang Konstruksi Baja,710,1,Premium,"A.011,H.100,C.035,H.093,C.027,L.155,N.196,F.070,M.189,L.156,B.018,L.151,F.065,M.195,M.184,D.043,D.047,L.162,D.052,G.080,D.042,E.063,M.193,A.008,M.190,D.044,I.113,E.057,K.138,C.033,H.089,I.108,G.074,B.014,I.116,E.060,K.140,L.158,B.020,G.075,K.143,A.002,N.197,B.015,A.006,A.003"
Cafe / Restoran (Interior),1411,1,Premium,"E.059,N.196,C.027,K.136,L.156,B.018,D.036,M.186,F.065,L.163,L.150,M.179,M.180,L.172,C.032,A.010,G.079,H.094,K.147,A.008,H.098,M.190,I.113,E.057,G.078,I.122,D.041,A.005,F.068,L.174,D.039,D.053,D.040,G.083,E.062,I.124,A.012,B.020,K.146,A.002,N.197,B.022,M.183,B.019,H.097,C.029"
Gudang Konstruksi Baja,855,1,Standar,"D.046,A.001,A.009,C.035,K.141,B.013,K.136,F.070,A.007,G.076,H.104,H.107,I.110,B.016,E.064,D.042,B.024,E.063,G.079,B.021,E.061,D.045,I.114,D.038,H.089,F.068,C.030,D.039,I.118,G.083,K.145,C.028,A.006,A.003"
Pos Keamanan (Pos Satpam),856,1,Ekonomis,"A.011,K.144,A.001,A.009,E.059,F.070,E.055,D.048,A.007,D.037,I.121,G.082,G.076,H.104,D.047,B.016,C.032,B.021,A.008,E.061,K.147,K.138,D.045,I.117,F.072,H.106,D.053,B.014,C.034,I.126,B.022,H.091,G.081,C.029"
Gedung Kampus,1284,1,Standar,"A.001,G.086,E.059,C.027,E.055,K.137,A.007,D.036,G.077,D.043,C.032,D.042,B.024,A.010,H.098,D.044,F.071,I.117,K.142,I.120,F.072,H.095,B.023,G.074,B.014,E.060,B.025,C.028,D.051,I.126,K.146,A.002,H.091,A.003"
Rumah Subsidi (Type 21-36),735,1,Ekonomis,"A.011,A.001,G.086,H.093,C.031,F.070,K.137,D.048,G.082,A.004,D.042,A.008,E.061,K.138,F.071,I.112,D.045,I.117,C.033,D.038,H.089,D.039,E.062,I.116,B.025,B.020,G.075,K.146,A.002,H.092,B.019,B.015,E.056,C.029"
Rumah Mewah (2 Lantai+),534,2,Premium,"F.066,M.187,A.001,A.009,E.059,H.093,K.141,N.196,L.161,B.018,A.007,F.065,M.195,M.184,I.115,H.105,D.052,N.199,B.016,D.042,E.063,M.193,B.021,G.078,L.164,D.045,L.165,I.120,C.033,D.038,D.039,G.083,L.170,I.127,E.060,K.140,L.154,C.028,K.143,A.002,B.022,M.183,H.091,A.006,G.085,C.029"
Ruko Premium (3 Lantai+),692,1,Ekonomis,"A.011,A.001,E.059,H.093,C.027,K.137,E.054,F.065,G.076,H.104,H.101,I.110,D.042,B.024,A.010,D.044,I.117,K.142,D.038,F.072,B.023,D.053,D.040,K.145,A.012,I.116,E.060,B.025,C.034,C.028,G.075,G.084,B.022,A.006"
Rumah Subsidi (Type 21-36),1097,1,Standar,"I.123,A.009,C.035,B.013,H.099,B.018,D.036,F.067,D.043,A.004,D.052,B.016,C.032,F.069,A.010,E.063,H.094,K.147,A.008,E.061,H.098,G.078,E.058,K.138,K.142,I.109,A.005,B.023,D.053,G.074,I.127,C.028,G.081,D.050"
Gedung Sekolah / Kelas,1153,1,Premium,"F.066,L.166,H.100,A.001,M.191,A.009,C.035,K.141,N.196,G.077,F.065,G.076,L.163,A.004,D.047,N.198,L.162,B.016,C.032,D.042,A.010,E.063,H.094,B.021,A.008,K.148,M.190,E.058,D.045,I.122,L.165,M.178,I.125,L.173,H.088,I.124,B.020,C.034,M.177,D.051,K.146,B.022,M.183,E.056,G.085,D.050"
Gedung Sekolah / Kelas,1049,1,Standar,"A.011,H.100,A.003,G.086,K.141,C.026,B.013,C.031,A.007,D.037,A.004,D.052,C.032,E.064,F.069,A.008,K.148,E.058,F.072,H.089,I.125,D.049,I.111,H.095,G.083,I.116,B.017,K.140,G.075,D.051,B.019,B.015,E.056,D.050"
Ruko Premium (3 Lantai+),1212,1,Standar,"A.011,K.144,H.100,K.141,C.027,F.070,K.137,D.048,A.007,G.077,F.065,G.082,A.004,H.107,D.047,E.064,D.042,B.021,E.061,E.057,D.045,I.114,H.089,A.005,C.030,B.023,I.118,B.014,G.075,D.051,A.002,B.015,I.120,C.029"
Gudang Konstruksi Baja,250,1,Ekonomis,"G.086,A.009,I.121,G.082,D.052,B.016,D.042,B.024,A.010,B.021,A.008,K.147,K.148,E.058,G.081,F.071,D.045,K.142,E.056,I.109,D.041,H.089,D.049,F.068,C.030,H.106,E.062,I.116,C.028,B.019,H.091,A.006,C.029,A.003"
Rumah Mewah (2 Lantai+),1377,2,Ekonomis,"F.066,D.046,H.102,A.001,M.191,E.059,C.035,L.155,B.013,N.196,L.153,H.087,A.007,D.036,I.121,F.065,G.082,M.186,A.004,L.150,M.194,N.199,B.024,E.063,G.079,M.193,K.147,E.061,L.164,I.112,D.049,I.108,D.039,G.074,K.145,A.012,L.152,B.017,B.025,K.140,C.028,D.051,A.002,M.183,H.091,C.029"
Ruko Standar (2 Lantai),1267,2,Ekonomis,"F.066,H.102,A.001,E.059,H.093,C.031,K.141,H.087,A.007,D.037,I.121,G.082,D.043,C.032,E.064,F.069,A.010,B.021,A.008,K.147,G.073,D.038,D.041,A.005,D.039,I.124,I.116,B.017,B.020,C.034,K.146,B.022,E.056,G.085"
Klinik Pratama,898,1,Standar,"A.011,K.144,H.102,E.059,C.035,C.031,K.136,F.070,H.087,B.018,A.007,E.054,D.037,F.065,G.077,D.047,D.052,B.016,B.021,E.057,I.112,G.073,I.117,D.041,H.089,G.074,A.012,B.017,K.146,A.002,I.120,A.006,C.029,D.050"
Masjid Musholla (Lingkungan),337,1,Ekonomis,"A.011,G.086,A.009,E.059,H.093,C.031,B.013,K.137,D.048,H.087,D.036,E.054,G.077,F.065,G.076,H.104,A.004,C.032,B.021,K.148,E.058,D.045,I.109,D.041,A.005,F.068,C.030,G.074,A.012,I.126,D.051,K.143,I.119,B.022,B.019,G.081"
Ruko Premium (3 Lantai+),567,1,Premium,"A.011,A.009,E.059,K.141,C.031,L.155,F.070,M.186,H.090,F.065,G.082,L.151,G.076,M.184,M.195,D.047,M.194,N.198,H.101,D.052,B.016,C.032,B.024,E.063,K.147,A.008,E.061,D.044,K.142,I.109,I.108,L.174,H.095,L.173,D.053,I.127,B.025,C.028,D.051,G.075,N.197,B.022,M.183,L.157,A.006,A.003"
Ruko Standar (2 Lantai),1392,2,Premium,"M.187,A.011,D.046,A.003,M.188,A.009,N.196,B.013,H.096,L.168,M.189,L.156,F.067,D.037,L.150,L.162,C.032,D.042,A.010,E.063,G.079,B.021,E.061,K.139,K.147,L.176,M.193,I.117,I.120,C.033,D.038,F.072,I.109,H.106,G.083,E.062,K.145,A.012,C.028,M.177,G.084,N.197,B.022,B.019,H.091,D.050"
Klinik Pratama,1004,1,Premium,"A.011,K.144,A.003,M.188,E.059,K.141,C.026,C.027,N.196,F.070,L.153,D.048,H.099,B.018,E.054,M.195,L.163,H.101,L.162,D.052,L.172,M.179,A.010,M.193,B.021,K.139,M.190,I.113,E.058,I.112,G.073,A.005,F.068,C.030,B.023,H.095,D.040,B.025,D.051,L.175,A.002,I.119,N.197,G.081,G.085,D.050"
Ruko Premium (3 Lantai+),1164,1,Standar,"D.046,K.144,H.100,A.001,A.009,C.026,B.013,F.070,E.055,B.018,E.054,G.082,D.043,D.047,D.052,B.024,K.147,A.008,E.058,I.112,G.073,K.142,F.072,D.049,C.030,H.106,I.116,C.028,G.075,I.126,A.002,H.092,B.022,A.003"
Ruko Standar (2 Lantai),813,2,Ekonomis,"A.011,I.123,A.009,H.093,C.031,B.013,F.070,B.018,A.007,E.054,F.067,G.077,D.047,D.052,K.147,H.098,E.057,G.081,I.122,K.142,D.038,I.109,D.041,H.089,C.030,D.039,B.017,B.025,E.060,C.028,K.143,A.002,A.006,G.085"
Rumah Subsidi (Type 21-36),330,1,Premium,"D.046,M.188,A.007,D.037,G.077,G.082,M.184,H.107,N.199,B.016,A.010,M.193,K.139,K.148,E.057,L.164,M.192,F.071,I.112,M.178,I.109,F.072,D.041,A.005,D.049,L.173,I.118,H.097,H.088,A.006,B.014,E.060,L.158,B.020,C.034,C.028,D.051,G.075,L.175,K.143,L.167,N.197,B.015,E.056,C.029,A.003"
Rumah Komersil (Type 45-70),1285,1,Standar,"A.011,A.001,E.059,C.026,B.013,H.087,B.018,A.007,F.067,F.065,D.043,A.004,H.101,I.110,H.098,D.044,E.057,E.058,G.073,K.142,I.125,D.049,D.053,K.145,A.012,B.020,C.028,D.051,I.126,K.143,B.015,G.081,G.085,C.029"
Gedung Sekolah / Kelas,222,1,Standar,"H.100,A.001,A.003,H.093,C.031,B.013,E.055,D.048,D.037,G.082,G.076,A.004,D.052,I.110,G.079,K.147,A.008,F.071,C.033,F.072,A.005,B.023,I.118,E.062,B.014,K.140,B.025,C.034,I.126,D.051,K.143,H.091,E.056,D.050"
Rumah Mewah (2 Lantai+),273,2,Ekonomis,"F.066,A.011,D.046,M.187,A.001,E.059,C.035,K.141,K.136,E.055,L.168,B.018,D.036,H.103,M.184,D.043,L.163,H.107,M.179,G.080,N.199,B.016,L.169,F.069,G.079,B.021,H.098,K.139,I.109,A.005,I.108,C.030,I.118,D.040,G.083,E.062,A.012,B.017,L.154,C.028,A.002,L.167,N.197,M.183,M.181,D.050"
Masjid Raya (Kubah Besar),187,1,Standar,"H.102,A.009,E.059,C.026,K.136,D.036,E.054,A.007,G.077,G.076,I.115,D.047,C.032,F.069,B.024,A.008,E.061,K.139,I.113,K.138,G.081,G.073,C.033,D.038,D.041,F.068,H.095,B.023,H.088,A.012,B.014,B.017,I.119,G.084,A.006,G.085,D.050"
Gedung Kampus,1121,1,Ekonomis,"H.102,A.001,K.141,C.031,K.136,A.007,D.036,E.054,F.065,G.082,G.077,D.047,D.052,I.110,E.064,F.069,B.024,A.010,K.138,C.033,A.005,B.023,D.053,G.074,H.088,E.062,B.020,C.034,I.126,D.051,A.002,B.022,I.120,H.097"
Rumah Mewah (2 Lantai+),1282,2,Standar,"A.011,L.166,M.182,H.093,K.136,E.055,D.048,L.161,F.065,G.082,M.195,L.150,H.107,D.047,N.198,N.199,E.063,A.008,K.148,D.044,E.057,M.192,I.112,L.165,I.117,C.033,F.072,A.005,D.049,B.023,D.039,G.074,K.145,A.012,B.014,B.017,I.127,B.020,C.034,C.028,G.075,M.177,L.175,M.185,H.091,A.006"
Cafe / Restoran (Interior),1471,1,Premium,"A.011,E.059,H.093,K.136,F.070,K.137,B.018,D.036,F.067,H.103,G.082,M.184,D.043,A.004,M.194,L.162,N.199,B.016,C.032,A.010,E.063,G.079,L.149,K.139,M.181,D.044,M.190,E.057,L.164,M.192,L.165,I.117,C.033,B.023,I.118,H.088,A.012,L.158,D.051,G.084,N.197,B.019,I.120,A.006,C.029,D.050"
Pos Keamanan (Pos Satpam),892,1,Premium,"A.011,A.001,M.182,K.141,C.031,F.070,L.168,L.160,B.018,G.077,I.121,M.195,H.104,M.194,N.198,M.180,G.080,N.199,C.032,D.042,H.094,E.061,D.044,E.057,L.164,I.122,K.142,F.072,A.005,D.049,B.023,D.039,L.173,D.040,E.062,B.014,B.025,L.154,C.028,G.075,I.126,K.146,H.092,M.185,A.006,A.003"
Gedung Kampus,1415,1,Premium,"F.066,L.166,I.123,A.009,K.141,K.137,D.048,L.153,L.161,D.036,M.186,F.065,H.104,D.043,A.004,N.198,L.162,M.180,G.080,N.199,B.016,C.032,E.064,M.193,E.061,M.181,D.044,I.112,C.033,A.005,D.049,L.170,H.088,A.012,B.014,B.025,B.020,G.075,I.126,K.143,M.185,H.091,E.056,G.085,C.029,A.003"
Ruko Premium (3 Lantai+),778,1,Standar,"D.046,C.035,B.013,C.027,F.070,A.007,G.077,A.004,D.052,G.080,C.032,D.042,B.024,H.094,K.147,E.061,K.139,I.113,E.057,I.125,D.041,A.005,F.068,B.023,H.106,E.062,K.145,B.020,I.126,A.002,H.091,A.006,G.085,D.050"
Renovasi Rumah (Minor),1053,1,Standar,"D.046,A.001,A.009,C.035,C.027,I.115,H.101,H.105,E.064,D.042,A.008,K.148,D.044,E.058,G.081,C.033,F.072,F.068,I.108,I.111,B.023,H.106,D.053,G.074,A.006,K.145,B.017,G.075,K.143,A.002,B.019,B.015,E.056,D.050"
Gedung Sekolah / Kelas,1323,1,Ekonomis,"I.123,H.093,C.031,C.027,D.037,H.107,D.052,B.016,C.032,K.147,A.008,E.061,K.138,F.071,E.056,F.072,A.005,H.106,D.039,D.053,G.083,G.074,E.062,A.012,B.014,B.025,D.051,K.143,I.119,G.084,B.022,I.120,A.006,A.003"
Ruko Standar (2 Lantai),203,2,Premium,"F.066,A.011,D.046,A.001,G.086,L.171,M.188,K.141,C.026,C.027,L.161,M.189,H.087,L.160,B.018,F.067,G.082,G.076,H.104,D.043,A.004,I.115,M.184,D.047,N.198,N.199,H.098,K.139,E.057,D.041,D.049,L.174,I.111,C.030,E.062,B.014,I.127,B.017,E.060,K.140,L.158,M.177,B.022,M.183,A.006,A.003"
Gedung Sekolah / Kelas,851,1,Standar,"D.046,B.013,K.136,H.099,F.067,H.090,F.065,G.082,D.043,A.004,I.110,E.064,D.042,B.024,B.021,A.008,K.139,E.058,I.112,G.073,I.117,C.033,A.005,C.030,D.053,G.083,K.145,E.060,D.051,A.002,B.015,H.097,C.029,A.003"
Masjid Musholla (Lingkungan),1223,1,Standar,"A.011,A.001,G.086,H.093,K.141,C.027,H.096,D.048,D.036,A.007,G.082,G.076,D.043,D.047,G.080,F.069,B.024,E.063,E.061,K.138,E.058,I.117,F.068,H.095,B.023,G.083,I.124,K.145,B.014,B.020,C.028,G.075,A.002,I.119,A.006,C.029,D.050"
Klinik Pratama,274,1,Ekonomis,"D.046,A.001,A.009,C.026,K.136,F.070,E.054,D.037,G.082,H.104,H.107,D.042,E.063,G.079,K.147,D.044,E.058,I.112,I.117,C.033,F.072,A.005,D.040,H.097,A.012,B.014,I.116,K.140,C.028,G.075,B.022,B.019,B.015,A.006"
Ruko Premium (3 Lantai+),1423,1,Premium,"D.046,K.144,M.182,A.009,C.031,B.013,H.096,K.137,D.048,L.156,B.018,D.036,F.067,F.065,M.195,I.115,A.004,N.198,N.199,D.042,B.024,A.010,E.063,G.079,L.159,H.098,M.181,D.044,M.190,G.078,E.058,K.138,I.112,L.164,I.111,C.030,L.170,H.088,E.062,B.017,L.154,C.028,M.177,A.002,G.081,A.003"
Cafe / Restoran (Interior),1491,1,Ekonomis,"A.011,D.046,K.144,H.093,C.031,B.013,B.018,A.007,D.036,H.090,I.121,G.076,D.043,D.052,C.032,D.042,E.064,E.063,F.069,G.079,A.008,K.148,E.057,F.071,K.142,I.111,H.095,G.074,A.012,C.034,A.002,B.019,B.015,I.120"
Ruko Premium (3 Lantai+),40,1,Ekonomis,"A.011,D.046,A.001,A.009,H.093,C.026,K.141,E.055,K.137,I.121,F.065,D.047,H.105,D.052,E.063,G.079,A.008,H.098,E.057,G.078,I.112,F.072,D.041,D.049,I.118,A.012,B.017,B.020,C.034,K.143,B.022,B.015,G.085,C.029"
Rumah Subsidi (Type 21-36),1180,1,Premium,"A.011,D.046,L.166,M.182,L.171,C.035,K.141,B.013,K.136,E.055,K.137,L.153,M.189,A.007,D.036,D.037,F.067,M.186,D.043,N.198,C.032,E.063,G.079,A.008,E.061,H.098,L.149,M.190,M.178,I.117,D.038,F.068,I.111,G.074,H.088,A.012,L.158,B.025,B.020,C.034,I.126,N.197,B.015,H.097,G.085,A.003"
Ruko Premium (3 Lantai+),1429,1,Premium,"A.011,A.001,M.191,K.141,C.026,N.196,H.096,D.048,L.168,L.160,L.156,M.186,E.054,H.090,G.076,D.043,M.194,N.198,L.172,B.016,E.064,D.042,F.069,A.010,K.139,I.113,G.078,F.071,D.045,G.073,M.178,I.117,C.033,D.038,B.023,L.173,A.006,K.140,B.020,I.126,B.022,M.183,H.091,E.056,C.029,A.003"
Gedung Sekolah / Kelas,1048,1,Ekonomis,"A.011,K.144,A.001,K.137,E.054,H.103,I.115,H.105,C.032,D.042,E.064,A.010,G.079,A.008,K.148,E.058,G.073,C.033,D.038,F.072,D.041,A.005,F.068,I.108,D.053,G.074,B.014,I.126,D.051,B.022,B.019,B.015,H.091,C.029"
Ruko Premium (3 Lantai+),1436,1,Premium,"M.182,C.035,C.031,H.093,K.141,L.156,E.054,F.067,H.090,A.004,M.194,L.162,M.180,L.172,I.110,B.016,E.064,F.069,M.179,N.199,A.008,K.148,D.044,I.113,D.045,G.073,I.122,A.005,D.049,H.106,L.173,D.040,E.062,B.014,L.152,B.025,C.028,D.051,K.143,A.002,G.084,N.197,B.022,M.183,A.006,G.085"
Masjid Raya (Kubah Besar),186,1,Ekonomis,"A.011,A.001,H.093,C.026,F.070,B.018,D.037,F.065,G.076,B.016,K.147,A.008,E.061,G.078,G.081,I.112,G.073,I.114,K.142,C.033,I.109,D.041,A.005,D.053,D.040,H.097,E.062,B.017,B.025,C.028,D.051,K.143,G.084,H.091,E.056,A.003"
Masjid Musholla (Lingkungan),488,1,Premium,"M.187,A.011,K.144,G.086,E.059,K.141,C.026,L.160,D.036,F.065,G.082,M.195,M.184,I.115,N.198,H.105,M.179,N.199,C.032,D.042,L.159,H.098,D.044,K.138,E.058,I.122,G.073,M.178,C.033,I.109,A.005,D.049,F.068,H.095,B.023,D.040,A.006,B.014,L.158,B.025,L.154,G.075,A.002,L.167,B.019,E.056,G.085,A.003"
Gedung Sekolah / Kelas,648,1,Ekonomis,"G.086,C.026,K.136,F.070,B.018,E.054,H.103,G.076,H.104,D.047,D.052,E.064,A.010,K.147,A.008,H.098,I.113,G.081,F.071,I.114,K.142,C.033,A.005,D.049,C.030,D.039,I.118,D.040,A.012,B.025,A.002,B.022,B.015,E.056"
Gedung Sekolah / Kelas,1168,1,Ekonomis,"F.066,H.102,A.001,A.009,K.141,C.031,E.055,B.018,I.115,D.047,D.052,G.080,B.016,E.064,A.010,K.138,E.058,I.117,C.033,D.038,F.072,D.041,H.095,D.039,G.083,H.097,I.124,K.145,A.012,G.075,B.022,B.015,A.006,C.029"
Gedung Kampus,387,1,Standar,"F.066,K.144,H.102,A.001,A.009,H.093,C.031,K.137,B.018,H.090,G.076,D.043,A.004,D.047,D.052,A.010,E.061,K.148,D.044,E.057,G.081,F.071,B.023,I.118,I.124,B.014,E.060,C.028,D.051,B.015,I.120,A.006,G.085,C.029"
Renovasi Rumah (Minor),1482,1,Standar,"H.100,A.001,G.086,B.013,C.027,F.070,K.137,D.036,A.007,I.121,F.065,H.104,D.047,D.052,C.032,B.024,G.079,E.061,I.113,G.078,D.045,I.109,A.005,D.040,H.088,E.062,A.012,B.014,E.060,K.140,B.020,K.143,C.029,A.003"
Jalan Lingkungan (Paving/Beton),263,1,Standar,"B.014,A.004,D.043,B.025,D.051,A.009,C.026,A.002,C.032,B.024,A.010,D.048,B.015,D.039,D.037,C.029,A.003"
Rumah Mewah (2 Lantai+),672,2,Premium,"D.046,K.144,H.100,M.182,M.191,M.188,A.009,E.059,C.035,B.013,K.137,L.168,L.153,M.186,F.067,H.103,G.082,M.184,N.199,B.016,D.042,L.159,E.063,H.094,A.008,G.078,D.038,F.072,I.111,C.030,D.040,A.006,I.124,A.012,B.014,B.017,I.127,C.034,D.051,K.143,A.002,L.167,N.197,L.157,E.056,G.085"
Klinik Pratama,266,1,Standar,"D.046,I.123,A.001,A.009,K.141,C.027,F.070,E.054,D.043,A.004,H.101,G.080,B.016,B.024,H.098,K.139,E.058,G.081,F.071,D.045,I.122,I.117,C.030,D.040,B.014,E.060,B.020,C.034,G.075,D.051,K.143,A.002,H.092,A.006"
Klinik Pratama,401,1,Ekonomis,"A.001,A.009,C.035,K.141,H.087,B.018,F.067,A.004,D.047,I.110,B.016,A.008,E.061,H.098,K.139,D.044,E.057,K.138,D.045,F.072,D.041,C.030,D.053,G.083,H.097,I.127,B.025,G.084,B.022,I.120,E.056,G.085,C.029,A.003"
Ruko Standar (2 Lantai),1321,2,Standar,"A.011,D.046,G.086,A.009,E.059,C.035,H.099,B.018,A.007,E.054,D.036,F.067,F.065,G.082,H.090,C.032,K.147,D.038,I.125,A.005,D.049,B.023,I.118,G.083,I.124,K.145,B.014,E.060,B.020,C.028,D.051,K.146,A.002,H.097"
Gedung Kampus,1214,1,Standar,"F.066,A.011,A.001,E.059,C.031,K.136,D.036,E.054,H.090,D.043,D.047,H.101,D.052,G.080,C.032,A.010,K.148,D.044,E.058,C.033,I.125,A.005,F.068,I.111,B.023,G.074,H.088,K.145,I.116,B.020,G.075,B.022,B.015,A.003"
Cafe / Restoran (Interior),612,1,Standar,"A.011,C.035,C.026,C.027,K.141,D.048,B.018,D.036,H.105,D.052,B.016,F.069,A.010,H.094,B.021,A.008,E.061,K.139,K.148,E.058,G.081,F.071,H.089,A.005,D.039,D.053,I.124,I.127,B.017,G.075,I.126,A.002,E.056,G.085"
Masjid Raya (Kubah Besar),437,1,Premium,"A.011,D.046,I.123,K.144,L.166,A.009,E.059,C.027,K.137,A.007,H.103,M.186,M.195,G.076,A.004,N.198,L.162,D.052,L.169,D.042,F.069,E.063,G.079,B.021,K.139,L.176,M.190,G.078,D.045,I.125,F.068,I.111,C.030,B.023,H.106,E.062,L.158,B.025,M.177,D.051,G.084,H.092,B.022,N.197,M.183,G.081,G.085,C.029,A.003"
Klinik Pratama,1121,1,Standar,"A.011,I.123,H.100,A.009,C.035,C.031,F.070,H.096,K.137,H.090,G.076,D.043,A.004,B.016,E.064,F.069,B.024,E.063,G.079,K.142,A.005,I.111,B.023,D.039,D.053,D.040,K.145,B.014,E.060,C.028,D.051,I.126,G.085,A.003"
Ruko Premium (3 Lantai+),141,1,Ekonomis,"K.144,A.001,A.009,K.141,C.026,B.013,E.055,H.087,A.007,F.067,I.115,D.047,B.016,D.042,A.008,K.139,I.113,G.081,D.045,C.033,D.041,H.089,F.068,B.023,I.118,H.097,G.074,E.062,A.012,C.028,D.051,G.075,B.019,E.056"
Pos Keamanan (Pos Satpam),555,1,Ekonomis,"F.066,A.011,H.100,A.001,B.013,E.054,G.077,H.090,G.076,A.004,D.047,G.080,I.110,C.032,E.063,K.148,D.045,I.117,K.142,D.038,F.072,D.041,C.030,B.023,D.053,H.097,K.145,E.060,B.025,B.020,C.034,A.002,I.119,A.006"
Ruko Standar (2 Lantai),526,2,Ekonomis,"A.011,G.086,K.141,C.027,F.070,A.007,D.036,I.121,G.076,H.101,B.016,D.042,F.069,A.010,E.063,A.008,K.139,D.044,I.113,E.058,D.038,H.089,D.049,C.030,I.118,E.062,B.014,B.020,K.143,A.002,H.092,B.022,G.081,C.029"
Gudang Konstruksi Baja,622,1,Premium,"D.046,A.001,M.191,N.196,C.026,C.027,L.155,L.168,L.160,B.018,M.186,E.054,G.077,G.076,H.104,A.004,M.180,M.179,D.042,F.069,H.094,K.147,I.113,M.192,G.073,K.142,D.038,I.109,F.072,A.005,H.095,D.053,E.062,A.012,B.014,E.060,B.025,L.154,I.126,K.146,N.197,B.015,L.157,A.006,C.029,D.050"
Rumah Mewah (2 Lantai+),1428,2,Premium,"M.187,A.011,D.046,H.100,A.001,C.026,B.013,E.055,L.160,L.156,B.018,F.067,G.077,F.065,L.151,H.104,D.043,N.198,N.199,D.042,B.024,E.063,M.193,K.147,A.008,K.139,E.057,M.192,D.045,M.178,C.033,I.125,A.005,D.049,I.111,G.074,K.140,M.177,L.175,A.002,H.092,B.022,L.167,I.120,G.081,C.029"
Masjid Musholla (Lingkungan),1002,1,Ekonomis,"I.123,H.100,A.001,A.009,K.141,B.013,F.067,F.065,C.032,D.042,B.024,K.147,A.008,E.061,H.098,E.057,G.078,I.117,C.033,D.041,D.049,D.039,D.053,G.083,G.074,H.088,B.014,I.127,E.060,K.140,B.020,A.002,G.084,G.085,C.029,A.003"
Ruko Standar (2 Lantai),735,2,Ekonomis,"K.144,I.123,C.035,F.070,E.055,A.007,A.004,H.107,G.080,A.010,K.148,G.081,I.109,F.072,D.041,H.089,I.108,H.106,D.039,D.053,D.040,E.062,A.006,K.145,B.014,B.025,B.020,C.034,D.051,G.084,B.022,E.056,C.029,A.003"
Jalan Lingkungan (Paving/Beton),905,1,Premium,"A.001,M.191,M.182,M.188,N.196,C.026,B.013,C.027,L.155,A.007,M.186,M.195,D.043,A.004,D.047,N.198,B.016,L.169,A.010,B.021,L.149,D.044,B.023,L.173,A.012,C.034,D.051,L.157,D.050"
Jalan Lingkungan (Paving/Beton),1090,1,Premium,"M.182,A.009,B.013,M.189,A.007,D.043,N.198,M.179,L.172,L.159,A.010,M.193,C.033,A.005,D.049,B.023,D.039,L.170,C.034,L.154,C.028,D.051,L.175,A.002,N.197,B.022,M.183,B.019,D.050"
Masjid Raya (Kubah Besar),542,1,Premium,"A.001,M.191,M.188,A.009,C.035,C.026,K.141,N.196,H.096,D.048,L.156,E.054,F.067,G.077,I.121,L.151,D.043,A.004,M.194,H.105,M.180,D.052,L.172,N.199,C.032,L.159,E.061,K.139,D.044,E.058,F.071,I.120,A.005,L.174,D.039,G.083,G.074,I.124,A.012,B.014,B.017,B.020,K.146,G.084,B.019,H.091,M.181,G.085"
Rumah Subsidi (Type 21-36),428,1,Standar,"A.001,E.059,K.141,C.031,F.070,D.036,D.043,D.047,H.101,F.069,B.024,A.010,H.098,I.122,I.125,A.005,C.030,B.023,H.106,D.053,G.083,G.074,E.062,K.145,B.017,E.060,C.028,D.051,K.146,B.019,I.120,A.006,G.085,A.003"
Renovasi Rumah (Minor),787,1,Ekonomis,"A.011,A.009,E.059,C.027,K.136,A.007,E.054,H.103,I.115,A.004,G.080,C.032,D.042,F.069,A.010,D.044,K.138,F.071,I.122,D.049,H.106,D.040,I.124,B.017,B.025,E.060,B.020,C.028,G.075,K.146,G.084,B.022,H.097,D.050"
Jalan Lingkungan (Paving/Beton),432,1,Standar,"A.004,B.025,D.047,C.028,D.053,C.031,A.002,A.005,D.049,B.022,C.030,B.021,B.018,A.007,A.006,D.044,D.050"
Rumah Subsidi (Type 21-36),749,1,Premium,"A.011,I.123,A.001,A.009,E.059,K.141,L.171,B.013,N.196,L.157,F.070,E.055,L.153,A.007,D.036,M.186,H.105,D.052,G.080,N.199,L.169,F.069,E.063,G.079,M.190,G.078,L.164,I.109,D.041,I.111,C.030,B.023,H.106,D.053,K.145,K.140,C.034,C.028,D.051,A.002,B.022,M.183,B.015,M.185,H.091,M.181"
Gedung Sekolah / Kelas,1300,1,Standar,"A.011,D.046,K.144,H.093,K.141,B.013,C.027,D.048,A.007,E.054,D.037,F.067,G.077,I.121,G.076,A.004,D.052,D.042,E.061,H.098,E.058,K.142,F.072,G.083,A.012,I.127,B.025,C.034,H.092,B.022,B.019,I.120,C.029,A.003"
Ruko Premium (3 Lantai+),1096,1,Standar,"A.009,K.141,C.026,C.027,H.087,G.077,D.043,A.004,H.101,D.052,I.110,F.069,B.024,K.147,A.008,E.061,E.057,F.071,D.038,D.041,H.095,I.118,D.040,B.014,E.060,B.025,K.140,I.126,A.002,B.019,G.081,G.085,C.029,A.003"
Masjid Raya (Kubah Besar),519,1,Ekonomis,"H.102,C.035,C.031,B.013,H.093,K.141,A.007,D.043,I.115,H.105,F.069,A.010,B.021,E.061,D.044,E.057,E.058,G.073,I.117,K.142,D.041,A.005,D.049,F.068,I.108,C.030,B.023,G.074,K.145,D.051,A.002,G.084,B.019,G.085,A.003"
Klinik Pratama,743,1,Standar,"A.011,K.144,A.003,G.086,C.031,C.027,F.070,A.007,F.065,D.043,D.047,H.101,G.080,E.064,K.147,A.008,H.098,I.113,E.058,K.142,C.033,D.053,I.118,G.083,A.006,B.014,I.116,B.017,B.025,D.051,H.092,B.019,E.056,D.050"
Jalan Lingkungan (Paving/Beton),1155,1,Ekonomis,"A.012,A.004,D.047,A.001,C.028,C.033,B.013,A.005,C.032,B.024,B.022,D.042,D.048,B.021,A.008,D.053,D.050"
Gedung Sekolah / Kelas,860,1,Standar,"A.009,C.035,C.026,E.055,H.099,H.087,E.054,D.037,F.067,G.082,A.004,D.047,C.032,G.079,E.061,K.139,I.117,K.142,F.072,A.005,I.111,B.023,H.106,D.053,A.012,B.014,I.116,K.140,D.051,A.002,B.022,B.015,G.085,D.050"
Ruko Standar (2 Lantai),716,2,Ekonomis,"D.046,A.001,A.003,E.059,C.027,H.099,H.087,A.007,F.065,G.076,I.115,D.052,C.032,D.042,E.063,B.021,E.061,K.148,I.113,F.072,B.023,G.083,G.074,A.012,B.014,I.116,K.140,B.020,C.028,D.051,K.146,H.092,A.006,D.050"
Ruko Premium (3 Lantai+),1087,1,Ekonomis,"A.011,H.102,A.001,A.009,C.035,C.026,H.093,F.070,H.090,G.082,D.043,B.016,E.061,E.057,K.138,D.045,I.117,D.038,I.109,F.068,G.083,E.062,K.145,C.028,D.051,K.146,A.002,G.084,B.022,B.019,B.015,I.120,A.006,D.050"
Rumah Komersil (Type 45-70),1296,1,Premium,"M.187,A.011,H.100,A.001,M.182,A.009,C.035,C.031,E.055,M.189,M.186,H.103,L.151,G.076,I.115,L.150,D.047,N.198,L.162,M.180,D.042,B.024,F.069,G.079,K.148,E.058,I.112,G.073,L.165,I.117,D.041,F.068,C.030,D.039,D.053,H.097,K.140,L.158,K.143,A.002,N.197,B.022,B.019,B.015,E.056,A.003"
Jalan Lingkungan (Paving/Beton),1068,1,Standar,"A.012,A.004,B.017,B.025,B.020,C.028,D.051,C.035,D.040,A.010,C.030,D.048,B.018,A.007,A.006,D.037,D.050"
Masjid Musholla (Lingkungan),1024,1,Premium,"M.187,A.001,C.035,C.026,B.013,K.136,K.141,D.048,M.189,B.018,H.090,L.151,M.195,G.076,N.198,M.179,C.032,F.069,L.169,A.010,G.079,B.021,A.008,E.061,L.176,M.190,D.044,E.057,G.078,L.164,G.073,K.142,I.109,D.049,F.068,D.053,G.083,H.088,I.124,E.060,D.051,L.175,A.002,I.119,G.084,H.092,B.022,N.197,A.006"
Ruko Premium (3 Lantai+),393,1,Ekonomis,"H.100,G.086,A.009,K.141,K.136,H.096,F.067,G.077,F.065,H.090,D.047,D.052,E.064,B.024,A.010,K.147,A.008,I.113,D.045,C.033,D.041,A.005,D.049,I.108,C.030,E.062,A.012,B.017,B.025,E.060,C.028,G.075,B.015,I.120"
Rumah Subsidi (Type 21-36),524,1,Standar,"A.001,H.096,D.037,F.065,H.090,I.115,D.047,B.016,C.032,F.069,B.024,E.063,K.147,A.008,E.057,G.078,G.081,K.138,D.045,I.114,K.142,C.033,A.005,D.049,D.039,I.118,B.014,B.025,C.028,A.002,G.084,H.091,E.056,A.003"
Rumah Komersil (Type 45-70),282,1,Standar,"F.066,A.011,C.031,E.055,D.048,H.099,K.137,D.037,A.004,H.107,G.080,B.016,D.042,F.069,A.010,G.079,K.147,A.008,E.061,E.058,I.122,D.038,H.095,D.040,I.124,A.012,B.014,I.127,K.140,B.020,C.028,B.015,G.085,C.029"
Ruko Standar (2 Lantai),1303,2,Standar,"A.011,E.055,H.099,H.090,I.121,G.076,H.104,I.115,A.004,D.052,B.016,C.032,F.069,B.024,A.008,E.057,E.058,G.078,G.073,K.142,C.033,F.072,D.041,D.049,D.039,D.040,I.124,K.140,B.025,C.034,K.143,A.002,B.019,A.006"
Klinik Pratama,833,1,Ekonomis,"A.011,A.001,A.009,E.059,C.031,C.027,H.096,E.055,D.048,B.018,F.067,I.115,A.004,B.024,K.139,K.138,C.033,D.038,D.041,A.005,F.068,H.095,D.053,G.083,G.074,H.088,E.062,I.124,B.025,I.126,D.051,K.146,B.022,G.081"
Ruko Premium (3 Lantai+),400,1,Ekonomis,"A.001,G.086,C.035,C.027,K.136,A.007,E.054,F.067,F.065,I.121,H.104,D.043,H.107,D.047,D.042,A.008,E.061,E.057,K.138,I.117,D.041,H.089,G.083,K.145,A.012,B.014,B.017,B.025,I.127,B.020,A.002,G.085,C.029,D.050"
Gudang Konstruksi Baja,357,1,Standar,"D.046,A.001,A.009,E.059,C.031,C.027,F.070,A.007,D.037,F.065,G.082,H.090,I.121,D.043,A.010,G.079,K.139,K.148,E.058,G.073,H.089,D.049,H.095,B.023,E.062,B.014,I.116,I.126,D.051,K.146,B.019,B.015,C.029,A.003"
Gedung Kampus,118,1,Ekonomis,"A.011,E.059,K.141,C.026,E.055,A.007,F.067,G.077,A.004,D.047,C.032,D.042,E.064,F.069,H.094,A.008,K.139,G.078,D.045,I.125,D.041,I.108,D.053,H.088,A.012,I.127,B.017,K.140,C.028,G.084,B.022,B.019,B.015,H.097"
Renovasi Rumah (Minor),1332,1,Premium,"A.011,A.001,N.196,B.013,C.027,K.136,L.157,K.137,L.156,A.007,H.090,G.082,M.184,D.047,N.198,M.180,C.032,F.069,L.169,E.063,G.079,H.094,M.193,L.149,K.139,M.181,D.044,E.057,I.120,D.038,F.072,I.108,B.023,D.039,E.062,L.152,I.116,B.017,A.002,G.084,M.183,B.015,H.091,A.006,C.029,D.050"
Ruko Standar (2 Lantai),150,2,Standar,"F.066,D.046,A.003,A.009,C.026,E.055,K.137,H.099,B.018,A.007,D.036,G.077,I.115,D.052,C.032,D.042,E.064,A.010,E.063,G.079,A.008,H.098,F.071,G.073,I.117,K.142,I.108,B.023,B.014,B.017,K.140,H.091,C.029,D.050"
Ruko Standar (2 Lantai),656,2,Ekonomis,"F.066,A.011,A.001,G.086,H.093,C.026,C.031,K.136,K.137,A.007,E.054,G.076,D.043,H.101,B.016,G.079,K.148,D.044,E.057,I.122,D.038,D.049,F.068,I.111,H.095,B.023,D.040,E.062,I.124,A.002,B.022,B.015,C.029,A.003"
Renovasi Rumah (Minor),1428,1,Ekonomis,"F.066,K.144,H.100,A.001,A.009,H.099,A.007,E.054,D.036,D.037,A.004,D.047,B.016,E.064,G.079,B.021,A.008,K.139,G.078,F.071,D.045,I.117,C.033,H.089,B.023,D.039,I.118,E.062,I.127,B.020,C.028,K.146,G.084,C.029"
Rumah Subsidi (Type 21-36),1295,1,Standar,"F.066,A.001,A.009,E.059,C.031,B.013,K.136,K.137,F.067,G.077,H.104,D.043,D.047,G.080,I.110,C.032,A.010,A.008,E.061,D.044,I.117,D.038,H.095,H.106,G.074,E.062,K.145,B.025,B.020,C.034,D.051,B.022,I.120,A.006"
Ruko Premium (3 Lantai+),507,1,Ekonomis,"D.046,A.001,C.035,K.136,E.055,K.137,E.054,A.004,H.105,B.016,F.069,I.113,E.058,F.071,G.073,I.114,K.142,D.038,A.005,C.030,B.023,D.053,D.040,I.127,C.034,G.075,D.051,A.002,G.084,H.092,B.022,B.015,H.091,A.006"
Renovasi Rumah (Minor),515,1,Standar,"A.011,H.102,A.001,C.035,C.026,K.136,F.070,D.036,A.007,F.067,G.076,A.004,D.047,H.101,E.064,H.094,B.021,D.044,E.057,I.122,K.142,I.125,I.111,C.030,D.039,D.040,G.083,B.017,B.025,E.060,K.146,B.015,A.006,G.085"
Renovasi Rumah (Minor),1281,1,Ekonomis,"A.011,K.144,I.123,A.001,C.035,C.026,B.013,C.031,H.099,E.054,D.037,G.082,H.104,D.047,H.101,D.052,I.110,B.024,E.063,B.021,K.139,K.138,E.058,G.073,F.072,D.049,F.068,I.108,D.053,G.074,A.012,A.002,B.019,A.003"
Rumah Komersil (Type 45-70),505,1,Ekonomis,"A.011,C.031,H.087,A.007,F.065,G.076,H.101,G.080,E.064,D.042,B.024,H.094,B.021,A.008,K.139,K.147,K.148,D.044,I.113,E.058,F.071,C.033,D.038,D.041,I.111,C.030,I.124,A.012,B.017,D.051,G.084,B.022,E.056,A.003"
Ruko Standar (2 Lantai),1425,2,Ekonomis,"A.011,I.123,G.086,A.009,H.093,C.031,E.055,B.018,A.007,D.036,E.054,F.067,C.032,A.010,E.063,G.079,B.021,H.098,K.148,D.044,F.071,D.038,I.125,D.053,I.124,A.012,B.017,K.140,C.028,K.146,G.084,B.019,H.091,D.050"
Renovasi Rumah (Minor),74,1,Standar,"F.066,K.141,C.027,H.099,A.007,D.036,D.037,E.054,F.067,A.004,H.107,D.047,G.080,B.016,D.042,B.024,A.010,E.063,A.008,E.061,K.138,I.125,I.111,G.083,H.088,A.012,B.014,K.140,C.028,D.051,G.084,B.019,I.120,C.029"
Klinik Pratama,1209,1,Ekonomis,"D.046,A.009,C.026,H.096,D.048,A.007,D.036,D.037,F.067,G.076,F.069,B.024,E.063,A.008,E.061,K.139,K.138,I.112,K.142,D.038,A.005,I.108,C.030,B.023,H.106,G.083,H.088,E.062,B.017,B.025,C.028,G.075,I.120,A.003"
Gudang Konstruksi Baja,566,1,Standar,"F.066,A.011,A.001,C.026,B.013,K.136,F.070,E.055,D.048,K.137,D.037,G.077,H.101,H.105,C.032,E.063,G.079,H.094,A.008,E.061,I.113,D.045,C.033,A.005,I.108,D.040,G.083,A.012,K.140,B.025,I.126,D.051,B.019,B.015"
Klinik Pratama,1068,1,Premium,"F.066,A.001,A.009,C.027,L.161,H.087,L.156,A.007,F.065,G.082,G.076,M.184,D.043,M.194,L.162,M.179,I.110,B.016,E.064,N.199,E.063,K.147,K.139,K.148,M.181,M.190,E.057,D.045,L.165,I.114,D.038,L.174,I.111,H.095,D.039,G.083,B.014,B.025,C.034,D.051,N.197,B.019,H.091,A.006,C.029,A.003"
Rumah Mewah (2 Lantai+),519,2,Premium,"F.066,A.009,N.196,C.026,K.136,L.155,L.151,M.195,H.104,M.184,A.004,L.150,M.194,H.101,M.180,N.199,E.064,G.079,L.149,K.138,E.058,L.164,M.192,D.045,I.117,C.033,I.109,D.041,A.005,D.049,F.068,H.095,D.053,D.040,E.062,I.124,B.014,B.017,C.034,G.075,K.146,A.002,B.022,B.019,A.006,G.085"
Rumah Mewah (2 Lantai+),1349,2,Ekonomis,"F.066,D.046,K.144,A.001,M.188,N.196,C.031,B.013,K.136,K.137,L.160,B.018,A.007,M.195,D.043,M.180,L.172,I.110,N.199,C.032,M.193,A.008,H.098,E.057,F.071,G.073,D.038,D.041,L.174,C.030,H.106,D.053,G.083,L.170,A.006,I.124,E.060,B.025,G.075,A.002,I.119,H.092,B.022,M.183,L.157,E.056"
Gedung Sekolah / Kelas,549,1,Ekonomis,"F.066,K.144,H.102,B.013,K.136,E.055,A.007,D.037,F.065,A.004,H.101,E.063,G.079,B.021,A.008,I.113,E.058,G.081,D.038,I.125,D.049,I.108,H.095,D.039,D.053,G.074,K.145,B.020,C.034,C.028,B.015,A.006,C.029,A.003"
Rumah Komersil (Type 45-70),698,1,Ekonomis,"A.001,A.003,E.059,K.141,C.026,K.136,F.067,G.077,G.076,A.004,G.080,C.032,E.064,B.021,A.008,I.114,E.056,D.038,I.109,F.068,C.030,B.023,H.095,D.039,D.053,H.106,D.040,B.014,B.025,K.146,H.092,I.120,A.006,D.050"
Klinik Pratama,620,1,Ekonomis,"A.003,B.013,H.087,D.036,G.077,F.065,I.121,A.004,D.047,B.016,A.010,E.063,H.094,B.021,A.008,E.061,H.098,K.148,K.147,E.057,F.071,C.033,D.049,C.030,I.118,G.074,C.034,I.126,D.051,K.146,G.084,B.022,A.006,D.050"
Gedung Sekolah / Kelas,818,1,Standar,"D.046,K.144,H.100,A.009,E.059,F.070,E.055,D.036,D.042,A.010,G.079,A.008,E.061,I.114,C.033,D.038,F.072,C.030,B.023,H.106,I.118,G.083,H.088,K.145,A.012,B.014,B.017,C.034,K.146,A.002,I.119,B.019,G.081,D.050"
Renovasi Rumah (Minor),1001,1,Standar,"D.046,H.100,C.026,K.136,H.087,B.018,A.007,E.054,D.036,G.077,G.076,A.004,C.032,E.064,A.010,K.147,H.098,D.044,I.113,E.057,G.078,F.071,K.142,F.072,D.041,I.108,C.030,B.023,A.012,I.116,B.025,D.051,A.002,B.015"
Masjid Musholla (Lingkungan),1278,1,Ekonomis,"F.066,A.011,D.046,A.001,A.009,E.059,K.141,C.026,B.013,E.055,D.036,G.082,I.115,H.105,D.052,G.080,B.016,C.032,A.008,K.148,E.058,D.038,F.072,A.005,H.095,G.083,G.074,H.088,I.124,B.014,K.140,C.028,I.126,B.015,G.085,D.050"
Cafe / Restoran (Interior),716,1,Ekonomis,"D.046,A.001,E.059,H.093,K.137,D.048,B.018,D.036,G.077,C.032,A.010,I.112,F.072,F.068,H.095,B.023,D.039,D.053,I.118,G.083,H.088,E.062,K.145,A.012,B.017,B.025,E.060,C.034,K.140,C.028,I.126,A.002,G.081,A.003"
Masjid Raya (Kubah Besar),539,1,Ekonomis,"F.066,A.011,D.046,H.102,A.001,C.027,K.136,D.048,B.018,D.036,E.054,F.067,G.077,G.082,A.004,H.107,I.110,B.021,E.057,D.045,I.117,C.033,I.109,A.005,D.049,G.074,H.088,E.062,K.140,B.025,C.028,G.075,K.146,B.019,A.003"
Rumah Subsidi (Type 21-36),1127,1,Standar,"K.144,A.001,C.035,C.031,E.055,H.099,D.036,I.121,G.082,G.076,H.104,A.004,D.047,D.042,E.063,E.061,F.071,D.038,F.072,B.023,G.074,I.124,K.145,A.012,B.014,I.127,B.020,D.051,K.143,H.092,B.019,A.006,C.029,A.003"
Rumah Komersil (Type 45-70),1359,1,Standar,"A.011,A.009,E.059,C.035,C.027,D.048,H.099,H.087,A.007,E.054,F.065,B.016,D.042,B.024,B.021,K.139,K.148,G.078,F.071,I.117,E.056,D.038,D.041,D.049,G.083,G.074,H.097,A.012,B.014,I.116,C.034,I.126,K.143,A.006"
Masjid Raya (Kubah Besar),525,1,Premium,"M.182,L.171,C.035,B.013,C.027,K.136,L.161,A.007,D.036,M.184,A.004,M.194,N.198,L.162,D.052,G.080,B.016,F.069,B.024,A.010,E.063,M.193,A.008,K.139,E.057,E.058,L.165,I.120,D.038,F.072,D.041,H.106,I.118,G.083,H.088,I.124,C.034,G.075,K.143,A.002,G.084,L.167,N.197,M.183,B.015,H.091,G.081,G.085,D.050"
Gedung Sekolah / Kelas,117,1,Premium,"A.011,A.001,G.086,E.059,H.093,C.031,B.013,C.026,K.141,L.161,L.156,B.018,L.151,G.082,M.184,A.004,H.107,M.179,I.110,N.199,B.024,A.010,E.063,E.061,D.044,I.113,G.078,M.192,I.114,D.038,F.072,F.068,H.095,D.039,D.040,K.145,B.017,L.158,C.034,M.177,L.175,K.146,N.197,M.185,A.006,D.050"
Gedung Sekolah / Kelas,366,1,Standar,"A.011,A.009,C.026,B.013,F.067,D.037,G.077,G.076,H.104,A.004,H.107,D.047,D.052,D.042,E.063,E.061,K.139,K.148,E.058,D.045,I.117,F.072,I.108,C.030,H.088,A.012,B.014,B.017,B.025,K.140,G.075,I.126,A.002,C.029"
Gedung Sekolah / Kelas,257,1,Premium,"D.046,H.100,A.001,M.191,G.086,A.009,C.035,C.031,B.013,N.196,E.055,H.087,L.160,D.036,G.082,M.184,H.107,D.047,L.162,B.016,L.159,G.079,A.008,K.139,M.190,F.071,I.122,I.114,F.072,A.005,D.049,I.111,E.062,E.060,B.025,K.140,B.020,C.028,M.177,K.143,A.002,L.167,N.197,L.157,M.181,D.050"
Klinik Pratama,803,1,Premium,"A.009,C.031,B.013,K.136,F.070,L.161,D.048,H.099,A.007,M.186,F.065,M.195,G.076,M.184,D.043,I.115,L.150,I.110,N.199,E.064,L.169,L.159,A.008,E.061,G.078,M.178,K.142,D.041,H.089,I.111,C.030,B.023,D.039,E.062,K.145,A.012,B.014,B.025,L.154,G.075,M.177,H.092,N.197,A.006,C.029,D.050"
Cafe / Restoran (Interior),1463,1,Standar,"A.011,G.086,C.026,B.013,K.136,H.099,F.067,I.115,D.047,B.024,A.010,A.008,H.098,I.113,E.057,K.142,D.038,D.041,F.068,I.108,C.030,D.053,D.040,G.083,G.074,E.062,B.014,E.060,B.025,C.034,K.143,H.092,A.006,A.003"
Jalan Lingkungan (Paving/Beton),811,1,Standar,"D.043,B.017,A.001,C.035,D.052,A.002,C.027,C.032,B.024,B.022,D.048,D.040,B.021,D.053,A.007,A.006,A.003"
Jalan Lingkungan (Paving/Beton),139,1,Premium,"D.046,A.001,M.191,M.182,A.009,C.031,L.155,L.153,L.156,D.036,M.195,M.184,D.043,N.198,B.016,B.024,C.030,D.053,A.012,B.014,B.020,L.154,L.175,A.002,N.197,M.185,A.006,C.029,D.050"
Rumah Subsidi (Type 21-36),1207,1,Ekonomis,"F.066,K.144,H.100,A.001,C.026,C.027,K.137,A.007,H.103,G.077,H.090,I.121,D.047,C.032,D.042,A.010,E.063,K.147,E.058,I.112,D.045,G.073,F.072,D.053,D.040,G.083,A.012,B.017,B.025,E.060,I.119,B.022,B.019,A.003"
Pos Keamanan (Pos Satpam),529,1,Ekonomis,"F.066,A.011,A.001,E.059,C.035,C.031,E.055,D.048,B.018,D.036,A.007,G.077,D.047,H.105,C.032,F.069,A.008,E.061,I.113,K.138,G.073,I.122,D.049,I.118,H.088,A.012,K.140,B.025,D.051,K.143,B.022,B.015,H.091,G.081"
Renovasi Rumah (Minor),1043,1,Standar,"A.011,D.046,K.144,H.100,C.031,B.013,C.027,E.055,D.048,D.037,F.065,G.082,D.052,G.080,C.032,E.064,A.010,E.061,G.078,F.071,I.117,D.038,I.109,A.005,B.023,H.106,H.097,K.145,B.020,K.143,I.119,B.022,A.006,A.003"
Gudang Konstruksi Baja,616,1,Premium,"I.123,A.001,M.182,A.003,G.086,A.009,C.035,C.026,L.155,N.196,K.137,D.048,L.160,D.036,F.067,H.107,M.194,N.198,H.105,M.179,D.052,G.080,I.110,E.064,D.042,A.010,A.008,L.176,L.149,M.192,F.071,C.033,I.108,G.074,H.088,E.062,K.145,B.017,B.025,K.140,B.020,M.177,L.167,B.015,E.056,D.050"
Gudang Konstruksi Baja,1446,1,Standar,"A.001,H.093,F.070,D.036,E.054,H.090,F.065,D.043,A.004,D.047,H.105,G.080,B.016,C.032,B.024,K.147,E.061,K.139,G.078,E.058,C.033,A.005,D.049,C.030,I.118,D.040,B.017,G.075,I.126,K.143,I.119,B.022,A.006,A.003"
Pos Keamanan (Pos Satpam),1483,1,Standar,"G.086,C.031,C.027,E.055,K.137,A.007,G.077,H.107,D.047,H.105,H.101,B.016,F.069,A.010,A.008,D.044,E.057,F.071,C.033,D.038,I.125,A.005,I.108,B.023,I.118,D.040,G.083,K.145,E.060,K.143,B.022,B.015,A.006,D.050"
Pos Keamanan (Pos Satpam),809,1,Ekonomis,"F.066,A.011,A.009,E.059,K.141,C.031,E.055,D.048,K.137,A.007,H.090,F.065,D.052,G.080,C.032,A.010,G.081,I.112,D.045,K.142,C.033,D.038,I.108,B.023,D.039,H.097,I.124,E.060,B.025,G.075,B.022,B.019,H.091,A.006"
Ruko Premium (3 Lantai+),1482,1,Premium,"M.187,M.188,E.059,C.026,F.070,E.055,K.137,L.168,H.087,G.077,G.076,M.184,I.115,L.163,L.150,D.047,N.198,M.180,N.199,C.032,L.169,A.010,H.094,B.021,A.008,K.148,D.044,I.113,E.058,D.045,L.165,I.114,D.041,A.005,F.068,C.030,H.106,D.053,K.145,B.020,G.075,M.177,A.002,B.022,B.015,A.006"
Klinik Pratama,1016,1,Premium,"F.066,L.166,G.086,M.188,C.035,C.026,C.027,L.155,L.153,L.161,A.007,M.186,I.121,L.151,G.076,H.104,D.047,N.198,H.105,M.179,G.080,E.063,B.021,A.008,K.148,E.058,I.117,D.038,D.041,A.005,F.068,B.023,D.053,D.040,H.088,A.006,I.127,B.025,B.020,M.177,K.146,A.002,K.143,N.197,M.185,E.056"
Renovasi Rumah (Minor),1156,1,Ekonomis,"D.036,G.077,I.121,D.043,H.105,B.016,C.032,E.064,A.010,B.021,A.008,K.139,K.147,E.057,E.058,D.045,I.122,I.114,K.142,F.072,H.089,A.005,F.068,C.030,D.040,G.083,H.097,A.012,B.017,B.025,C.028,G.084,A.006,D.050"
Gedung Kampus,1252,1,Ekonomis,"F.066,K.144,A.009,B.013,C.027,B.018,D.037,G.082,H.107,D.047,H.101,D.052,G.080,F.069,B.024,A.010,B.021,K.139,I.113,E.058,G.081,K.142,E.056,I.109,C.030,H.095,D.039,A.012,E.060,C.028,D.051,I.126,A.006,A.003"
Rumah Subsidi (Type 21-36),391,1,Ekonomis,"H.102,A.001,E.059,K.141,C.026,C.027,K.136,E.055,A.007,G.077,F.065,G.082,G.076,H.104,D.043,A.004,I.110,B.016,B.024,A.010,D.044,C.033,I.125,D.041,F.068,I.111,D.039,D.040,H.088,E.060,B.020,K.146,A.002,B.022"
Ruko Premium (3 Lantai+),640,1,Standar,"G.086,A.009,B.013,C.027,E.055,D.036,G.076,A.004,H.107,D.047,C.032,D.042,B.024,A.010,H.094,A.008,E.061,H.098,G.073,I.122,K.142,F.072,F.068,I.108,I.111,B.023,D.040,E.062,A.012,K.140,B.020,C.034,D.051,K.146"
Jalan Lingkungan (Paving/Beton),1145,1,Ekonomis,"B.014,A.004,A.011,B.017,D.043,B.020,C.034,D.046,D.045,C.026,D.040,C.032,D.042,A.010,B.022,A.007,A.006"
Pos Keamanan (Pos Satpam),1254,1,Premium,"L.166,A.001,M.182,M.188,N.196,C.031,B.013,H.096,D.036,A.007,M.186,D.047,M.194,D.052,N.199,E.064,F.069,L.169,A.008,L.149,M.181,E.057,K.138,I.122,I.120,D.038,F.068,I.108,D.040,G.074,H.097,L.170,A.006,K.145,B.020,C.028,G.075,K.143,A.002,G.084,L.167,B.019,B.015,H.091,E.056,C.029"
Ruko Standar (2 Lantai),636,2,Premium,"A.011,H.102,C.035,H.093,B.013,C.027,K.141,L.155,H.099,M.186,E.054,D.037,F.065,G.077,I.115,D.047,M.180,M.179,N.199,L.169,D.042,B.021,A.008,L.149,G.078,F.071,D.041,I.108,L.173,D.040,L.170,A.006,K.145,A.012,E.060,B.025,B.020,C.034,G.075,K.143,N.197,M.183,M.185,I.120,E.056,A.003"
Jalan Lingkungan (Paving/Beton),892,1,Standar,"A.004,B.017,A.001,C.028,A.009,D.052,C.026,C.031,D.041,A.010,B.023,B.021,B.015,D.053,A.007,D.039,D.044"
Cafe / Restoran (Interior),1090,1,Standar,"A.011,A.001,C.035,C.031,C.026,H.093,K.136,F.070,H.096,F.067,I.115,D.047,B.016,E.064,B.024,A.008,K.139,E.058,G.081,D.045,I.117,D.039,D.053,D.040,H.097,A.012,B.017,B.020,G.075,I.126,K.143,G.084,E.056,A.003"
Klinik Pratama,1113,1,Premium,"F.066,A.011,M.187,L.171,N.196,C.026,B.013,K.136,D.048,M.189,L.156,M.186,F.067,D.037,H.103,H.090,A.004,M.194,N.198,H.105,L.162,D.052,G.080,B.016,E.064,D.042,K.148,E.057,G.073,I.125,A.005,L.174,C.030,B.023,I.118,D.040,G.083,B.017,E.060,I.126,M.177,L.175,K.146,A.002,C.029,A.003"
Jalan Lingkungan (Paving/Beton),470,1,Ekonomis,"A.012,B.014,B.025,C.034,C.028,A.009,D.040,A.002,B.013,D.042,B.024,D.039,D.053,A.007,A.006,D.037,C.029"
Renovasi Rumah (Minor),443,1,Premium,"A.011,A.001,M.182,C.031,C.026,D.048,E.054,D.037,F.067,I.121,G.076,L.163,A.004,M.194,M.179,N.199,A.010,G.079,M.193,K.147,E.057,F.071,D.045,L.165,I.114,K.142,C.033,H.089,I.108,L.174,H.095,B.023,D.039,H.088,L.152,B.017,B.025,K.140,G.075,D.051,L.175,A.002,N.197,M.183,B.019,E.056"
Gudang Konstruksi Baja,761,1,Ekonomis,"A.001,A.003,B.013,C.027,K.136,F.070,E.054,G.077,D.043,I.115,I.110,B.016,E.064,E.063,H.094,A.008,F.071,G.073,D.038,A.005,D.049,I.111,C.030,B.023,H.095,D.040,H.088,K.140,K.143,G.084,B.019,A.006,C.029,D.050"
Renovasi Rumah (Minor),359,1,Premium,"A.011,H.100,A.001,M.191,G.086,E.059,L.171,M.188,C.026,C.027,L.155,F.070,D.048,B.018,M.186,G.076,I.115,A.004,L.163,H.107,M.194,N.198,N.199,E.064,D.042,B.024,E.063,M.193,K.147,K.148,G.073,C.033,F.072,D.041,H.089,A.005,D.039,I.118,I.124,K.145,B.014,L.175,A.002,B.022,L.157,D.050"
Rumah Subsidi (Type 21-36),554,1,Premium,"A.011,I.123,A.001,M.191,G.086,A.009,N.196,C.026,C.027,H.096,K.137,L.168,H.087,A.007,E.054,D.036,D.037,F.067,M.195,A.004,D.047,N.198,M.179,B.016,E.064,F.069,B.024,L.169,K.147,M.190,L.165,I.125,I.108,C.030,B.023,D.053,G.074,E.062,B.017,L.158,G.075,D.051,M.177,K.143,H.092,L.167"
Renovasi Rumah (Minor),77,1,Premium,"F.066,M.188,E.059,L.171,C.031,K.137,M.189,L.160,A.007,E.054,D.036,D.037,M.195,G.076,A.004,D.047,N.198,H.105,B.016,C.032,F.069,B.021,A.008,K.139,M.181,E.057,G.078,M.192,I.117,C.033,I.109,L.174,H.106,D.039,D.053,G.083,A.012,B.014,K.140,L.158,L.154,A.002,N.197,B.022,I.120,H.097"
Masjid Raya (Kubah Besar),1278,1,Ekonomis,"I.123,A.001,A.009,E.059,K.141,C.026,B.013,F.070,K.137,H.087,B.018,D.037,F.065,H.090,G.082,D.047,H.101,D.052,C.032,D.042,K.147,E.057,G.073,D.038,A.005,I.108,G.074,A.006,I.116,B.017,B.025,C.034,G.084,E.056,G.085,A.003"
Rumah Mewah (2 Lantai+),731,2,Premium,"F.066,A.011,H.102,M.191,C.035,N.196,C.027,E.055,D.048,K.137,L.156,A.007,M.184,D.047,H.101,H.105,L.162,B.016,L.159,M.193,K.139,I.113,G.078,I.112,G.073,D.038,F.072,A.005,D.049,D.040,L.170,E.062,I.124,B.014,L.152,B.017,E.060,B.020,C.028,M.177,K.146,G.084,N.197,M.185,A.006,A.003"
Ruko Premium (3 Lantai+),1403,1,Premium,"K.144,H.100,A.003,N.196,C.027,E.055,L.153,H.099,L.168,L.160,A.007,D.036,F.067,L.151,M.186,M.184,A.004,M.194,H.101,M.179,D.052,N.199,B.016,A.010,G.079,K.147,K.139,M.190,F.071,I.112,D.045,G.073,I.122,I.111,D.053,E.062,L.152,E.060,B.025,B.020,C.034,A.002,B.022,G.081,C.029,D.050"
Ruko Premium (3 Lantai+),644,1,Ekonomis,"H.102,I.123,A.003,G.086,A.009,E.059,C.035,K.141,K.136,H.087,A.007,G.077,D.043,A.004,F.069,B.024,A.010,E.063,B.021,E.061,H.098,K.138,C.033,D.041,F.068,D.053,I.118,C.034,G.075,D.051,I.119,B.022,B.019,D.050"
Rumah Komersil (Type 45-70),635,1,Ekonomis,"K.144,A.001,A.003,H.093,C.031,B.013,K.141,E.055,D.048,D.036,E.054,F.067,H.103,D.052,B.016,C.032,A.010,E.061,G.078,I.117,I.114,C.033,D.038,F.072,B.023,G.083,G.075,K.143,A.002,I.119,H.092,B.019,A.006,D.050"
Cafe / Restoran (Interior),1296,1,Premium,"F.066,D.046,A.001,M.188,E.059,C.031,C.027,K.136,H.096,H.099,L.151,G.076,M.184,A.004,N.198,M.180,N.199,D.042,E.063,G.079,B.021,K.147,L.176,L.149,G.078,M.192,M.178,F.072,H.089,I.125,D.049,D.053,I.118,E.062,A.012,K.140,C.028,D.051,I.126,L.175,L.167,B.022,B.019,B.015,A.006,A.003"
Masjid Musholla (Lingkungan),804,1,Standar,"K.144,G.086,A.009,C.027,K.136,F.070,A.007,E.054,H.104,G.076,A.004,D.047,B.016,C.032,D.042,G.079,K.147,E.057,G.081,G.073,F.072,A.005,I.111,B.023,D.053,D.040,H.088,E.062,I.124,A.012,B.014,B.020,G.075,D.051,I.119,H.097,C.029"
Renovasi Rumah (Minor),1207,1,Standar,"D.046,A.003,E.059,C.035,K.136,H.096,A.007,D.037,I.115,A.004,G.080,B.016,D.042,F.069,H.094,K.147,E.058,K.142,A.005,F.068,I.111,C.030,B.023,H.106,D.039,E.062,A.012,B.014,I.127,C.028,G.075,G.084,B.022,D.050"
Renovasi Rumah (Minor),581,1,Premium,"F.066,D.046,M.191,M.188,A.009,C.026,B.013,C.031,D.048,H.087,L.156,A.007,H.103,D.037,F.065,G.077,M.186,M.195,I.115,L.150,N.198,L.162,L.169,A.010,E.063,G.079,K.148,E.057,E.058,A.005,D.039,D.053,L.170,H.088,I.124,B.014,K.143,A.002,K.146,N.197,B.019,B.015,M.185,I.120,G.085,C.029"
Rumah Komersil (Type 45-70),246,1,Ekonomis,"A.011,C.035,K.141,C.027,A.007,H.090,G.076,G.080,B.016,E.064,A.010,E.063,E.061,H.098,D.044,F.071,I.122,D.038,F.072,I.125,A.005,C.030,B.023,H.106,D.039,D.053,D.040,I.127,K.140,B.025,B.020,K.143,G.081,A.003"
Cafe / Restoran (Interior),1404,1,Ekonomis,"K.144,G.086,C.026,B.013,K.136,E.055,D.048,A.007,F.067,H.103,D.047,D.052,C.032,A.010,A.008,K.139,I.113,E.058,F.071,D.038,H.089,A.005,I.108,I.111,G.083,H.097,B.017,B.025,C.034,D.051,A.002,G.084,B.019,E.056"
Masjid Musholla (Lingkungan),185,1,Ekonomis,"A.011,I.123,A.001,A.003,G.086,A.009,H.093,C.026,K.136,F.070,E.055,D.048,E.054,G.082,D.052,B.016,B.024,G.079,K.147,D.044,I.113,K.138,F.071,I.112,C.033,D.040,H.097,G.083,E.060,C.028,A.002,B.019,B.015,H.091,G.081,D.050"
Rumah Mewah (2 Lantai+),1032,2,Premium,"M.187,A.011,D.046,A.001,M.188,L.171,C.026,E.055,L.153,H.099,B.018,F.067,G.077,G.076,I.115,N.198,G.080,D.042,H.098,M.190,L.165,M.178,I.114,K.142,F.072,D.041,A.005,C.030,B.023,D.053,D.040,E.062,K.145,E.060,B.025,L.158,C.034,L.154,K.143,I.119,N.197,B.015,M.185,H.091,A.006,A.003"
Masjid Raya (Kubah Besar),1052,1,Premium,"F.066,K.144,H.100,A.001,G.086,L.171,C.026,B.013,C.031,E.055,D.048,M.189,H.087,B.018,D.036,A.007,M.186,M.195,D.043,L.163,L.150,D.047,H.101,G.080,N.199,E.061,L.176,M.181,D.044,G.078,E.058,G.081,I.117,C.033,I.109,A.005,F.068,G.083,A.012,B.014,I.127,B.025,L.158,K.146,K.143,N.197,M.183,A.006,G.085"
Rumah Komersil (Type 45-70),817,1,Ekonomis,"H.102,H.100,A.001,K.141,C.027,K.137,D.048,B.018,A.007,F.067,D.043,I.110,E.064,B.021,E.061,E.057,G.078,D.045,I.125,D.041,A.005,F.068,C.030,H.106,D.040,I.124,C.028,K.143,A.002,B.019,B.015,G.081,G.085,A.003"
Jalan Lingkungan (Paving/Beton),1243,1,Ekonomis,"A.012,A.011,B.017,D.045,B.020,C.028,C.031,A.002,B.013,C.032,D.049,D.042,B.018,A.007,D.036,D.044,A.003"
Renovasi Rumah (Minor),392,1,Premium,"F.066,A.011,L.166,M.187,M.191,A.009,C.035,N.196,L.157,E.055,D.048,H.099,L.168,B.018,D.036,F.065,G.082,H.107,M.194,N.198,D.042,L.159,A.010,E.063,M.193,B.021,K.148,M.192,E.058,I.112,I.120,I.109,A.005,D.049,C.030,G.074,K.140,C.034,L.154,G.075,D.051,K.143,B.022,B.015,H.091,A.003"
Masjid Musholla (Lingkungan),1071,1,Premium,"A.011,L.166,A.001,G.086,E.059,M.188,N.196,C.026,B.013,C.031,H.096,E.055,D.048,H.099,K.137,M.189,M.186,G.076,D.043,A.004,L.163,H.107,M.180,M.179,N.199,D.042,L.159,A.010,G.079,K.148,I.113,E.057,K.138,L.164,I.122,G.073,C.033,D.038,F.072,A.005,F.068,B.023,D.039,I.118,G.074,B.014,L.154,B.015,G.085"
Masjid Raya (Kubah Besar),282,1,Ekonomis,"F.066,G.086,A.009,C.035,C.027,K.137,B.018,A.007,F.067,D.037,H.103,G.082,H.104,D.052,B.024,B.021,A.008,H.098,D.044,G.078,E.058,G.081,D.045,I.114,K.142,C.033,I.109,D.049,I.118,G.083,E.062,A.012,K.140,B.022,E.056,G.085,A.003"
Gedung Kampus,112,1,Standar,"A.011,I.123,H.100,A.001,E.059,B.013,H.096,E.055,B.018,F.067,D.037,F.065,D.043,B.016,A.010,K.147,K.148,G.078,G.081,C.033,D.041,A.005,D.049,H.106,G.074,I.116,B.020,C.028,I.126,K.143,A.002,E.056,C.029,D.050"
Gedung Sekolah / Kelas,524,1,Standar,"F.066,D.046,A.009,K.141,C.031,G.076,A.004,D.047,H.101,D.052,I.110,B.016,E.064,B.024,E.063,A.008,H.098,G.078,I.114,E.056,C.033,D.041,A.005,F.068,D.039,K.146,I.119,K.143,H.092,B.022,B.019,A.006,G.085,C.029"
Gedung Kampus,115,1,Standar,"K.144,A.003,G.086,C.035,D.048,F.067,D.037,G.082,H.104,A.004,B.016,C.032,E.064,B.024,E.063,A.008,G.078,I.117,D.041,F.068,D.039,H.097,K.145,A.012,E.060,B.025,C.034,I.126,K.143,I.119,B.019,H.091,A.006,D.050"
Gedung Sekolah / Kelas,1420,1,Standar,"K.144,A.009,C.035,K.141,H.087,B.018,D.036,E.054,H.103,I.121,D.052,G.080,D.042,A.010,E.063,H.098,K.148,D.044,E.058,G.073,C.033,D.038,F.072,A.005,F.068,C.030,I.124,B.014,B.020,I.119,B.022,A.006,G.085,A.003"
Masjid Musholla (Lingkungan),103,1,Standar,"K.144,G.086,A.009,K.141,C.026,C.031,D.048,H.087,A.004,H.101,D.042,A.010,E.063,G.079,B.021,A.008,K.147,E.057,E.058,F.071,C.033,D.041,F.068,B.023,D.053,G.083,I.124,B.017,B.025,I.126,D.051,A.002,I.119,H.092,G.081,G.085"
Rumah Mewah (2 Lantai+),1052,2,Ekonomis,"M.187,A.011,D.046,K.144,M.182,G.086,K.141,C.031,C.027,L.161,L.160,M.186,H.090,F.065,L.151,G.076,I.115,A.004,D.047,H.101,D.052,I.110,B.016,E.064,F.069,B.024,A.010,N.199,B.021,E.061,I.113,K.138,D.038,A.005,D.040,G.074,E.062,B.020,C.034,L.175,L.167,N.197,M.183,M.185,H.097,A.003"
Ruko Standar (2 Lantai),848,2,Premium,"A.011,A.001,M.182,M.188,K.141,C.026,D.048,M.189,M.186,D.037,L.151,G.076,H.104,D.043,H.101,H.105,G.080,L.162,N.199,F.069,B.024,A.010,E.063,L.159,K.148,M.181,K.138,E.058,I.117,F.072,L.174,C.030,D.039,A.006,I.124,A.012,B.014,B.025,L.154,D.051,I.119,N.197,B.015,E.056,G.085,C.029"
Cafe / Restoran (Interior),414,1,Premium,"F.066,D.046,H.102,L.166,M.182,L.171,H.093,C.027,L.168,B.018,A.007,G.077,F.065,D.047,N.198,M.179,M.180,B.016,K.147,A.008,E.057,G.078,H.089,A.005,L.174,D.039,D.053,I.118,G.074,E.062,A.012,I.116,E.060,K.140,C.034,L.154,I.126,D.051,K.143,N.197,B.022,M.183,B.019,M.181,C.029,A.003"
Jalan Lingkungan (Paving/Beton),150,1,Standar,"B.014,A.011,B.017,D.046,D.043,A.001,B.020,C.028,D.051,A.009,C.031,A.002,A.005,C.027,B.015,D.039,D.044"
Gedung Kampus,881,1,Standar,"D.046,A.001,A.003,K.141,C.026,C.031,C.027,B.018,H.103,F.065,D.043,D.047,H.101,I.110,B.016,F.069,A.010,G.079,A.008,E.061,E.057,K.138,D.045,G.073,I.117,K.142,I.118,G.074,H.088,A.012,B.025,B.019,E.056,D.050"
Gedung Kampus,1063,1,Standar,"D.046,A.001,K.137,A.007,E.054,G.077,F.065,H.103,G.076,D.043,A.004,H.107,C.032,B.024,E.061,K.148,I.113,G.078,K.138,F.071,I.122,A.005,D.049,H.095,B.014,B.020,C.028,D.051,I.126,A.002,B.022,E.056,C.029,D.050"
Gedung Kampus,568,1,Premium,"M.187,K.144,M.191,A.003,A.009,C.027,F.070,E.055,D.048,L.161,A.007,H.090,M.184,N.198,H.105,H.101,D.052,I.110,C.032,F.069,A.010,G.079,M.190,E.058,G.073,I.122,L.165,A.005,I.108,D.040,L.170,K.145,L.152,B.017,B.020,C.028,D.051,L.175,K.146,N.197,B.022,B.019,M.185,E.056,G.085,D.050"
Rumah Subsidi (Type 21-36),37,1,Ekonomis,"F.066,A.001,B.013,D.048,B.018,A.007,G.077,H.090,G.080,E.063,G.079,K.147,A.008,D.044,E.057,K.138,I.112,I.117,C.033,D.041,A.005,F.068,C.030,H.106,D.053,I.118,H.088,A.012,E.060,B.025,K.143,B.022,C.029,D.050"
Gedung Sekolah / Kelas,227,1,Ekonomis,"A.011,A.009,H.093,C.031,C.026,K.137,B.018,I.121,H.104,D.047,H.101,D.052,B.016,E.064,D.042,F.069,K.147,D.044,E.057,K.138,F.071,D.045,I.117,G.083,E.062,I.124,A.012,B.025,C.034,G.075,A.002,G.084,B.022,A.003"
Rumah Mewah (2 Lantai+),707,2,Ekonomis,"F.066,A.011,M.188,H.093,N.196,C.027,L.153,L.168,B.018,A.007,G.077,F.065,M.184,D.043,A.004,D.047,H.105,M.180,L.172,N.199,E.064,L.169,B.024,M.193,B.021,A.008,D.044,E.057,E.058,G.078,D.045,I.117,K.142,H.089,I.118,K.145,A.012,B.025,C.034,L.154,C.028,M.177,K.143,I.119,G.084,D.050"
Rumah Komersil (Type 45-70),332,1,Ekonomis,"A.011,D.046,H.100,A.009,C.031,E.055,A.007,E.054,G.077,F.065,D.043,G.080,E.064,F.069,H.094,H.098,I.122,K.142,D.049,I.108,C.030,B.023,D.039,I.118,G.074,K.145,A.012,B.017,C.028,D.051,K.146,B.019,B.015,A.006"
Cafe / Restoran (Interior),926,1,Ekonomis,"D.046,G.086,E.059,C.031,K.136,A.007,E.054,D.036,G.076,H.105,I.110,A.010,A.008,E.057,K.138,G.073,I.114,D.038,F.072,H.089,D.049,F.068,B.023,B.017,B.025,C.034,C.028,D.051,K.143,A.002,I.119,B.015,H.091,A.003"
Masjid Musholla (Lingkungan),1420,1,Standar,"H.100,A.001,G.086,C.031,F.070,H.096,D.048,B.018,A.007,G.076,A.004,D.052,B.016,E.064,F.069,K.147,K.139,G.078,E.058,I.114,I.109,A.005,D.049,I.108,C.030,D.053,G.083,B.014,E.060,B.025,G.075,K.143,A.002,H.092,C.029,D.050"
Pos Keamanan (Pos Satpam),684,1,Premium,"F.066,D.046,M.182,A.003,M.188,N.196,L.155,B.013,K.136,E.055,D.048,L.168,L.160,M.189,B.018,A.007,E.054,G.082,G.076,A.004,H.101,M.179,N.199,B.016,D.042,A.008,H.098,E.058,I.112,L.165,K.142,C.033,I.109,F.072,I.111,D.039,G.083,L.170,A.012,K.140,C.034,B.022,M.183,H.097,C.029,D.050"
Masjid Musholla (Lingkungan),1253,1,Standar,"F.066,A.011,G.086,C.035,C.027,K.136,F.070,E.055,D.048,H.096,K.137,A.007,G.082,H.104,G.076,D.043,H.101,A.010,G.079,D.044,E.057,I.122,K.142,D.041,D.049,B.023,I.124,I.116,B.017,B.025,C.028,A.002,G.084,B.019,E.056,A.003"
Rumah Mewah (2 Lantai+),159,2,Premium,"A.011,L.166,M.182,G.086,M.188,K.141,C.026,N.196,K.137,D.048,L.156,B.018,D.037,D.043,I.115,L.150,L.162,M.179,G.080,N.199,E.064,F.069,M.193,A.008,E.061,H.098,M.190,D.044,E.057,K.138,I.122,A.005,F.068,H.095,B.023,L.173,H.097,B.014,B.017,C.028,D.051,I.126,G.084,A.006,C.029,A.003"
Rumah Mewah (2 Lantai+),190,2,Premium,"A.011,L.166,I.123,A.001,M.182,N.196,K.136,F.070,L.153,H.099,L.156,B.018,E.054,D.037,L.151,G.082,H.104,M.184,L.150,N.198,M.180,D.052,B.016,F.069,B.024,A.010,B.021,A.008,K.148,E.057,E.058,M.192,D.038,I.109,C.030,D.039,G.074,C.028,D.051,G.075,K.143,H.092,I.120,M.181,C.029,A.003"
Pos Keamanan (Pos Satpam),74,1,Premium,"H.102,C.035,L.155,N.196,K.137,D.048,D.036,M.186,H.090,L.151,G.082,M.195,M.184,D.043,A.004,L.150,G.080,B.016,E.064,F.069,B.024,A.010,E.063,H.094,L.159,M.193,K.148,D.044,G.078,C.033,I.109,I.125,A.005,F.068,C.030,E.062,A.012,B.017,B.020,I.126,K.146,N.197,M.183,L.157,A.006,D.050"
Gedung Kampus,1427,1,Premium,"M.187,D.046,H.102,A.001,G.086,A.009,K.141,C.026,N.196,A.007,D.036,H.090,F.065,I.121,M.186,L.163,A.004,H.101,M.179,G.080,I.110,N.199,C.032,D.042,E.064,A.010,L.159,L.169,M.193,E.057,D.041,F.068,B.023,D.053,I.118,K.145,L.152,E.060,B.025,C.034,G.075,K.143,B.022,M.183,B.015,L.157"
Pos Keamanan (Pos Satpam),1336,1,Premium,"M.187,A.011,L.166,A.001,M.191,A.003,N.196,C.031,C.027,F.070,K.137,H.087,L.156,B.018,A.007,L.160,M.184,A.004,D.047,M.179,D.052,G.080,E.064,D.042,B.024,H.094,G.079,K.139,M.190,E.057,F.071,I.108,B.023,H.106,I.118,K.145,B.014,L.158,C.028,D.051,G.075,I.126,L.167,N.197,E.056,D.050"
Rumah Komersil (Type 45-70),1261,1,Premium,"A.011,H.100,A.001,G.086,A.009,E.059,L.171,C.026,B.013,F.070,D.048,M.189,L.160,L.156,A.007,D.037,H.090,A.004,D.047,N.198,H.105,M.179,C.032,E.064,M.193,B.021,L.149,K.148,D.044,E.057,F.071,I.112,I.109,I.108,B.023,D.039,G.083,K.145,B.025,L.175,K.146,G.084,N.197,M.183,M.185,C.029"
Rumah Komersil (Type 45-70),936,1,Ekonomis,"A.011,I.123,H.100,A.009,C.035,E.055,K.137,F.067,D.037,G.082,A.004,H.107,D.052,B.016,D.042,A.010,B.021,K.139,D.044,F.071,G.073,I.117,C.033,H.095,D.040,A.006,E.060,K.146,B.019,B.015,I.120,E.056,G.085,C.029"
Masjid Musholla (Lingkungan),1054,1,Premium,"D.046,H.102,K.144,M.182,A.009,E.059,C.035,N.196,M.186,D.037,F.065,D.043,A.004,H.101,M.179,L.172,N.199,B.016,A.010,G.079,B.021,M.190,M.181,I.113,E.057,K.138,G.081,L.164,D.038,F.072,A.005,L.174,C.030,D.053,G.074,A.006,I.124,B.025,L.154,C.028,G.075,K.143,I.119,G.084,L.167,B.019,H.091,E.056"
Renovasi Rumah (Minor),1090,1,Standar,"H.102,E.059,C.035,K.141,K.136,B.018,F.067,D.037,G.082,D.043,A.004,D.047,H.101,D.052,D.042,B.024,A.010,G.079,K.139,I.117,I.125,F.068,C.030,H.097,E.062,A.006,A.012,I.116,C.034,G.075,A.002,B.019,B.015,E.056"
Gudang Konstruksi Baja,874,1,Ekonomis,"A.011,K.144,C.035,C.031,H.093,D.048,B.018,D.036,A.007,D.037,E.054,G.077,G.082,A.004,H.107,D.052,I.110,E.063,B.021,A.008,G.081,I.114,K.142,D.038,F.072,F.068,B.023,K.145,A.012,C.028,I.119,B.019,H.091,E.056"
Klinik Pratama,1026,1,Premium,"F.066,A.011,L.171,N.196,C.031,H.096,D.048,A.007,D.036,I.121,L.151,H.104,M.184,H.105,I.110,E.064,L.159,B.021,A.008,E.061,K.139,M.181,M.190,E.057,G.073,D.041,D.049,F.068,I.111,D.039,K.145,A.012,B.017,B.025,L.154,C.028,L.175,K.143,A.002,N.197,B.022,M.183,M.185,G.081,G.085,C.029"
Klinik Pratama,794,1,Ekonomis,"A.001,E.059,C.026,E.055,D.048,A.007,F.065,G.082,H.105,F.069,B.024,K.147,A.008,H.098,D.044,I.122,D.038,D.049,I.111,C.030,H.095,D.040,E.062,K.145,I.116,B.017,B.025,K.140,G.075,A.002,B.019,G.085,C.029,A.003"
Cafe / Restoran (Interior),1175,1,Standar,"A.011,D.046,H.102,C.026,K.137,H.099,B.018,D.037,G.076,I.115,D.052,A.010,H.098,G.081,F.071,D.045,I.122,K.142,F.072,D.041,A.005,I.108,B.023,G.083,E.062,A.006,B.017,B.025,E.060,K.140,C.028,A.002,E.056,C.029"
Rumah Mewah (2 Lantai+),965,2,Standar,"D.046,I.123,K.144,E.059,C.035,K.141,C.027,L.153,L.168,M.189,A.007,M.186,F.065,N.198,H.101,D.052,G.080,B.016,N.199,F.069,B.024,G.079,B.021,A.008,H.098,K.148,M.192,E.058,I.122,I.114,A.005,C.030,H.106,D.039,D.053,L.170,G.074,A.012,E.060,L.154,M.177,D.051,A.002,L.167,B.015,M.181"
Masjid Raya (Kubah Besar),644,1,Ekonomis,"D.046,G.086,C.035,B.013,C.027,H.096,A.007,G.082,G.076,D.043,I.115,D.047,H.101,F.069,A.010,E.063,K.147,A.008,E.061,I.113,E.057,F.071,K.142,A.005,D.053,G.083,G.074,H.088,I.124,A.012,B.017,B.020,C.034,K.143,B.022,G.081,D.050"
Gedung Sekolah / Kelas,870,1,Premium,"M.187,D.046,A.001,G.086,L.171,L.155,B.013,F.070,H.096,L.161,L.156,B.018,A.007,I.121,M.184,L.150,N.198,H.101,M.180,G.080,I.110,N.199,E.064,D.042,M.193,K.147,E.061,K.148,D.044,G.081,F.071,I.112,C.033,D.038,D.041,A.005,C.030,H.106,E.060,B.020,K.146,B.019,M.185,A.006,C.029,A.003"
Ruko Premium (3 Lantai+),370,1,Standar,"F.066,A.001,G.086,A.009,E.059,B.013,C.027,K.136,H.096,D.036,A.004,B.024,A.010,E.063,G.079,E.057,D.045,G.073,I.122,I.125,D.041,F.068,I.108,D.039,H.088,K.145,B.017,B.025,C.034,C.028,D.051,K.146,H.091,A.003"
Masjid Raya (Kubah Besar),1067,1,Standar,"F.066,A.009,E.059,C.031,C.027,K.136,E.055,D.048,H.087,F.065,A.004,D.052,G.080,B.016,A.010,K.139,K.138,G.078,D.045,G.073,I.109,D.041,I.111,D.040,G.074,E.062,I.124,A.012,B.017,B.025,C.028,A.002,H.092,B.022,H.097,G.085"
Klinik Pratama,1401,1,Ekonomis,"F.066,A.011,D.046,C.035,C.031,B.013,K.141,H.096,D.036,D.037,H.104,H.107,I.110,B.016,D.042,B.024,A.010,E.063,A.008,K.139,E.057,F.071,G.073,I.108,E.062,A.012,C.034,G.075,K.146,I.119,B.019,A.006,G.085,D.050"
Ruko Premium (3 Lantai+),455,1,Standar,"G.086,E.059,C.031,F.070,H.096,K.137,A.007,F.065,A.004,H.101,D.052,G.079,A.008,K.148,G.081,I.112,D.045,D.038,I.125,A.005,I.118,H.097,K.145,E.060,B.025,B.020,C.034,D.051,A.002,B.022,B.015,E.056,C.029,D.050"
Renovasi Rumah (Minor),557,1,Ekonomis,"F.066,A.011,A.009,C.031,C.027,K.136,E.055,D.036,A.007,E.054,H.090,D.052,I.110,B.024,E.063,G.079,K.147,A.008,K.139,D.044,I.112,D.038,F.072,B.023,I.124,C.028,G.084,H.092,B.022,B.019,H.091,A.006,G.085,D.050"
Renovasi Rumah (Minor),546,1,Premium,"F.066,L.166,A.001,A.009,H.093,C.031,B.013,K.141,K.137,M.186,D.043,A.004,N.198,M.179,D.052,G.080,N.199,C.032,E.064,A.008,L.149,D.044,F.071,L.165,I.108,H.095,L.173,D.040,H.088,E.062,I.124,A.012,B.025,C.028,G.075,I.126,M.177,K.146,L.167,B.022,M.183,B.015,M.185,E.056,G.085,D.050"
Rumah Subsidi (Type 21-36),75,1,Standar,"K.144,C.035,E.055,H.099,B.018,E.054,G.076,D.043,A.004,I.115,D.052,B.016,C.032,A.010,H.098,G.073,K.142,D.038,F.072,D.041,I.125,A.005,F.068,H.095,D.053,G.083,E.062,I.116,B.017,B.025,K.146,A.002,C.029,A.003"
Rumah Komersil (Type 45-70),1137,1,Premium,"I.123,A.003,L.171,C.035,L.155,B.013,C.027,N.196,F.070,L.161,E.054,H.104,M.184,D.043,N.198,M.180,G.080,I.110,D.042,A.010,E.063,G.079,B.021,H.098,H.094,L.149,M.190,K.138,I.122,D.038,A.005,F.068,B.023,D.040,A.012,B.014,E.060,K.140,C.028,G.075,K.146,A.002,L.167,M.183,M.181,D.050"
Pos Keamanan (Pos Satpam),666,1,Ekonomis,"H.100,A.001,C.031,C.026,C.027,F.070,D.048,H.099,F.065,D.043,G.080,D.042,A.010,B.021,A.008,E.058,G.073,I.122,D.038,I.109,D.049,I.111,B.023,H.097,G.074,E.062,K.145,B.014,E.060,K.140,K.146,B.022,A.006,A.003"
Rumah Subsidi (Type 21-36),1209,1,Ekonomis,"A.011,A.001,G.086,K.141,C.031,B.013,E.054,D.037,A.004,H.101,F.069,K.147,K.139,E.058,F.071,G.073,C.033,D.038,I.125,D.041,C.030,H.095,D.053,H.097,A.012,I.116,B.017,B.025,E.060,D.051,G.084,B.022,I.120,A.006"
Renovasi Rumah (Minor),811,1,Standar,"D.046,H.100,A.009,C.035,B.013,C.027,H.096,D.048,D.036,I.121,G.082,H.101,G.080,B.016,E.064,E.063,G.079,A.008,E.061,K.139,K.138,D.045,K.142,F.072,A.005,F.068,I.108,D.040,B.017,B.020,C.034,I.126,A.002,A.006"
Gedung Sekolah / Kelas,304,1,Premium,"D.046,A.009,E.059,K.141,C.031,N.196,H.096,D.036,H.103,D.037,F.065,M.195,D.043,A.004,L.163,M.194,L.162,N.199,L.169,D.042,F.069,G.079,E.061,M.190,M.181,E.057,I.112,L.165,C.033,I.109,A.005,L.174,C.030,B.023,A.012,K.140,B.020,M.177,K.143,A.002,I.119,H.092,B.019,B.015,G.081,G.085"
Rumah Subsidi (Type 21-36),1177,1,Standar,"F.066,D.046,K.144,A.003,G.086,E.059,C.035,H.093,E.055,D.048,B.018,D.037,H.090,A.004,C.032,E.064,A.008,K.139,K.148,G.081,F.071,I.122,I.114,C.033,D.041,H.088,I.124,B.014,B.025,A.002,B.022,A.006,G.085,D.050"
Rumah Mewah (2 Lantai+),242,2,Premium,"M.188,A.009,K.136,L.157,H.096,L.153,H.099,B.018,F.065,G.082,D.043,A.004,I.115,D.047,M.194,L.162,G.080,N.199,C.032,A.010,A.008,E.061,L.149,E.057,K.138,D.045,C.033,F.072,D.041,L.174,C.030,D.039,E.062,I.116,B.017,B.020,M.177,K.146,I.119,G.084,N.197,B.022,M.183,M.185,H.091,A.003"
Masjid Musholla (Lingkungan),1204,1,Premium,"D.046,I.123,K.144,A.001,E.059,C.035,H.093,K.136,N.196,L.156,D.037,F.065,G.082,L.151,D.043,L.163,M.194,N.198,L.162,L.172,E.064,B.024,G.079,H.098,M.190,D.044,M.181,E.057,M.192,G.081,G.073,M.178,I.109,F.072,A.005,D.049,C.030,B.023,H.088,B.025,C.028,K.143,A.002,I.119,B.022,A.006,G.085,A.003"
Renovasi Rumah (Minor),615,1,Premium,"D.046,L.166,A.001,M.182,M.191,G.086,A.009,K.141,C.026,F.070,D.048,H.099,E.054,I.121,F.065,M.184,A.004,N.198,H.101,D.052,L.169,D.042,B.024,E.063,G.079,A.008,K.139,K.148,D.044,M.192,I.109,L.174,I.118,B.014,B.017,E.060,C.028,L.175,G.084,H.092,L.167,N.197,M.183,B.015,A.006,C.029"
Cafe / Restoran (Interior),693,1,Standar,"D.046,A.003,C.035,B.013,K.137,G.082,G.076,I.115,A.004,G.080,I.110,C.032,F.069,A.010,E.063,E.061,K.148,D.044,K.142,I.109,H.089,A.005,D.049,F.068,C.030,B.023,E.062,B.020,D.051,A.002,H.092,B.015,H.097,D.050"
Gudang Konstruksi Baja,288,1,Premium,"F.066,A.011,D.046,H.102,A.001,M.182,A.003,M.191,E.059,H.093,C.026,C.027,K.137,B.018,M.184,A.004,N.198,L.162,D.052,G.080,B.016,C.032,D.042,E.064,N.199,E.061,M.190,F.071,K.142,I.109,D.041,L.170,H.088,B.014,I.116,K.140,L.152,L.154,G.075,L.175,A.002,I.119,G.084,B.015,M.181,D.050"
Rumah Mewah (2 Lantai+),879,2,Premium,"A.011,M.191,C.035,N.196,E.055,M.189,B.018,L.151,H.104,D.047,M.180,D.052,E.064,D.042,B.024,A.010,H.094,L.169,A.008,K.148,I.113,L.164,G.081,F.071,G.073,M.178,I.114,K.142,F.072,D.041,I.125,C.030,H.106,L.170,E.062,B.020,L.154,C.028,D.051,G.075,K.146,N.197,B.015,M.185,A.006,A.003"
Pos Keamanan (Pos Satpam),1172,1,Premium,"F.066,A.011,D.046,I.123,L.166,M.182,C.035,K.141,B.013,K.136,N.196,H.096,E.055,D.036,G.077,G.082,G.076,L.163,A.004,L.150,D.047,M.194,H.105,M.180,M.179,E.064,F.069,A.010,E.063,B.021,A.008,H.098,D.044,L.164,M.178,I.114,K.142,I.125,C.030,D.040,B.014,B.017,L.167,N.197,A.006,C.029"
Rumah Mewah (2 Lantai+),1138,2,Premium,"L.166,M.182,K.141,N.196,B.013,C.027,H.096,K.137,L.161,L.153,H.105,M.180,D.052,I.110,N.199,C.032,E.064,F.069,A.010,G.079,E.061,G.081,I.112,G.073,M.178,C.033,D.041,H.089,A.005,F.068,B.023,D.039,I.118,D.040,E.062,A.012,L.152,K.140,B.025,M.177,D.051,A.002,L.167,M.183,B.015,A.006"
Rumah Subsidi (Type 21-36),365,1,Ekonomis,"A.011,I.123,A.001,H.093,C.031,C.026,K.141,E.055,D.048,B.018,F.067,I.121,G.082,A.004,H.101,F.069,B.021,K.139,D.044,I.112,G.073,A.005,D.049,D.039,E.062,K.145,B.017,B.025,E.060,C.034,D.051,H.092,G.085,A.003"
Gedung Sekolah / Kelas,1237,1,Ekonomis,"A.011,A.009,H.087,G.077,D.043,I.115,D.047,D.052,E.064,A.010,G.079,B.021,H.098,K.147,K.139,E.057,G.078,F.071,D.045,E.056,C.033,I.109,F.072,A.005,C.030,H.106,D.039,I.124,B.014,B.020,K.143,B.015,A.006,C.029"
Ruko Standar (2 Lantai),863,2,Standar,"A.011,D.046,A.009,E.059,K.141,C.026,B.013,K.136,H.087,G.077,F.065,D.043,D.052,B.016,E.064,F.069,A.010,A.008,E.058,D.045,I.117,I.125,A.005,I.108,C.030,B.023,H.095,D.039,H.097,C.034,G.075,K.143,B.019,G.081"
Jalan Lingkungan (Paving/Beton),1315,1,Ekonomis,"A.012,B.014,D.045,B.020,A.009,C.035,D.052,A.002,C.032,D.049,D.042,B.022,D.048,B.021,A.007,A.006,C.029"
Masjid Raya (Kubah Besar),1363,1,Ekonomis,"A.011,D.046,K.144,G.086,E.059,K.141,C.027,A.007,E.054,D.036,F.065,G.082,I.121,A.004,H.105,G.080,B.016,C.032,F.069,H.094,B.021,E.061,K.139,I.112,D.045,I.117,D.041,A.005,D.039,G.074,A.012,C.034,B.022,B.019,H.091,G.085"
Cafe / Restoran (Interior),1474,1,Premium,"A.011,A.001,A.009,N.196,C.027,K.136,L.153,L.156,B.018,D.036,E.054,F.067,G.082,G.076,H.104,D.043,L.150,N.198,C.032,E.063,H.094,M.193,B.021,L.149,K.139,L.164,M.192,F.071,D.045,I.122,M.178,I.117,D.041,D.049,H.097,I.124,K.145,A.012,B.017,C.028,G.075,A.002,M.183,B.019,M.185,E.056"
Rumah Mewah (2 Lantai+),1048,2,Premium,"M.191,A.009,L.171,H.093,K.141,C.027,L.161,D.048,A.007,D.036,M.186,F.065,H.105,L.162,G.080,L.172,B.016,C.032,E.064,L.159,M.180,N.199,A.008,E.061,K.148,E.057,F.071,I.112,M.178,C.033,D.041,D.039,I.118,B.014,K.140,B.020,D.051,A.002,I.119,N.197,B.022,M.185,H.091,G.081,G.085,A.003"
Renovasi Rumah (Minor),1339,1,Premium,"F.066,A.011,M.187,H.102,M.182,M.188,E.059,N.196,C.026,K.136,L.161,A.007,M.186,G.082,A.004,M.179,L.169,B.024,A.010,L.149,K.148,E.057,G.078,D.045,I.114,D.049,F.068,I.108,H.095,D.040,G.083,H.088,B.014,L.152,B.017,B.020,C.034,L.154,D.051,K.146,A.002,N.197,I.120,E.056,C.029,D.050"
Ruko Standar (2 Lantai),657,2,Standar,"D.046,K.144,C.035,C.027,H.096,D.048,H.087,B.018,E.054,F.067,I.115,A.004,D.052,I.110,B.016,E.064,G.079,B.021,A.008,E.061,K.148,D.045,D.038,I.109,F.072,A.005,H.088,B.017,C.028,K.143,A.002,G.084,G.085,A.003"
Masjid Raya (Kubah Besar),1347,1,Premium,"A.011,M.182,M.188,A.009,L.171,C.035,C.026,B.013,H.093,K.136,F.070,L.153,D.048,H.087,B.018,F.067,G.076,D.043,L.163,L.150,M.179,L.172,N.199,B.016,E.064,A.010,E.063,B.021,D.044,I.113,D.045,G.073,K.142,D.049,G.083,E.062,I.124,K.140,C.028,G.075,M.177,I.119,H.092,N.197,M.183,A.006,G.085,A.003"
Masjid Raya (Kubah Besar),889,1,Ekonomis,"D.046,G.086,A.009,K.141,C.031,B.013,H.096,D.036,H.103,F.065,C.032,K.139,I.113,E.058,G.081,G.073,K.142,E.056,C.033,D.038,I.109,D.049,F.068,H.106,D.040,G.074,A.012,B.014,E.060,B.025,B.020,G.075,I.126,A.002,G.084,A.006,A.003"
Pos Keamanan (Pos Satpam),1362,1,Premium,"M.182,M.188,A.009,E.059,C.035,L.171,C.027,K.136,N.196,F.070,L.161,D.036,E.054,M.186,G.082,A.004,D.047,H.101,D.052,D.042,F.069,L.159,M.193,A.008,H.098,M.190,E.058,L.165,I.109,A.005,D.049,I.111,H.095,L.170,K.145,A.012,I.116,B.025,C.034,G.075,K.146,N.197,B.022,B.019,B.015,G.085"
Renovasi Rumah (Minor),1439,1,Ekonomis,"A.011,G.086,A.009,C.035,C.026,B.013,K.141,K.137,H.087,A.007,I.121,F.065,D.043,D.047,B.016,E.064,F.069,A.010,I.113,E.057,D.045,D.041,I.108,G.083,E.060,K.140,B.020,C.034,A.002,H.092,B.022,H.097,G.085,D.050"
Rumah Komersil (Type 45-70),1026,1,Premium,"K.144,I.123,A.001,A.003,E.059,N.196,C.026,C.031,K.136,L.161,H.087,D.037,G.077,L.151,H.104,D.047,M.180,N.199,E.064,D.042,F.069,H.094,M.193,B.021,A.008,K.147,L.149,M.190,M.192,E.058,F.071,I.117,I.125,A.005,C.030,B.023,L.173,D.053,B.025,G.075,L.167,B.022,M.183,A.006,G.085,D.050"
Rumah Komersil (Type 45-70),621,1,Standar,"H.100,A.001,A.009,C.026,C.027,D.048,B.018,D.052,I.110,B.016,C.032,E.064,A.010,E.063,G.079,H.094,E.061,K.139,F.071,D.045,I.114,K.142,F.072,A.005,D.049,H.095,G.074,A.012,B.014,K.140,B.020,G.084,I.120,D.050"
Klinik Pratama,792,1,Standar,"D.046,H.102,C.027,D.048,H.087,B.018,A.007,E.054,I.121,F.065,G.076,H.105,G.080,B.016,B.024,A.010,K.138,D.045,C.033,D.038,F.072,I.109,D.040,E.062,A.006,K.145,C.028,K.143,A.002,B.015,I.120,E.056,G.085,A.003"
Klinik Pratama,299,1,Standar,"K.144,A.001,C.035,B.013,F.070,H.096,D.036,G.082,I.110,E.064,D.042,A.010,H.094,H.098,K.139,E.057,D.045,D.038,I.109,F.072,A.005,I.108,C.030,B.023,D.040,G.083,A.012,E.060,B.025,K.140,C.028,G.075,B.019,A.003"
Gedung Sekolah / Kelas,463,1,Ekonomis,"K.144,H.102,B.013,C.027,F.070,D.048,B.018,D.036,A.007,F.067,G.080,A.010,E.063,K.147,A.008,H.098,D.044,E.057,G.081,D.045,G.073,C.033,I.125,H.089,I.108,D.039,I.118,A.006,B.020,C.034,K.146,B.019,E.056,A.003"
Rumah Mewah (2 Lantai+),916,2,Ekonomis,"A.011,D.046,A.001,M.191,C.035,C.031,N.196,D.048,H.087,A.007,F.067,H.103,M.186,G.076,H.107,D.047,M.194,L.172,I.110,N.199,E.064,B.024,G.079,M.193,E.061,K.139,L.149,M.192,G.073,L.165,E.056,F.072,I.125,A.005,D.049,C.030,L.173,D.053,B.017,K.140,B.020,I.126,K.146,B.022,L.157,A.006"
Gedung Sekolah / Kelas,543,1,Ekonomis,"K.144,G.086,A.009,C.035,C.026,B.013,D.048,H.099,F.067,H.090,G.076,G.080,I.110,C.032,H.094,K.147,A.008,K.138,E.058,D.038,D.041,A.005,F.068,B.023,D.040,E.062,A.012,I.116,D.051,B.022,B.015,I.120,E.056,A.003"
Rumah Komersil (Type 45-70),1491,1,Premium,"A.011,D.046,I.123,A.001,E.059,H.093,C.031,N.196,E.055,H.087,B.018,D.036,F.067,M.186,F.065,L.150,M.194,H.105,L.162,G.080,I.110,M.179,C.032,D.042,E.064,L.164,M.178,K.142,D.038,A.005,D.049,L.174,C.030,B.023,L.170,G.074,K.145,A.012,B.014,I.116,K.140,G.075,A.002,N.197,B.022,M.185"
Klinik Pratama,93,1,Premium,"A.001,M.191,A.003,E.059,C.035,H.096,D.048,L.168,M.189,B.018,A.007,E.054,F.067,F.065,L.151,M.184,A.004,L.150,H.105,M.179,G.080,N.199,B.016,C.032,L.159,E.063,G.079,K.147,K.139,I.113,I.108,H.106,L.173,D.053,D.040,I.116,B.017,K.140,C.028,D.051,M.177,N.197,B.022,A.006,G.085,D.050"
Gudang Konstruksi Baja,880,1,Ekonomis,"F.066,A.011,I.123,C.035,C.031,B.013,H.093,H.096,G.082,D.043,A.004,D.042,A.010,E.063,B.021,E.061,K.139,K.148,D.044,E.058,G.073,I.122,D.038,I.109,F.072,C.030,D.053,H.097,B.014,B.017,K.140,A.002,G.084,A.006"
Klinik Pratama,179,1,Ekonomis,"F.066,A.001,C.031,C.026,K.137,E.054,D.037,F.065,G.082,H.090,H.103,I.121,A.004,H.101,G.080,B.016,E.064,D.042,A.010,A.008,K.148,E.057,K.138,D.038,D.041,C.030,I.124,A.012,I.127,B.025,B.022,B.019,G.081,D.050"
Gedung Sekolah / Kelas,1447,1,Standar,"A.001,A.009,C.035,C.031,F.070,K.137,H.087,B.018,D.037,B.016,B.024,H.094,G.079,A.008,E.061,D.044,G.078,E.058,I.112,G.073,C.033,I.109,F.072,D.041,D.053,D.040,H.088,K.145,E.060,B.025,K.143,A.002,I.120,A.006"
Renovasi Rumah (Minor),1034,1,Ekonomis,"K.144,A.009,E.059,H.093,C.026,B.018,D.043,A.004,E.064,D.042,F.069,E.063,A.008,G.081,I.122,D.038,F.072,D.049,I.108,D.040,G.083,G.074,H.088,I.124,K.145,B.014,B.017,B.025,K.140,C.028,A.002,H.091,A.006,C.029"
Gedung Kampus,855,1,Standar,"F.066,A.009,E.059,C.035,K.141,K.136,E.055,A.007,A.004,H.107,D.052,I.110,C.032,D.042,F.069,E.063,H.094,K.148,D.044,G.078,D.038,I.125,D.041,C.030,B.023,H.097,A.012,B.014,B.017,I.116,A.002,B.015,G.081,G.085"
Renovasi Rumah (Minor),1019,1,Premium,"A.011,K.144,H.102,A.001,A.003,M.188,N.196,L.155,L.161,L.168,A.007,D.037,L.151,M.195,G.076,D.043,I.115,H.107,N.198,M.179,G.080,I.110,L.172,E.064,F.069,B.024,E.063,M.190,I.114,K.142,D.038,F.072,C.030,B.023,H.106,B.014,E.060,C.034,D.051,K.143,G.084,B.015,M.185,A.006,C.029,D.050"
Rumah Komersil (Type 45-70),1364,1,Premium,"F.066,L.166,I.123,M.188,L.171,N.196,C.026,E.055,H.099,A.007,H.103,D.037,G.077,M.184,L.163,A.004,D.047,M.179,G.080,N.199,B.016,C.032,E.064,H.094,M.190,K.138,F.071,G.073,M.178,K.142,A.005,L.174,D.039,L.170,I.124,A.012,E.060,B.025,K.140,B.020,C.034,I.126,D.051,A.002,B.015,D.050"
Renovasi Rumah (Minor),1381,1,Ekonomis,"D.046,I.123,A.001,A.009,E.059,C.035,C.027,E.055,H.099,D.036,A.007,F.067,G.076,G.080,H.098,I.117,E.056,I.109,F.072,D.041,B.023,D.053,H.097,K.145,B.014,K.140,B.025,C.028,K.146,A.002,G.084,B.022,A.006,D.050"
Masjid Musholla (Lingkungan),367,1,Ekonomis,"F.066,H.102,A.001,C.026,C.027,D.036,F.067,H.090,G.077,G.076,I.115,D.047,G.080,B.016,E.064,D.042,A.010,G.079,B.021,A.008,G.078,E.058,K.142,I.109,I.125,A.005,H.095,D.040,E.062,K.145,K.140,C.034,A.002,B.022,B.019,G.085,D.050"
Masjid Raya (Kubah Besar),1329,1,Standar,"F.066,D.046,G.086,A.009,C.027,H.096,K.137,A.007,E.054,G.082,D.043,H.107,D.047,B.016,F.069,B.021,A.008,K.139,G.078,I.114,D.038,A.005,D.049,H.095,G.074,E.062,I.124,B.014,E.060,C.034,C.028,K.143,A.002,B.022,I.120,G.081"
Gedung Kampus,451,1,Premium,"H.102,A.003,A.009,E.059,K.141,N.196,C.027,L.168,A.007,F.067,M.195,M.184,D.043,D.047,M.179,N.199,B.016,L.169,E.063,B.021,H.098,L.149,D.044,K.138,E.058,L.164,D.045,M.178,I.114,C.033,F.072,H.089,A.005,G.074,L.152,I.127,K.140,C.028,G.075,I.126,A.002,G.084,B.022,B.019,M.181,D.050"
Ruko Standar (2 Lantai),457,2,Standar,"F.066,A.011,D.046,I.123,A.001,C.031,K.136,H.096,E.055,A.007,F.067,G.082,H.105,B.016,E.064,G.079,B.021,K.148,I.112,D.045,I.122,A.005,D.049,H.095,B.023,D.053,G.083,E.060,B.020,C.034,C.028,D.051,K.143,A.006"
Rumah Komersil (Type 45-70),115,1,Premium,"A.011,M.182,A.009,N.196,C.031,L.155,F.070,D.048,M.189,H.087,L.160,H.090,G.082,M.184,A.004,N.198,L.162,M.180,D.052,I.110,E.064,D.042,F.069,E.063,L.159,K.139,M.192,C.033,D.041,C.030,B.023,H.106,I.118,E.062,I.124,A.012,B.017,K.140,B.020,L.154,G.075,D.051,K.146,B.019,G.081,A.003"
Rumah Mewah (2 Lantai+),631,2,Ekonomis,"M.187,A.011,K.144,I.123,A.001,G.086,L.171,C.026,K.136,E.055,M.189,D.036,H.103,D.037,F.065,M.186,H.104,A.004,D.047,N.198,M.180,M.193,D.044,I.113,E.058,G.073,K.142,C.033,I.125,H.089,F.068,L.174,C.030,B.023,D.053,E.062,A.012,L.152,B.025,B.020,L.175,L.167,N.197,B.019,G.085,A.003"
Cafe / Restoran (Interior),868,1,Ekonomis,"D.046,H.102,H.096,K.137,B.018,E.054,D.037,F.067,G.077,G.082,H.090,A.004,C.032,D.042,E.063,A.008,E.061,D.045,I.117,D.041,A.005,F.068,I.118,K.145,A.012,B.014,I.127,C.034,C.028,K.143,B.022,B.015,A.006,G.085"
Masjid Raya (Kubah Besar),77,1,Premium,"M.187,A.011,D.046,G.086,M.188,C.031,B.013,L.155,L.153,M.189,L.156,A.007,E.054,D.037,F.067,G.077,M.195,L.163,D.047,N.198,H.101,M.180,D.052,N.199,C.032,E.064,E.057,G.078,G.081,F.071,I.112,I.114,K.142,D.038,I.125,A.005,C.030,H.095,G.083,K.145,A.012,B.017,B.025,L.158,G.075,K.146,H.092,B.019,A.006"
Cafe / Restoran (Interior),1177,1,Premium,"D.046,M.191,M.188,L.171,C.035,B.013,C.027,K.136,L.157,K.137,H.099,L.156,A.007,G.077,I.121,M.195,H.104,M.184,D.043,I.115,N.199,E.064,F.069,A.010,E.063,H.094,A.008,E.061,L.164,M.192,G.073,D.038,D.049,F.068,D.053,L.170,A.012,B.025,C.028,K.146,G.084,N.197,B.022,B.019,I.120,A.006"
Masjid Musholla (Lingkungan),828,1,Ekonomis,"A.011,A.001,E.059,K.141,C.026,B.013,B.018,H.103,G.082,G.076,A.004,D.047,H.101,G.080,A.010,G.079,K.147,E.058,D.045,I.109,F.072,D.041,I.125,A.005,F.068,C.030,D.039,G.074,I.124,K.145,B.017,E.060,C.034,D.051,G.084,B.019,H.097"
Gedung Sekolah / Kelas,1002,1,Premium,"F.066,A.001,A.003,G.086,M.188,C.031,E.055,L.156,B.018,E.054,M.184,L.162,D.052,G.080,B.016,N.199,F.069,A.010,M.193,K.147,A.008,E.061,K.139,L.149,M.181,L.164,D.045,I.117,H.095,B.023,H.106,L.173,D.053,K.145,C.034,I.126,D.051,I.119,G.084,N.197,M.183,B.019,H.091,A.006,C.029,D.050"
Gedung Kampus,351,1,Ekonomis,"D.046,K.144,A.001,A.009,B.013,C.027,D.048,I.121,G.076,A.004,D.047,H.101,G.080,B.016,E.064,F.069,H.094,K.138,E.058,D.045,I.117,C.033,D.038,F.072,I.125,C.030,H.106,G.083,E.062,B.014,K.140,B.019,A.006,A.003"
Renovasi Rumah (Minor),51,1,Ekonomis,"A.011,D.046,A.001,K.141,C.031,C.027,A.007,D.037,D.052,B.024,A.010,E.063,G.079,K.147,E.061,F.071,I.112,G.073,F.072,H.089,D.049,C.030,B.023,H.095,D.053,G.074,B.014,I.127,B.025,K.146,A.002,H.092,I.120,E.056"
Jalan Lingkungan (Paving/Beton),1300,1,Premium,"A.011,A.001,C.035,C.026,B.013,C.027,M.186,A.004,N.198,M.179,D.052,B.016,L.169,D.042,B.024,L.164,D.038,D.041,L.158,B.025,M.177,D.051,L.175,A.002,N.197,M.183,M.185,L.157,A.006"
Rumah Subsidi (Type 21-36),780,1,Ekonomis,"A.011,D.046,H.102,I.123,A.001,A.009,C.035,B.013,C.027,D.048,B.018,A.007,H.103,D.037,I.115,A.004,D.047,G.080,E.064,F.069,B.021,E.061,G.078,F.071,D.045,K.142,I.109,H.106,G.074,K.145,B.025,C.034,K.143,E.056"
Gedung Sekolah / Kelas,794,1,Ekonomis,"A.011,I.123,A.001,C.035,H.093,B.013,K.136,K.141,K.137,B.018,A.007,H.090,G.082,G.076,A.004,D.052,I.110,C.032,F.069,A.010,B.021,E.058,G.081,F.071,D.045,D.049,I.108,H.095,D.039,D.040,E.062,B.017,C.028,E.056"
Gedung Sekolah / Kelas,781,1,Ekonomis,"F.066,A.003,C.035,C.031,B.013,K.137,D.048,A.007,G.076,H.104,I.115,H.101,D.042,A.010,E.063,H.094,B.021,A.008,K.147,D.044,G.073,K.142,E.056,F.072,I.111,G.083,E.062,I.124,C.034,D.051,B.022,B.015,A.006,D.050"
Ruko Standar (2 Lantai),932,2,Standar,"D.046,C.035,C.026,E.055,H.099,A.007,G.077,H.090,A.004,D.052,G.080,E.064,F.069,B.024,G.079,B.021,A.008,E.061,K.147,K.139,K.138,F.072,I.125,C.030,D.039,I.118,I.127,B.020,D.051,A.002,H.092,B.015,A.006,D.050"
Ruko Standar (2 Lantai),1023,2,Standar,"K.144,I.123,A.003,C.035,F.070,D.048,A.007,D.036,E.054,F.067,H.090,A.004,H.105,E.064,E.061,K.148,I.113,G.073,I.122,D.041,H.089,A.005,B.023,D.039,G.083,G.074,B.014,B.017,C.034,K.143,A.002,B.022,C.029,D.050"
Gudang Konstruksi Baja,911,1,Ekonomis,"A.011,K.144,A.001,E.059,H.093,K.136,F.070,E.055,F.067,I.121,A.004,D.052,B.016,C.032,D.042,K.147,E.061,H.098,I.122,I.117,D.041,C.030,D.053,G.083,G.074,H.097,B.020,A.002,B.022,B.019,A.006,G.085,C.029,D.050"
Masjid Musholla (Lingkungan),1348,1,Ekonomis,"A.011,G.086,E.059,C.035,C.031,F.070,K.137,D.048,A.007,H.090,H.104,D.043,A.004,G.080,F.069,G.079,B.021,E.061,K.139,K.138,I.112,G.073,I.120,D.049,D.039,D.040,E.062,I.124,A.012,B.017,C.034,A.002,G.084,B.022,B.015,H.091"
Cafe / Restoran (Interior),1068,1,Standar,"D.046,H.100,A.001,A.009,E.059,H.093,C.027,F.070,E.055,K.137,H.099,B.018,A.007,D.036,G.082,G.076,D.042,F.069,A.010,K.139,I.117,I.114,D.049,C.030,D.053,G.074,K.145,B.014,B.017,A.002,I.119,B.022,E.056,C.029"
Pos Keamanan (Pos Satpam),469,1,Premium,"D.046,K.144,L.166,A.001,G.086,A.009,M.188,H.093,K.141,L.160,B.018,D.037,M.195,L.163,D.047,N.198,M.179,D.052,B.016,F.069,A.010,B.021,A.008,K.139,L.149,M.181,I.122,I.117,C.033,F.072,D.041,H.089,C.030,H.106,G.074,E.062,A.006,L.152,B.017,E.060,C.034,G.084,N.197,M.183,I.120,E.056"
Rumah Komersil (Type 45-70),653,1,Standar,"K.144,A.001,G.086,A.009,E.055,D.036,F.067,H.090,F.065,G.076,D.043,A.004,D.047,H.105,B.016,B.024,A.008,K.139,K.142,C.033,D.049,I.108,I.111,I.118,E.062,B.017,C.034,C.028,D.051,B.015,H.091,E.056,G.085,A.003"
Klinik Pratama,1463,1,Standar,"A.003,E.059,C.026,B.013,F.070,D.036,H.090,D.047,B.024,A.010,A.008,K.139,I.125,D.041,F.068,C.030,D.053,I.118,G.083,H.097,H.088,E.062,A.012,B.014,E.060,K.146,A.002,K.143,G.084,B.022,I.120,G.081,C.029,D.050"
Pos Keamanan (Pos Satpam),1088,1,Ekonomis,"K.144,A.001,C.035,C.026,K.136,K.141,F.070,H.099,B.018,E.054,D.037,G.080,D.042,F.069,A.010,E.063,H.094,E.061,D.044,I.112,G.073,D.041,A.005,D.049,G.074,A.012,I.127,C.034,I.126,H.092,B.022,B.019,B.015,A.003"
Masjid Raya (Kubah Besar),160,1,Premium,"F.066,D.046,H.102,H.100,A.001,A.009,N.196,C.031,B.013,L.155,K.137,M.189,L.156,D.036,M.186,D.037,G.077,M.184,D.043,M.194,L.162,G.080,C.032,E.064,L.169,L.149,K.148,D.044,E.057,G.078,K.142,C.033,F.072,I.111,G.083,H.088,A.012,E.060,G.075,I.126,A.002,N.197,B.022,B.019,B.015,M.185,I.120,A.003"
Pos Keamanan (Pos Satpam),693,1,Standar,"D.046,H.100,A.009,E.059,K.141,B.013,D.037,G.082,I.115,A.004,D.052,B.016,F.069,E.063,B.021,A.008,K.148,I.113,G.081,C.033,D.038,F.072,D.041,H.089,I.111,C.030,H.106,A.006,K.145,A.012,B.017,C.034,G.075,E.056"
Klinik Pratama,909,1,Ekonomis,"F.066,A.011,D.046,H.102,C.026,C.027,K.137,B.018,E.054,G.082,G.076,A.004,H.105,G.080,I.110,C.032,E.064,A.010,K.139,E.058,D.038,F.068,B.023,D.039,D.053,H.088,A.012,I.127,K.140,B.020,D.051,I.119,B.015,A.003"
Rumah Mewah (2 Lantai+),252,2,Premium,"M.187,K.144,M.191,M.188,A.009,E.059,C.026,L.156,B.018,M.186,G.077,F.065,H.090,M.195,D.043,D.047,N.198,N.199,D.042,A.010,A.008,K.139,L.149,D.044,G.081,G.073,L.165,C.033,F.072,D.041,H.088,E.062,A.012,B.014,E.060,I.127,K.140,L.152,C.028,I.126,I.119,H.092,B.022,L.167,B.015,A.006"
Rumah Mewah (2 Lantai+),813,2,Standar,"A.011,K.144,H.102,L.166,M.191,M.188,N.196,C.026,C.027,F.070,D.048,L.156,L.151,M.195,D.047,B.016,D.042,B.024,F.069,G.079,A.008,E.061,H.098,K.139,L.149,M.181,K.138,E.058,M.190,D.038,I.109,A.005,D.049,G.074,H.088,E.062,L.152,I.127,B.017,I.116,C.028,A.002,G.084,N.197,B.019,A.006"
Ruko Standar (2 Lantai),1423,2,Ekonomis,"A.011,A.009,C.027,E.055,H.087,H.103,I.121,F.065,G.076,H.104,G.080,E.064,B.024,A.010,K.147,K.148,E.058,I.122,C.033,D.038,D.041,A.005,D.049,F.068,I.108,B.023,D.040,C.034,D.051,K.146,B.022,B.019,A.006,G.085"
Jalan Lingkungan (Paving/Beton),1296,1,Standar,"A.011,A.004,B.017,D.045,C.028,D.053,D.038,C.035,B.013,A.005,C.027,D.049,A.010,D.042,B.023,A.008,B.018"
Renovasi Rumah (Minor),67,1,Premium,"F.066,M.188,F.070,H.099,L.156,A.007,G.082,A.004,M.179,D.052,I.110,N.199,C.032,B.024,A.010,M.193,K.147,E.061,K.139,L.176,M.192,E.058,G.073,I.122,L.165,M.178,K.142,C.033,D.038,D.041,A.005,I.111,H.095,H.106,D.053,G.074,B.014,B.017,L.175,A.002,N.197,B.022,L.157,E.056,C.029,D.050"
Jalan Lingkungan (Paving/Beton),1370,1,Ekonomis,"B.017,D.045,A.001,C.028,D.040,A.002,C.032,D.042,D.050,B.022,C.030,B.021,A.008,B.015,A.007,D.036,A.003"
Rumah Mewah (2 Lantai+),1322,2,Ekonomis,"M.188,L.171,N.196,C.031,B.013,F.070,E.055,L.168,H.099,M.189,A.007,F.067,I.115,H.107,H.105,M.179,M.180,I.110,N.199,D.042,K.147,A.008,K.139,K.148,D.044,M.190,G.078,E.058,G.073,L.165,D.038,D.039,I.118,A.012,B.017,E.060,C.034,L.154,C.028,L.175,A.002,G.084,B.022,B.015,A.006,D.050"
Gedung Kampus,105,1,Ekonomis,"H.102,H.100,A.001,G.086,C.035,B.013,K.136,A.007,E.054,F.067,D.043,A.004,D.052,I.110,B.016,C.032,E.063,A.008,D.044,G.078,K.138,G.081,D.045,I.114,K.142,I.109,F.072,A.005,C.030,H.092,B.019,B.015,E.056,D.050"
Gedung Sekolah / Kelas,1417,1,Premium,"F.066,D.046,K.144,A.009,E.059,C.035,K.141,N.196,H.099,M.189,F.065,G.082,G.076,M.184,D.043,L.150,D.047,L.162,N.199,L.169,A.010,H.094,E.061,H.098,M.192,I.114,C.033,I.109,A.005,L.174,B.023,D.040,E.062,K.145,A.012,B.014,I.127,B.025,C.028,D.051,G.075,L.175,A.002,B.015,M.185,M.181"
Gedung Kampus,506,1,Standar,"F.066,A.011,E.059,C.031,I.121,F.065,A.004,H.107,D.047,G.080,C.032,B.021,H.098,K.147,K.138,E.058,D.045,A.005,D.049,D.039,I.118,H.097,E.062,K.140,B.025,C.028,D.051,G.075,I.126,G.084,B.022,B.015,A.006,A.003"
Renovasi Rumah (Minor),793,1,Standar,"F.066,A.011,I.123,C.031,K.136,H.096,E.055,D.048,B.018,A.007,D.036,F.065,G.076,A.004,B.024,A.010,K.139,E.057,E.058,D.045,I.117,D.049,C.030,H.095,G.083,I.124,K.140,B.020,A.002,G.084,B.022,H.097,C.029,D.050"
Ruko Premium (3 Lantai+),992,1,Standar,"A.011,A.001,C.035,B.013,C.027,H.096,E.055,D.048,K.137,H.087,B.018,D.036,F.067,I.115,A.004,D.047,B.016,E.064,A.010,E.063,I.113,G.078,G.081,K.142,D.038,F.072,D.049,I.108,H.097,B.025,G.075,K.143,A.006,C.029"
Gedung Sekolah / Kelas,790,1,Ekonomis,"F.066,K.144,E.059,C.035,A.007,D.037,H.104,A.010,E.063,G.079,B.021,A.008,I.113,D.045,I.122,C.033,D.041,D.049,F.068,H.095,H.088,E.062,I.124,K.145,A.012,B.014,C.034,K.146,A.002,G.084,B.019,B.015,G.085,D.050"
Pos Keamanan (Pos Satpam),609,1,Ekonomis,"H.102,A.003,K.141,C.026,C.027,H.096,K.137,E.054,G.077,H.090,D.043,D.047,G.080,E.064,F.069,A.010,A.008,D.044,K.138,E.058,F.071,I.112,I.117,A.005,D.049,B.023,I.127,B.017,B.025,C.034,G.075,B.022,A.006,D.050"
Gudang Konstruksi Baja,1305,1,Standar,"H.100,A.003,C.031,C.027,B.018,D.036,A.007,F.067,F.065,H.107,H.105,B.016,C.032,D.042,E.063,A.008,E.061,K.139,K.138,E.058,G.081,G.073,I.122,I.117,D.041,A.005,D.049,I.111,B.023,G.075,K.146,B.019,A.006,D.050"
Renovasi Rumah (Minor),261,1,Ekonomis,"F.066,K.141,B.013,C.027,F.070,D.036,A.007,G.077,H.103,G.082,I.121,A.004,H.107,D.052,B.016,B.021,E.057,G.081,A.005,D.049,H.095,D.039,I.118,D.040,E.062,E.060,K.140,C.028,I.126,K.146,A.002,B.015,A.006,C.029"
Pos Keamanan (Pos Satpam),368,1,Ekonomis,"G.086,A.009,K.141,B.013,C.027,K.136,D.048,A.007,F.067,I.121,G.082,H.104,D.047,H.105,E.064,D.042,A.010,E.063,H.098,I.113,E.058,D.038,F.068,C.030,D.040,K.145,B.014,B.020,C.028,G.084,B.022,I.120,A.006,A.003"
Gudang Konstruksi Baja,1263,1,Standar,"D.046,A.001,A.003,K.141,C.031,B.013,E.055,H.099,D.037,I.121,A.004,H.107,G.080,B.016,A.010,G.079,K.139,K.148,I.113,E.057,D.045,F.072,H.089,A.005,F.068,D.039,I.124,B.020,C.028,G.084,B.022,E.056,C.029,D.050"
Klinik Pratama,1463,1,Standar,"D.046,A.001,C.035,H.093,B.013,F.070,E.055,D.048,K.137,E.054,F.067,I.121,H.104,D.047,H.105,D.052,G.080,E.064,A.010,A.008,K.148,G.078,K.138,I.114,I.108,A.012,B.025,C.034,A.002,G.084,B.019,B.015,C.029,D.050"
Rumah Mewah (2 Lantai+),968,2,Standar,"H.100,A.009,E.059,C.035,L.155,B.013,C.027,N.196,L.161,D.048,L.168,M.186,F.067,D.037,H.090,G.076,H.105,L.162,D.052,M.179,N.199,E.064,D.042,F.069,A.010,B.021,K.147,M.190,G.078,M.192,K.142,A.005,I.111,D.053,G.074,K.145,A.012,I.116,E.060,M.177,L.175,B.022,B.019,I.120,C.029,A.003"
Rumah Subsidi (Type 21-36),393,1,Premium,"A.011,L.166,A.001,M.191,G.086,L.171,M.188,C.035,L.155,E.055,D.048,K.137,F.065,G.082,H.104,L.163,N.198,B.016,C.032,F.069,B.024,G.079,E.061,L.149,D.044,I.113,K.138,M.192,D.045,M.178,I.117,K.142,A.005,D.049,C.030,D.040,E.062,A.012,I.116,B.017,B.020,A.002,N.197,M.183,H.091,H.097"
Gedung Kampus,760,1,Ekonomis,"A.011,D.046,H.102,K.144,C.035,B.013,C.027,D.036,H.090,G.082,G.076,I.115,A.004,H.101,B.016,E.064,A.010,I.113,F.071,K.142,F.072,D.041,D.049,I.118,D.040,G.074,E.062,A.006,A.012,B.014,K.143,B.022,E.056,C.029"
Renovasi Rumah (Minor),1445,1,Ekonomis,"F.066,A.011,D.046,A.009,E.059,C.035,C.031,B.013,K.136,H.087,A.004,H.105,D.052,G.080,B.016,E.064,D.042,F.069,B.021,E.061,I.113,G.073,K.142,C.033,D.049,I.108,D.053,G.074,A.012,I.126,K.146,A.002,B.022,H.097"
Ruko Standar (2 Lantai),1497,2,Premium,"A.011,M.191,C.031,F.070,E.055,L.161,D.036,E.054,A.007,M.195,H.104,D.043,N.198,D.052,L.172,G.079,B.021,A.008,K.138,M.192,G.081,D.045,C.033,I.109,I.125,F.068,I.108,L.174,L.173,D.053,H.097,G.074,H.088,A.006,A.012,B.017,L.154,M.177,K.143,K.146,N.197,B.019,B.015,M.185,E.056,C.029"
Renovasi Rumah (Minor),1298,1,Premium,"A.011,K.144,M.188,A.009,H.093,N.196,B.013,C.027,F.070,E.055,D.036,L.151,L.150,H.107,M.179,L.172,I.110,E.064,D.042,M.193,B.021,M.181,D.044,E.057,M.192,D.045,I.122,L.165,D.049,F.068,I.108,H.106,G.074,L.152,B.017,K.140,B.020,C.034,C.028,K.146,A.002,G.084,N.197,A.006,G.085,A.003"
Pos Keamanan (Pos Satpam),1063,1,Premium,"D.046,H.102,K.144,M.191,G.086,A.009,H.093,C.031,K.141,N.196,E.055,L.156,F.067,D.037,L.151,M.184,L.150,N.198,M.180,B.016,C.032,B.024,A.010,G.079,A.008,E.057,G.073,L.165,K.142,E.056,C.033,D.038,A.005,F.068,I.111,H.106,D.040,I.116,B.025,M.177,I.119,L.167,M.183,B.015,A.006,D.050"
Masjid Musholla (Lingkungan),1066,1,Standar,"A.001,C.035,C.031,C.026,F.070,K.137,D.048,B.018,D.037,H.090,G.082,H.105,G.080,B.016,B.024,B.021,A.008,I.113,G.078,E.058,G.081,G.073,D.038,A.005,F.068,H.095,D.039,D.053,G.083,A.006,I.124,E.060,K.140,I.126,K.143,E.056,A.003"
Jalan Lingkungan (Paving/Beton),1009,1,Premium,"A.011,A.001,M.188,C.027,D.048,B.018,M.195,M.184,A.004,D.047,N.199,L.149,M.192,L.165,A.005,B.023,L.173,D.053,L.170,D.040,C.028,M.177,A.002,N.197,B.022,B.015,L.157,C.029,D.050"
Rumah Subsidi (Type 21-36),1278,1,Ekonomis,"A.001,A.009,C.035,C.027,A.007,E.054,F.067,F.065,G.077,H.104,D.043,I.115,D.047,I.110,E.063,K.147,E.057,G.081,D.045,D.038,H.089,I.111,H.095,G.074,K.145,A.012,B.014,C.034,D.051,K.146,B.022,B.019,B.015,A.006"
Ruko Premium (3 Lantai+),1442,1,Ekonomis,"D.046,H.102,C.031,B.013,K.137,A.007,F.067,H.090,G.080,B.016,C.032,D.042,E.064,A.010,F.069,H.094,A.008,K.148,D.044,E.057,E.058,G.078,I.112,K.138,I.125,D.053,D.040,I.124,A.012,B.014,C.028,G.075,B.019,A.003"
Rumah Mewah (2 Lantai+),645,2,Premium,"M.187,A.011,D.046,H.102,A.001,E.059,C.035,H.093,B.013,N.196,L.156,A.007,M.186,G.077,D.047,N.198,I.110,B.016,C.032,F.069,E.063,L.176,M.190,E.058,F.071,I.112,D.045,L.174,H.106,D.039,D.053,G.074,I.124,A.012,B.014,K.140,L.152,K.143,K.146,G.084,L.167,B.022,M.183,M.185,A.006,C.029"
Rumah Subsidi (Type 21-36),243,1,Premium,"A.011,L.166,M.191,E.059,C.031,B.013,K.136,F.070,K.137,H.087,L.160,A.007,E.054,D.037,H.103,G.082,G.076,N.198,F.069,G.079,B.021,L.149,K.139,M.190,M.192,D.038,A.005,D.049,I.111,D.053,D.040,I.116,B.017,E.060,B.020,C.028,I.126,M.177,L.175,A.002,H.092,L.167,N.197,M.183,A.006,C.029"
Rumah Komersil (Type 45-70),1312,1,Standar,"A.001,G.086,C.026,B.013,E.055,D.048,E.054,H.104,A.004,D.042,B.024,K.148,D.044,K.138,I.122,F.072,A.005,D.049,F.068,C.030,H.106,I.118,D.040,G.083,G.074,B.017,E.060,C.034,I.126,K.146,A.002,B.015,H.091,A.003"
Pos Keamanan (Pos Satpam),1398,1,Ekonomis,"H.102,I.123,A.001,E.059,C.035,F.070,B.018,D.037,H.090,G.082,D.043,A.004,F.069,A.010,A.008,K.139,K.148,D.044,E.058,G.081,I.114,C.033,D.038,D.041,A.005,H.097,K.145,B.014,B.017,B.022,I.120,E.056,G.085,C.029"
Gedung Kampus,796,1,Standar,"A.001,A.009,E.059,K.141,C.031,C.027,F.070,E.055,D.048,H.103,F.065,D.047,D.052,B.016,D.042,E.063,B.021,K.148,I.125,A.005,B.023,I.118,G.083,G.074,H.097,I.124,B.017,C.028,D.051,K.146,A.002,G.084,H.092,A.006"
Masjid Musholla (Lingkungan),370,1,Premium,"A.011,D.046,H.102,I.123,K.144,M.182,M.191,G.086,M.188,K.141,E.055,L.160,B.018,D.036,E.054,G.077,H.103,L.151,N.198,M.179,B.016,C.032,D.042,B.024,F.069,L.159,L.176,K.148,M.192,C.033,F.072,B.023,D.039,L.173,D.040,G.083,E.062,I.124,A.012,C.034,G.075,I.126,A.002,G.084,N.197,H.091,A.006,A.003"
Masjid Raya (Kubah Besar),849,1,Premium,"D.046,I.123,A.009,H.093,C.026,N.196,L.156,E.054,D.037,G.082,M.195,A.004,L.162,M.179,G.080,N.199,B.016,L.169,L.159,G.079,B.021,A.008,K.147,M.190,E.057,E.058,G.078,K.138,G.073,F.072,D.041,A.005,D.049,F.068,I.111,H.106,D.053,I.127,B.025,C.028,M.177,K.143,H.092,B.019,L.157,M.181,G.085,C.029,A.003"
Gudang Konstruksi Baja,688,1,Premium,"D.046,K.144,M.191,M.188,A.009,C.035,K.141,C.027,N.196,L.153,M.189,B.018,D.036,E.054,F.067,I.121,M.195,M.184,I.115,A.004,H.107,D.047,D.052,F.069,L.159,E.063,G.079,L.149,K.138,L.164,G.081,G.083,H.097,H.088,A.012,B.014,B.025,D.051,A.002,L.167,N.197,B.015,I.120,E.056,C.029,A.003"
Rumah Subsidi (Type 21-36),551,1,Standar,"F.066,A.011,H.100,A.003,C.035,B.013,C.027,E.055,B.018,A.007,D.037,H.104,D.042,F.069,A.010,B.021,K.147,K.139,E.057,G.078,I.114,K.142,D.039,D.053,G.083,I.127,E.060,C.034,G.075,A.002,I.119,B.019,H.097,D.050"
Masjid Raya (Kubah Besar),1292,1,Ekonomis,"F.066,H.102,H.100,B.013,H.087,B.018,G.077,F.065,G.076,D.043,A.004,G.080,I.110,A.010,G.079,A.008,K.148,G.078,C.033,D.038,D.041,I.108,I.111,D.040,E.062,K.145,A.012,B.014,E.060,B.020,C.028,D.051,K.146,E.056,G.085,C.029,A.003"
Gedung Kampus,957,1,Standar,"A.011,H.102,G.086,C.035,K.141,E.055,K.137,A.007,F.065,A.004,H.105,C.032,G.079,A.008,E.061,D.044,G.081,F.071,D.045,K.142,D.038,I.125,D.041,D.053,B.014,I.127,E.060,B.025,I.119,H.092,B.019,B.015,A.006,C.029"
Ruko Standar (2 Lantai),269,2,Ekonomis,"E.059,H.093,C.027,F.070,E.055,H.087,B.018,A.007,D.037,F.065,A.004,D.052,G.080,I.110,D.042,B.024,A.010,G.079,K.147,K.138,D.045,K.142,I.111,C.030,D.039,E.062,I.124,A.012,B.014,B.017,C.028,H.091,G.085,A.003"
Gedung Kampus,1004,1,Standar,"A.001,A.003,C.026,F.070,K.137,B.018,D.036,H.090,H.104,I.115,A.004,D.047,F.069,B.024,A.010,E.063,G.079,A.008,K.148,D.045,G.073,I.108,I.111,B.023,D.053,E.062,B.017,E.060,K.140,C.028,G.084,H.091,C.029,D.050"
Gudang Konstruksi Baja,223,1,Standar,"K.141,C.031,F.070,E.055,B.018,F.067,H.090,I.121,A.004,H.107,D.047,H.105,D.042,A.010,A.008,D.044,G.078,E.058,K.142,D.049,I.111,B.023,D.053,G.074,E.062,B.014,C.034,I.126,K.146,A.002,G.084,B.015,C.029,A.003"
Pos Keamanan (Pos Satpam),1180,1,Premium,"M.187,D.046,I.123,H.100,G.086,E.059,N.196,L.155,C.027,E.055,D.048,L.156,A.007,F.065,M.184,A.004,D.047,H.105,M.180,I.110,C.032,L.169,H.094,M.193,K.147,A.008,K.139,G.078,I.117,C.033,F.072,L.174,B.023,D.053,D.040,A.012,B.017,E.060,K.140,L.154,N.197,B.022,B.019,M.185,A.006,G.085"
Ruko Standar (2 Lantai),856,2,Ekonomis,"A.011,D.046,A.001,E.059,H.093,C.026,B.013,F.070,D.048,H.099,D.043,I.110,D.042,K.148,I.113,E.057,G.078,I.114,D.038,F.072,A.005,H.095,B.023,K.145,B.017,C.034,C.028,G.075,K.146,A.002,B.019,E.056,G.085,A.003"
Pos Keamanan (Pos Satpam),1028,1,Ekonomis,"A.001,A.009,H.093,H.099,A.007,D.047,D.052,G.080,D.042,F.069,B.021,E.061,H.098,K.139,D.044,E.057,E.058,C.033,I.109,F.072,C.030,D.040,G.074,B.014,I.116,B.020,C.028,G.075,I.126,K.146,A.002,K.143,B.022,A.006"
Ruko Premium (3 Lantai+),193,1,Premium,"F.066,A.011,D.046,M.187,A.009,N.196,H.096,M.189,M.186,D.043,D.047,N.198,H.105,L.162,D.052,G.080,L.172,B.021,E.061,K.139,K.148,L.164,E.058,F.071,I.122,L.165,M.178,C.033,I.125,A.005,D.049,C.030,G.083,H.088,K.145,B.014,L.152,B.025,B.020,G.075,A.002,I.119,M.183,E.056,C.029,A.003"
Ruko Premium (3 Lantai+),456,1,Premium,"D.046,A.001,M.191,A.009,C.035,C.026,N.196,E.055,D.048,L.153,M.189,B.018,F.067,D.037,D.043,H.107,H.105,I.110,B.016,E.064,N.199,H.094,G.079,K.147,M.190,M.192,F.071,G.073,I.122,L.165,A.005,C.030,L.173,D.053,A.006,K.145,K.140,B.025,L.154,I.119,L.167,M.183,B.019,E.056,G.085,A.003"
Gedung Kampus,44,1,Ekonomis,"I.123,A.001,A.009,E.059,C.035,C.031,K.136,D.037,H.107,B.016,F.069,B.024,G.079,D.044,I.113,E.057,G.078,D.045,I.109,F.072,D.041,B.023,H.106,D.053,H.088,E.062,K.140,B.025,K.146,A.002,G.084,A.006,C.029,A.003"
Jalan Lingkungan (Paving/Beton),81,1,Ekonomis,"A.012,A.011,B.025,B.020,C.028,D.051,C.035,D.041,B.016,D.042,A.010,B.019,D.039,A.007,A.006,D.044,C.029"
Rumah Subsidi (Type 21-36),473,1,Premium,"A.011,D.046,A.009,E.059,N.196,B.013,C.027,K.136,K.137,L.153,D.036,M.195,M.184,D.047,M.194,N.198,H.105,E.064,L.159,A.010,G.079,K.147,E.057,L.164,F.071,I.122,D.038,H.089,D.049,F.068,C.030,B.023,H.095,G.083,A.012,I.116,L.158,L.152,C.028,G.075,I.126,A.002,B.022,M.183,B.019,M.185"
Ruko Standar (2 Lantai),186,2,Standar,"A.011,D.046,A.001,A.009,C.027,H.096,D.048,H.099,B.018,G.077,F.065,I.121,D.043,D.047,G.080,B.016,C.032,H.094,A.008,E.061,K.148,K.138,G.081,I.109,F.068,I.111,B.023,E.062,C.034,D.051,K.146,A.002,B.019,E.056"
Rumah Subsidi (Type 21-36),122,1,Ekonomis,"F.066,A.011,H.102,E.059,K.141,C.026,D.048,A.007,H.103,D.037,G.077,H.090,D.043,A.004,F.069,K.139,E.057,G.078,G.081,I.112,C.033,A.005,D.049,I.108,B.023,K.145,B.014,D.051,I.119,B.022,B.019,E.056,C.029,A.003"
Gedung Sekolah / Kelas,899,1,Standar,"F.066,K.144,A.001,A.003,A.009,C.026,K.136,E.055,D.048,K.137,A.007,F.065,G.076,D.043,D.047,G.080,B.016,E.064,H.094,A.008,I.117,I.125,I.111,C.030,H.095,E.062,B.014,B.020,C.034,G.075,D.051,H.092,B.015,D.050"
Rumah Komersil (Type 45-70),192,1,Premium,"M.188,A.009,H.093,K.141,B.013,F.070,E.055,D.048,M.189,L.156,B.018,D.036,A.007,D.037,G.082,M.184,A.004,N.198,H.101,D.052,N.199,C.032,L.169,B.024,E.063,G.079,A.008,I.113,G.078,I.112,L.165,M.178,I.117,D.038,F.072,C.030,B.023,H.095,E.062,L.152,K.140,L.154,M.177,K.146,A.006,C.029"
Rumah Mewah (2 Lantai+),212,2,Standar,"M.187,A.011,A.009,C.035,C.026,K.137,D.048,H.099,L.168,L.153,B.018,A.007,F.067,G.077,H.103,L.160,D.043,L.163,M.194,D.052,N.199,E.064,M.193,B.021,M.181,D.044,I.113,E.057,K.138,G.081,I.117,F.072,A.005,I.108,H.106,L.173,D.053,G.083,A.006,B.014,K.140,M.177,N.197,B.015,E.056,C.029"
Rumah Mewah (2 Lantai+),1237,2,Ekonomis,"A.011,D.046,I.123,H.100,M.182,M.191,A.009,C.027,K.137,D.036,M.186,F.065,G.076,M.194,N.198,H.105,D.052,G.080,L.169,M.193,L.176,E.057,E.058,K.138,L.164,D.045,L.165,F.072,D.049,C.030,H.106,I.118,G.083,A.006,L.158,B.025,C.034,I.126,K.143,A.002,N.197,B.022,B.019,B.015,E.056,A.003"
Ruko Standar (2 Lantai),112,2,Standar,"F.066,A.011,D.046,A.009,B.013,K.136,H.099,F.067,G.077,A.004,D.047,G.080,B.024,A.010,A.008,K.139,D.044,E.058,I.114,C.033,D.049,I.111,C.030,H.095,G.083,E.062,I.124,K.145,B.017,E.060,B.020,D.051,H.091,C.029"
Jalan Lingkungan (Paving/Beton),1391,1,Premium,"M.182,C.026,L.160,M.195,M.184,A.004,N.198,L.162,D.052,L.172,N.199,D.042,B.024,A.008,L.149,C.033,D.039,D.053,D.040,A.012,B.017,L.154,C.028,M.177,B.022,M.183,B.019,A.006,A.003"
Cafe / Restoran (Interior),840,1,Premium,"F.066,A.011,M.187,A.001,M.188,E.059,E.055,L.168,L.153,L.156,D.036,H.103,A.004,N.198,H.105,D.052,N.199,B.024,L.159,K.147,A.008,K.139,M.190,M.192,D.045,L.165,M.178,C.033,F.068,I.108,I.111,C.030,H.095,D.053,G.083,G.074,K.145,B.014,B.017,E.060,B.020,I.126,G.084,A.006,C.029,D.050"
Rumah Komersil (Type 45-70),674,1,Ekonomis,"A.011,A.001,C.026,B.013,D.048,H.099,I.121,F.065,G.082,D.043,H.101,A.010,B.021,A.008,E.061,K.138,E.058,F.071,I.114,K.142,C.033,D.049,I.108,C.030,H.097,B.017,E.060,K.140,B.020,G.075,D.051,A.002,G.081,D.050"
Gedung Sekolah / Kelas,612,1,Premium,"F.066,M.187,H.102,A.001,G.086,A.009,N.196,C.031,L.155,E.055,L.161,H.099,M.189,F.065,I.115,L.163,N.198,M.179,D.052,I.110,L.172,E.064,D.042,B.024,G.079,M.193,E.061,K.148,D.044,K.138,K.142,I.120,C.033,D.039,L.173,G.074,A.012,B.017,D.051,A.002,B.022,B.015,M.185,H.091,A.006,C.029"
Gudang Konstruksi Baja,794,1,Standar,"F.066,D.046,A.009,C.035,C.031,B.013,H.096,K.137,D.048,H.099,A.007,F.067,G.077,A.004,H.101,I.110,E.064,D.042,B.021,E.061,K.147,D.044,G.078,I.122,D.041,A.005,I.118,G.083,E.062,A.012,C.028,K.143,B.022,B.019"
Cafe / Restoran (Interior),481,1,Standar,"A.011,D.046,H.102,A.003,G.086,E.059,C.026,B.013,C.027,F.070,I.115,A.004,D.042,K.148,E.058,D.045,G.073,I.114,F.072,H.089,I.125,C.030,D.040,K.145,A.012,B.014,G.075,K.143,A.002,H.092,B.022,B.019,E.056,D.050"
Rumah Komersil (Type 45-70),331,1,Standar,"A.011,H.102,A.001,E.059,C.026,B.013,F.070,D.048,A.007,E.054,G.077,F.065,D.043,A.004,D.047,H.101,B.024,A.010,H.094,K.147,K.139,I.113,G.078,K.138,I.125,D.040,E.062,B.014,I.127,C.028,G.084,B.019,C.029,D.050"
Rumah Mewah (2 Lantai+),145,2,Ekonomis,"A.011,D.046,I.123,A.001,M.191,A.009,E.059,C.035,C.026,H.093,F.070,H.096,M.189,L.156,A.007,F.067,G.077,M.195,N.198,E.064,B.024,M.193,B.021,A.008,L.149,K.148,D.044,E.057,G.078,K.138,D.038,D.049,C.030,H.095,L.173,L.170,K.145,B.014,I.116,B.017,I.119,G.084,L.167,N.197,M.181,D.050"
Gedung Kampus,507,1,Ekonomis,"D.046,H.102,A.001,A.009,C.035,C.026,D.048,H.099,H.087,A.007,F.065,D.043,A.004,G.080,B.016,E.064,D.042,F.069,B.021,K.147,E.057,E.058,K.138,A.005,D.040,G.074,I.127,B.020,C.028,G.075,I.126,K.146,I.119,B.022"
Jalan Lingkungan (Paving/Beton),489,1,Standar,"B.017,D.046,A.001,D.051,C.035,A.005,D.042,A.010,B.022,C.030,B.021,B.019,D.036,A.006,D.044,C.029,A.003"
Rumah Mewah (2 Lantai+),395,2,Standar,"M.187,A.001,G.086,L.171,C.035,C.031,B.013,H.093,L.155,N.196,L.168,M.189,B.018,A.007,G.077,L.151,A.004,M.180,N.199,D.042,A.010,E.061,M.181,E.058,L.165,K.142,D.038,F.072,F.068,I.108,H.095,D.039,D.040,I.124,A.012,B.014,K.140,B.025,C.028,G.075,M.177,K.143,H.092,I.120,E.056,D.050"
Gudang Konstruksi Baja,708,1,Premium,"M.191,H.093,C.031,C.027,K.136,F.070,E.055,M.189,B.018,H.090,M.195,D.043,A.004,I.115,D.047,N.198,L.172,I.110,N.199,F.069,B.024,E.063,H.098,K.139,M.181,D.044,G.078,G.081,L.165,A.005,D.049,L.173,L.170,E.062,K.145,I.127,B.020,D.051,A.002,M.183,B.019,L.157,A.006,G.085,C.029,A.003"
Renovasi Rumah (Minor),1027,1,Standar,"A.011,A.009,C.027,K.136,D.048,H.103,D.037,F.065,A.004,C.032,D.042,B.024,E.064,B.021,A.008,E.061,H.098,K.147,D.044,I.113,E.057,G.078,G.073,D.038,F.068,I.111,C.030,B.025,B.020,K.143,I.119,G.084,H.091,A.003"
Ruko Premium (3 Lantai+),248,1,Premium,"A.011,K.144,A.009,H.096,K.137,B.018,M.186,F.067,I.121,G.076,M.184,I.115,L.150,D.047,N.198,L.162,L.172,N.199,D.042,F.069,A.010,E.063,B.021,L.149,D.044,M.192,M.178,C.033,I.111,C.030,H.106,D.053,D.040,G.083,H.097,E.062,K.145,E.060,C.028,A.002,B.019,B.015,M.185,L.157,A.006,G.085"
Masjid Raya (Kubah Besar),84,1,Standar,"H.100,G.086,A.009,E.059,C.026,B.013,A.007,E.054,F.065,G.082,D.043,H.105,D.042,A.010,B.021,D.044,I.113,K.138,F.071,I.112,G.073,C.033,D.038,D.041,A.005,I.111,G.074,K.145,K.140,C.034,H.092,B.019,B.015,E.056,G.085,A.003"
Masjid Musholla (Lingkungan),63,1,Ekonomis,"D.046,I.123,A.001,G.086,E.059,C.031,D.048,B.018,E.054,F.067,A.004,H.101,A.010,H.094,B.021,A.008,H.098,D.044,K.142,I.109,F.072,A.005,C.030,D.039,D.040,G.074,B.025,C.028,G.075,I.126,K.146,K.143,G.084,B.022,E.056"
Cafe / Restoran (Interior),992,1,Standar,"F.066,A.011,K.144,A.003,A.009,C.035,C.031,B.013,C.027,H.096,B.018,E.054,F.067,H.090,G.082,G.076,D.043,I.115,H.101,D.052,A.010,A.008,D.044,E.057,G.073,I.122,D.038,I.109,K.145,E.060,K.140,B.020,B.022,D.050"
Masjid Musholla (Lingkungan),599,1,Ekonomis,"A.011,A.009,B.013,K.137,A.007,D.036,E.054,H.103,G.082,G.077,H.104,D.043,F.069,B.024,E.063,H.094,I.112,D.045,K.142,C.033,I.109,F.072,D.041,A.005,D.053,G.083,G.074,A.012,E.060,C.034,C.028,K.146,B.022,B.019,I.120,G.085"
Rumah Subsidi (Type 21-36),413,1,Standar,"A.011,D.046,I.123,A.001,A.003,A.009,K.141,C.027,F.070,H.096,D.036,E.054,F.067,H.104,E.063,B.021,A.008,G.078,G.073,I.122,I.120,C.033,D.041,C.030,B.023,D.053,E.062,K.145,G.075,K.143,B.022,B.015,H.091,D.050"
Ruko Standar (2 Lantai),484,2,Standar,"F.066,A.011,K.144,C.026,C.027,B.018,A.007,D.043,A.004,H.101,D.052,B.016,H.094,B.021,A.008,K.147,E.057,E.058,G.081,D.049,F.068,I.108,I.111,H.106,D.053,D.040,G.074,I.116,K.140,B.020,G.084,E.056,C.029,A.003"
Renovasi Rumah (Minor),1396,1,Premium,"F.066,A.001,G.086,E.059,K.141,C.026,B.013,N.196,L.153,M.189,H.087,B.018,A.007,E.054,D.036,H.104,L.163,L.150,M.194,H.101,M.180,G.080,L.172,E.064,D.042,A.010,L.176,K.148,M.190,I.122,I.125,A.005,F.068,I.108,D.039,D.053,A.012,B.014,B.025,C.028,M.177,K.143,G.084,N.197,C.029,D.050"
Rumah Subsidi (Type 21-36),1106,1,Ekonomis,"A.011,G.086,E.059,C.026,C.027,K.137,D.048,A.007,F.067,H.090,D.043,I.115,H.101,D.042,B.024,F.069,K.147,A.008,E.061,H.098,I.113,D.041,A.005,G.074,B.014,E.060,B.025,K.140,I.126,D.051,A.002,B.015,G.085,C.029"
Klinik Pratama,670,1,Ekonomis,"A.011,H.102,G.086,E.059,C.026,C.031,F.070,A.007,F.067,G.076,A.004,H.107,B.016,C.032,A.008,E.057,G.078,K.138,I.117,D.038,I.125,D.049,D.039,D.040,H.088,K.145,B.014,D.051,K.143,I.119,B.022,B.019,E.056,A.003"
Rumah Subsidi (Type 21-36),177,1,Premium,"F.066,A.011,D.046,H.102,I.123,K.144,E.059,N.196,C.031,B.013,L.155,K.137,D.048,L.161,B.018,A.007,M.186,M.195,A.004,D.047,N.198,H.101,G.080,C.032,E.064,L.169,A.010,B.021,D.044,M.192,D.038,I.109,F.072,B.023,G.074,A.006,L.158,C.028,G.075,L.175,K.146,I.119,M.183,M.185,H.091,E.056"
Gudang Konstruksi Baja,553,1,Standar,"F.066,A.011,K.144,I.123,G.086,E.059,D.048,H.087,D.036,A.004,G.080,B.016,E.064,F.069,B.021,E.061,K.138,C.033,D.038,I.109,D.041,A.005,B.023,D.039,G.074,H.088,A.012,B.025,C.028,K.143,I.120,H.097,C.029,A.003"
Ruko Premium (3 Lantai+),202,1,Ekonomis,"A.011,K.144,I.123,A.001,G.086,C.027,D.048,F.065,A.004,F.069,H.094,E.061,K.148,D.044,I.113,E.057,E.058,G.078,K.138,I.122,C.030,B.023,H.095,D.053,D.040,G.074,A.012,B.014,B.020,D.051,A.002,H.092,B.019,C.029"
Gedung Sekolah / Kelas,1266,1,Ekonomis,"F.066,D.046,A.001,A.009,K.141,C.031,D.048,F.067,H.103,D.047,I.110,E.064,E.061,I.113,G.081,G.073,K.142,C.033,D.038,I.125,A.005,H.106,D.053,G.074,B.017,E.060,B.020,C.034,K.143,A.002,B.019,B.015,H.091,A.006"
Rumah Komersil (Type 45-70),1382,1,Premium,"F.066,A.011,K.144,M.187,M.182,M.188,K.141,N.196,C.027,E.055,L.161,M.186,G.077,F.065,G.082,H.104,M.184,H.101,L.162,N.199,E.063,B.021,A.008,L.149,D.044,L.165,D.041,A.005,D.049,L.174,I.111,B.023,D.039,D.053,I.118,H.097,G.074,E.062,K.145,B.014,B.025,C.028,I.120,A.006,C.029,A.003"
Pos Keamanan (Pos Satpam),1043,1,Ekonomis,"A.011,D.046,A.001,H.093,C.031,E.054,D.037,F.065,A.004,H.101,G.080,B.016,C.032,D.042,A.010,K.147,E.061,G.078,E.058,G.073,K.142,I.125,D.041,F.068,B.023,I.127,B.017,C.028,D.051,K.146,A.002,B.019,I.120,H.097"
Rumah Subsidi (Type 21-36),909,1,Standar,"H.100,A.001,A.009,E.059,K.141,C.031,B.013,E.055,H.099,D.036,F.065,I.115,G.080,D.042,F.069,E.063,A.008,K.139,K.148,G.073,C.033,D.038,D.041,D.053,I.118,H.088,I.116,B.025,B.020,A.002,G.084,B.015,C.029,A.003"
Gudang Konstruksi Baja,1142,1,Standar,"F.066,A.011,D.046,H.100,A.001,C.035,F.070,K.137,A.007,D.037,H.090,D.043,A.004,I.110,E.063,B.021,K.147,E.057,G.078,D.045,K.142,C.030,B.023,D.039,I.118,H.097,G.074,E.060,B.020,C.034,G.084,B.022,I.120,A.006"
Rumah Komersil (Type 45-70),1432,1,Ekonomis,"I.123,A.009,B.013,C.027,F.070,K.137,D.048,H.099,D.036,A.004,H.101,A.010,E.063,K.139,G.078,F.071,D.045,I.122,C.033,D.041,A.005,H.097,E.062,A.006,B.014,I.127,K.140,C.028,D.051,G.084,B.019,B.015,E.056,G.085"
Gedung Sekolah / Kelas,1342,1,Ekonomis,"C.035,C.031,B.013,C.027,K.136,F.070,K.137,H.087,A.007,G.076,A.004,D.042,A.010,B.021,F.071,I.117,I.114,D.049,H.095,D.039,D.040,G.083,H.088,E.062,A.012,I.127,E.060,B.025,K.140,D.051,A.002,B.022,E.056,G.085"
Jalan Lingkungan (Paving/Beton),811,1,Standar,"B.014,D.046,C.033,D.038,C.026,A.002,A.005,B.016,C.032,A.010,D.049,D.041,B.019,B.021,A.007,A.006,D.050"
Rumah Mewah (2 Lantai+),463,2,Standar,"F.066,D.046,I.123,K.144,A.001,M.191,A.009,C.035,H.093,L.161,D.048,L.156,M.186,E.054,G.077,L.151,A.004,N.198,L.169,F.069,B.024,A.010,G.079,H.094,H.098,E.057,M.178,K.142,D.038,A.005,I.108,C.030,B.023,D.039,D.053,B.014,E.060,C.034,G.075,M.177,K.143,I.119,L.167,N.197,M.183,B.015"
Rumah Mewah (2 Lantai+),51,2,Ekonomis,"A.011,K.144,H.100,A.009,K.141,C.026,C.027,K.136,N.196,L.153,H.087,A.007,D.036,F.065,M.184,L.163,L.150,D.052,L.172,B.016,E.064,E.063,M.193,B.021,A.008,E.061,L.176,M.190,D.044,G.078,F.071,I.122,M.178,I.111,D.039,G.083,H.088,I.116,B.017,G.075,D.051,A.002,N.197,B.019,M.185,C.029"
Renovasi Rumah (Minor),92,1,Standar,"D.046,H.102,H.100,A.001,I.123,A.009,E.059,K.141,C.026,C.027,F.070,D.048,B.018,F.067,G.077,B.024,E.063,B.021,E.061,G.073,D.038,A.005,G.074,K.145,A.012,D.051,K.146,I.119,H.092,B.019,I.120,A.006,C.029,D.050"
Masjid Raya (Kubah Besar),273,1,Ekonomis,"F.066,D.046,K.144,A.009,C.026,D.048,B.018,E.054,D.037,G.077,G.076,D.043,I.115,H.105,D.052,C.032,A.010,H.094,K.147,A.008,E.061,I.113,E.058,K.142,H.089,A.005,F.068,C.030,B.023,G.083,G.074,I.127,B.017,G.084,B.019,G.085,A.003"
Gedung Sekolah / Kelas,380,1,Ekonomis,"F.066,A.011,K.144,C.035,C.026,K.137,H.087,A.007,E.054,G.077,G.082,D.047,D.052,B.016,D.042,B.024,E.063,F.069,A.008,E.061,D.044,I.122,D.041,H.089,I.108,C.030,H.097,B.014,K.140,B.020,G.075,A.002,I.119,A.006"
Pos Keamanan (Pos Satpam),310,1,Standar,"F.066,A.011,H.100,E.059,C.031,E.055,D.036,E.054,A.007,H.104,D.043,D.047,I.110,C.032,A.010,G.079,B.021,K.148,I.113,D.045,F.072,D.040,G.083,I.124,K.145,A.012,B.014,B.017,K.140,C.028,G.084,H.092,B.015,A.003"
Jalan Lingkungan (Paving/Beton),726,1,Premium,"A.001,M.188,C.027,M.189,A.007,D.047,M.194,M.180,L.172,N.199,C.032,A.010,A.008,D.038,L.174,C.030,B.023,D.039,D.053,L.170,L.154,L.175,N.197,B.022,M.183,B.019,B.015,A.006,D.050"
Rumah Subsidi (Type 21-36),568,1,Ekonomis,"D.046,H.100,A.001,G.086,A.009,B.013,C.027,E.055,D.048,B.018,F.067,D.037,G.082,A.004,I.110,B.016,H.094,B.021,I.113,E.058,F.068,I.111,D.039,G.074,K.145,E.060,K.140,C.034,D.051,K.143,H.091,A.006,C.029,A.003"
Gedung Sekolah / Kelas,56,1,Ekonomis,"A.011,D.046,K.144,A.001,A.009,C.026,B.013,H.087,B.018,I.115,H.101,D.052,B.016,B.024,E.063,G.079,A.008,E.061,D.045,K.142,C.033,F.072,F.068,I.108,D.040,G.074,I.124,K.145,E.060,C.028,H.092,A.006,G.085,D.050"
Jalan Lingkungan (Paving/Beton),795,1,Premium,"A.001,M.191,M.188,N.196,C.027,L.156,A.007,M.186,D.037,M.195,A.004,D.047,N.198,B.016,A.008,L.176,L.164,D.045,C.030,D.040,B.020,L.154,M.177,L.175,B.019,B.015,A.006,C.029,D.050"
Ruko Standar (2 Lantai),1445,2,Premium,"L.166,M.191,G.086,A.009,K.141,N.196,B.013,C.027,F.070,L.161,M.189,A.007,D.036,I.121,M.184,D.043,H.107,H.101,M.179,N.199,B.016,E.064,F.069,H.098,K.139,L.176,D.044,E.057,E.058,G.078,M.178,I.117,K.142,D.038,D.041,A.005,L.174,C.030,L.173,A.012,B.014,I.127,B.020,C.028,A.002,G.084"
Cafe / Restoran (Interior),881,1,Ekonomis,"F.066,A.011,A.001,H.093,C.027,H.099,B.018,D.036,G.076,A.004,D.052,F.069,A.010,E.063,K.139,K.148,E.057,E.058,I.117,I.109,H.089,D.049,D.039,D.040,G.074,K.145,B.014,C.034,I.119,G.084,B.022,B.019,C.029,A.003"
Gudang Konstruksi Baja,1435,1,Ekonomis,"F.066,A.011,C.035,K.141,B.013,C.027,K.136,D.048,G.077,D.052,I.110,B.016,E.064,F.069,B.024,A.010,G.079,A.008,H.098,K.138,E.058,I.114,D.038,D.041,A.005,C.030,H.106,D.040,G.083,E.062,A.012,B.017,I.119,H.091"
Gedung Sekolah / Kelas,1243,1,Ekonomis,"A.011,I.123,K.141,C.031,B.013,F.070,E.054,H.103,A.004,D.047,H.105,D.052,D.042,B.024,E.063,K.147,A.008,E.061,K.148,G.078,D.038,I.125,F.068,C.030,D.053,G.074,I.124,B.020,C.034,A.002,G.084,H.092,B.015,A.006"
Masjid Musholla (Lingkungan),997,1,Premium,"A.011,L.166,H.100,M.182,C.035,L.155,C.027,K.136,F.070,H.096,B.018,F.067,H.103,M.195,D.043,A.004,M.194,N.198,L.162,I.110,N.199,G.079,B.021,G.078,E.058,L.164,M.192,D.045,M.178,K.142,D.041,A.005,L.174,I.111,I.118,D.040,G.074,E.062,E.060,B.025,G.075,D.051,K.146,G.084,B.022,A.006,C.029,A.003"
Masjid Raya (Kubah Besar),195,1,Premium,"F.066,A.011,K.144,A.001,G.086,E.059,N.196,C.031,B.013,C.026,L.153,L.160,B.018,D.036,F.067,H.090,H.103,G.082,L.151,G.076,M.195,I.115,N.198,M.179,D.052,A.010,M.193,B.021,K.148,M.192,E.058,I.112,D.045,I.117,H.089,A.005,D.039,L.170,A.012,C.034,M.177,L.175,K.143,B.015,E.056,G.085,D.050"
Pos Keamanan (Pos Satpam),97,1,Ekonomis,"A.011,K.144,A.001,C.035,C.031,B.013,C.027,E.055,F.067,G.076,I.110,B.016,B.024,A.010,E.063,K.148,K.138,D.045,I.117,I.114,D.038,F.072,D.041,H.106,D.053,G.083,H.088,E.062,B.014,D.051,A.002,G.084,H.092,A.003"
Masjid Musholla (Lingkungan),357,1,Standar,"K.144,A.001,K.141,C.026,C.027,C.031,K.136,H.087,B.018,A.007,E.054,D.037,G.076,A.004,D.042,B.024,E.063,F.069,G.079,H.094,D.044,G.081,D.045,I.117,F.068,I.111,G.083,B.014,I.127,B.017,G.075,D.051,A.002,H.092,E.056,G.085,A.003"
Pos Keamanan (Pos Satpam),806,1,Premium,"A.011,M.191,C.035,C.026,H.096,L.168,D.036,M.186,D.037,F.065,H.090,G.076,L.163,A.004,N.198,M.179,D.052,L.172,N.199,E.064,D.042,A.010,G.079,L.176,I.113,M.192,C.033,F.068,B.023,L.173,D.040,E.062,A.006,K.145,B.014,I.116,K.140,B.020,M.177,K.146,I.119,G.084,B.022,H.091,E.056,A.003"
Pos Keamanan (Pos Satpam),1150,1,Ekonomis,"A.011,D.046,K.144,A.003,C.026,C.027,K.137,H.099,B.018,D.036,E.054,A.007,G.082,G.076,D.043,E.064,A.010,K.148,E.057,G.081,I.117,I.114,F.072,F.068,D.039,H.097,I.124,B.017,B.025,B.020,C.028,H.091,A.006,D.050"
Masjid Raya (Kubah Besar),1243,1,Standar,"D.046,H.100,A.001,G.086,A.009,H.093,C.031,E.055,K.137,D.037,I.121,G.082,H.104,D.047,G.080,C.032,F.069,B.024,A.010,E.063,G.079,A.008,K.148,E.057,I.114,C.033,F.072,A.005,B.023,D.039,K.145,B.014,G.075,D.051,G.084,B.015,I.120"
Renovasi Rumah (Minor),1002,1,Ekonomis,"K.144,A.009,E.059,C.027,G.082,I.115,A.004,H.101,D.052,B.016,C.032,F.069,E.063,G.079,A.008,H.098,K.139,E.058,I.112,K.142,F.072,D.041,I.125,A.005,D.049,D.040,G.074,B.014,B.017,B.025,H.092,A.006,C.029,D.050"
Renovasi Rumah (Minor),1432,1,Standar,"G.086,F.070,E.055,K.137,D.036,A.007,E.054,H.103,I.121,H.104,D.043,D.047,D.052,B.016,C.032,A.010,B.021,I.122,I.117,K.142,C.033,F.072,E.062,K.145,A.012,B.025,G.075,D.051,A.002,B.019,H.091,A.006,G.085,C.029"
Rumah Subsidi (Type 21-36),846,1,Standar,"K.144,A.001,G.086,A.009,E.059,C.035,C.026,F.065,G.082,G.076,H.107,D.047,C.032,D.042,B.024,F.069,B.021,A.008,E.061,D.044,K.138,E.058,I.122,D.038,D.041,H.089,A.005,H.097,I.116,B.017,K.143,B.019,I.120,A.006"
Renovasi Rumah (Minor),1500,1,Standar,"F.066,A.011,D.046,I.123,A.001,G.086,K.136,E.055,B.018,F.065,G.082,H.107,H.105,B.016,D.042,E.063,A.008,K.148,E.057,I.112,D.041,A.005,D.049,C.030,D.053,I.124,C.034,C.028,K.146,B.022,B.015,H.091,G.081,A.003"
Pos Keamanan (Pos Satpam),623,1,Ekonomis,"K.144,G.086,E.059,C.035,C.031,K.141,H.096,A.007,F.067,I.121,A.004,D.052,B.016,F.069,A.010,B.021,K.139,D.044,E.057,D.038,H.089,D.049,C.030,B.023,D.040,G.074,G.083,A.012,B.017,E.060,I.126,A.002,I.119,H.097"
Renovasi Rumah (Minor),219,1,Standar,"A.011,H.100,G.086,A.009,C.027,A.007,F.067,I.121,H.105,H.101,G.080,D.042,B.024,F.069,B.021,E.061,K.139,K.147,D.044,I.117,D.038,D.049,C.030,B.023,D.039,I.118,G.074,K.145,A.012,E.060,B.015,E.056,C.029,A.003"
Pos Keamanan (Pos Satpam),1070,1,Standar,"A.011,K.144,H.102,A.003,E.059,C.035,H.096,B.018,F.065,G.082,G.076,D.043,A.004,D.047,D.052,B.016,K.147,A.008,K.139,I.113,E.058,F.071,C.033,D.038,I.118,G.083,A.012,B.014,E.060,B.025,C.034,I.126,H.092,D.050"
Gedung Sekolah / Kelas,607,1,Standar,"I.123,A.001,A.009,K.141,H.096,B.018,A.007,G.077,I.121,H.101,D.052,C.032,D.042,E.064,E.063,A.008,E.061,H.098,D.044,K.138,D.038,F.072,I.125,F.068,C.030,D.053,K.145,B.014,B.020,A.002,G.084,B.022,G.085,C.029"
Renovasi Rumah (Minor),196,1,Standar,"K.144,H.102,G.086,B.013,F.070,D.048,D.036,H.090,I.115,A.004,H.105,D.052,B.016,E.064,D.042,B.024,A.010,G.079,E.061,K.139,G.073,I.122,I.117,F.068,C.030,D.053,E.060,C.028,K.143,A.002,B.022,A.006,C.029,A.003"
Gudang Konstruksi Baja,1148,1,Standar,"A.011,K.144,A.001,A.009,E.059,C.035,H.093,K.141,B.018,D.037,F.065,G.077,I.110,C.032,B.021,A.008,K.139,G.078,E.058,I.109,H.089,D.049,F.068,I.111,B.023,H.106,D.039,E.062,B.014,G.075,D.051,A.006,C.029,D.050"
Ruko Premium (3 Lantai+),468,1,Standar,"K.144,H.100,A.009,E.055,K.137,D.037,D.043,A.004,D.047,H.105,B.016,C.032,B.024,A.010,E.063,E.061,I.113,F.071,I.112,C.033,D.038,F.072,H.097,B.025,C.028,D.051,K.143,A.002,I.119,G.084,B.022,G.081,G.085,A.003"
Ruko Premium (3 Lantai+),768,1,Standar,"A.011,A.001,A.009,H.093,C.027,K.136,F.070,D.048,A.007,E.054,D.036,F.067,H.090,G.076,B.016,G.079,K.148,D.044,I.112,D.045,I.122,C.030,H.088,E.062,A.012,B.017,B.025,E.060,C.028,G.075,K.143,B.022,I.120,D.050"
Renovasi Rumah (Minor),908,1,Standar,"A.001,A.003,C.035,C.026,C.027,K.141,K.137,H.087,I.121,G.082,D.043,A.004,H.105,F.069,E.063,H.098,D.044,D.045,E.056,F.068,I.111,D.039,G.083,E.062,I.124,B.017,B.020,G.075,K.143,A.002,B.019,B.015,A.006,D.050"
Gedung Sekolah / Kelas,542,1,Ekonomis,"K.144,A.009,K.136,K.137,D.048,H.103,F.065,G.076,H.101,B.016,C.032,D.042,A.008,E.061,D.044,E.057,E.058,F.071,I.112,D.045,G.073,A.005,B.023,H.106,D.039,A.012,I.116,B.017,C.028,A.002,B.022,I.120,G.081,C.029"
Rumah Mewah (2 Lantai+),286,2,Premium,"F.066,M.188,A.009,L.171,C.035,N.196,C.027,K.136,H.099,B.018,A.007,D.036,D.037,M.186,G.082,L.163,A.004,L.150,H.107,M.194,M.179,L.172,F.069,L.159,E.063,G.079,B.021,E.061,K.147,M.190,K.138,D.045,G.073,I.122,D.041,I.118,A.012,E.060,B.020,D.051,A.002,N.197,B.019,I.120,H.097,C.029"
Klinik Pratama,813,1,Standar,"D.046,A.001,K.141,C.026,C.031,B.018,A.007,H.104,D.043,I.115,H.105,D.052,C.032,F.069,G.079,B.021,E.057,K.138,G.073,I.114,F.072,D.041,A.005,D.049,E.062,A.012,E.060,G.075,K.143,B.022,B.015,I.120,H.097,A.003"
Rumah Mewah (2 Lantai+),1272,2,Premium,"A.011,D.046,K.144,L.166,A.001,M.188,E.059,C.031,C.027,C.026,E.055,K.137,L.161,L.160,M.189,D.037,L.151,N.198,L.172,I.110,B.016,N.199,D.042,A.010,G.079,H.094,M.190,D.044,K.138,M.192,I.122,M.178,F.072,I.125,A.005,F.068,H.095,B.023,H.106,D.053,B.014,E.060,A.002,G.084,B.019,G.085"
Pos Keamanan (Pos Satpam),587,1,Premium,"M.187,A.011,I.123,M.191,C.035,C.031,C.026,K.136,L.155,H.096,K.137,L.168,H.099,N.196,I.121,F.065,G.076,I.115,D.047,L.172,N.199,A.010,E.063,M.193,K.147,A.008,E.061,M.190,D.044,D.038,H.089,F.068,L.174,B.023,D.040,E.062,A.012,B.025,B.020,G.075,L.175,A.002,B.022,M.185,G.085,D.050"
Jalan Lingkungan (Paving/Beton),1476,1,Ekonomis,"A.012,B.025,C.028,C.033,D.053,D.041,D.049,D.036,B.024,A.010,D.048,B.021,B.018,A.007,A.006,C.029,A.003"
Jalan Lingkungan (Paving/Beton),577,1,Premium,"M.187,M.191,A.003,M.188,A.009,C.035,N.196,L.153,D.048,B.018,L.151,D.047,M.194,L.162,M.179,A.010,B.021,L.149,C.033,A.005,B.023,D.053,D.040,A.012,B.017,C.034,L.154,N.197,D.050"
Cafe / Restoran (Interior),1350,1,Ekonomis,"H.102,K.141,F.070,A.007,D.037,H.090,I.121,A.004,I.110,C.032,D.042,B.024,F.069,G.079,B.021,E.061,K.139,E.058,G.073,D.041,A.005,I.108,B.023,D.039,K.145,A.012,B.020,C.034,G.075,D.051,H.091,E.056,C.029,A.003"
Rumah Komersil (Type 45-70),226,1,Ekonomis,"I.123,G.086,C.026,D.048,B.018,E.054,F.067,G.077,H.104,I.115,A.004,D.047,H.105,C.032,E.064,K.147,A.008,H.098,K.139,D.044,I.109,F.072,A.005,D.039,D.040,A.006,K.145,B.014,B.017,G.075,A.002,B.015,E.056,C.029"
Gedung Kampus,748,1,Standar,"F.066,A.009,C.035,K.136,D.048,B.018,D.036,A.007,D.037,F.065,G.076,H.107,D.047,G.080,D.042,E.063,B.021,A.008,E.061,G.078,I.122,I.117,K.142,C.030,H.097,A.012,K.140,C.034,I.119,B.019,B.015,H.091,E.056,A.003"
Pos Keamanan (Pos Satpam),1037,1,Premium,"M.187,A.011,D.046,G.086,A.009,E.059,C.031,B.013,K.136,L.157,F.070,E.055,L.168,L.161,A.007,F.065,M.184,L.163,H.107,N.199,D.042,A.010,B.021,K.148,D.044,G.073,I.120,C.033,D.041,A.005,D.049,I.108,B.023,H.106,G.074,E.062,I.116,C.034,K.146,L.167,N.197,M.183,B.019,M.185,H.091,M.181"
Ruko Standar (2 Lantai),1446,2,Ekonomis,"F.066,K.144,G.086,C.026,B.013,C.027,D.048,H.099,A.007,D.043,A.004,B.016,A.008,E.061,K.148,E.057,E.058,I.112,I.114,D.038,F.072,D.041,A.005,C.030,B.025,G.075,D.051,K.143,I.119,G.084,B.019,H.091,H.097,A.003"
Masjid Musholla (Lingkungan),502,1,Premium,"M.187,A.011,D.046,I.123,M.191,A.009,L.171,H.093,C.026,B.013,C.027,K.137,L.160,B.018,E.054,H.103,F.065,G.077,I.115,A.004,L.163,D.047,N.198,M.179,N.199,C.032,E.064,B.024,F.069,G.079,H.094,A.008,E.061,G.078,L.164,M.178,I.114,D.041,G.083,L.152,B.025,D.051,K.143,A.002,K.146,M.185,G.081,D.050"
Rumah Mewah (2 Lantai+),893,2,Ekonomis,"M.187,D.046,A.001,M.188,C.035,C.026,K.136,L.168,L.160,B.018,D.036,A.007,E.054,H.103,G.082,M.186,G.076,D.047,H.105,L.162,M.180,N.199,E.064,D.042,B.024,K.148,F.071,F.072,H.106,L.170,G.074,A.006,I.124,C.034,D.051,L.175,K.143,A.002,I.119,N.197,B.022,B.015,M.185,I.120,E.056,A.003"
Gedung Kampus,1052,1,Standar,"A.011,D.046,A.001,A.009,E.059,C.035,C.026,B.013,K.136,F.070,H.099,D.036,D.037,I.115,H.107,E.064,D.042,B.024,K.147,G.073,I.114,K.142,C.033,F.068,D.039,G.083,A.012,B.014,B.017,E.060,I.127,A.002,H.091,G.085"
Masjid Musholla (Lingkungan),1073,1,Premium,"H.100,A.001,M.188,K.141,L.155,B.013,C.027,K.136,N.196,B.018,D.036,A.007,D.037,F.065,G.082,G.076,A.004,D.047,H.105,G.080,C.032,E.064,L.159,K.147,A.008,L.176,D.044,G.078,L.165,M.178,I.117,F.072,C.030,H.095,D.053,I.118,G.083,E.062,B.017,E.060,M.177,L.175,A.002,I.119,G.084,N.197,B.015,M.185,M.181"
Gudang Konstruksi Baja,1026,1,Ekonomis,"F.066,A.011,C.035,K.141,B.013,K.136,A.007,G.077,G.076,H.104,D.043,F.069,E.063,K.148,D.044,E.057,D.045,D.038,I.109,I.125,D.041,A.005,C.030,B.023,H.106,H.095,E.062,A.012,B.014,B.020,C.034,I.120,A.006,G.085"
Ruko Premium (3 Lantai+),1426,1,Standar,"F.066,D.046,A.001,A.009,H.093,K.137,D.048,H.087,A.004,H.105,D.052,C.032,B.024,A.010,E.063,E.061,G.078,K.138,G.081,F.071,C.033,D.041,A.005,I.108,B.023,D.053,I.127,I.116,G.075,K.143,B.019,B.015,E.056,C.029"
Klinik Pratama,1011,1,Standar,"A.011,A.001,H.093,C.027,A.007,H.103,G.082,D.043,D.047,G.080,D.042,E.063,B.021,K.147,K.148,I.113,K.138,E.058,G.073,F.072,D.041,I.125,F.068,D.053,I.118,A.012,B.017,C.028,B.022,B.019,H.091,E.056,C.029,A.003"
Renovasi Rumah (Minor),1146,1,Premium,"I.123,A.001,M.191,A.009,C.031,C.026,H.096,E.055,L.168,L.156,A.007,F.067,D.037,M.186,M.195,G.076,D.043,N.198,N.199,B.016,D.042,B.021,E.061,K.148,D.045,G.073,L.165,F.068,L.174,D.053,I.118,G.083,H.088,I.124,L.152,B.017,E.060,C.028,K.143,A.002,K.146,M.183,B.015,M.185,H.091,A.006"
Rumah Komersil (Type 45-70),149,1,Ekonomis,"A.011,K.144,H.102,A.001,C.035,C.026,B.013,E.055,D.048,B.018,A.007,I.121,G.082,D.043,B.016,F.069,G.079,B.021,A.008,H.098,D.044,E.057,F.072,D.040,H.088,A.012,K.140,C.034,G.075,K.146,I.119,I.120,E.056,D.050"
Ruko Premium (3 Lantai+),724,1,Ekonomis,"A.011,H.100,A.009,C.026,B.013,C.027,E.055,B.018,A.007,D.037,D.047,G.080,I.110,B.016,F.069,E.063,B.021,A.008,F.071,D.045,I.117,K.142,D.049,C.030,D.039,G.074,I.124,K.140,K.143,A.002,G.084,H.092,H.091,E.056"
Pos Keamanan (Pos Satpam),1412,1,Premium,"A.011,L.166,A.001,M.182,C.027,F.070,K.137,D.048,L.168,M.189,B.018,A.007,M.186,N.198,H.105,M.180,G.080,B.016,L.169,D.042,A.010,E.063,G.079,H.098,I.113,K.138,E.058,L.164,F.071,I.112,M.178,D.038,H.089,I.108,L.174,C.030,D.040,E.062,B.017,B.020,C.028,K.146,A.002,N.197,G.081,D.050"
Gedung Kampus,594,1,Standar,"A.011,D.046,I.123,A.001,A.009,C.035,C.027,K.136,F.070,H.099,B.018,D.036,D.037,F.065,D.047,C.032,E.064,B.024,E.063,A.008,I.113,E.057,G.078,K.138,H.089,A.005,D.053,I.118,G.074,B.014,B.017,G.075,K.143,H.097"
Gedung Sekolah / Kelas,185,1,Ekonomis,"A.011,A.009,C.031,C.027,F.070,K.137,A.007,G.082,G.076,I.115,H.105,D.052,E.064,B.024,A.008,K.138,E.058,I.117,E.056,D.038,F.072,H.089,B.023,D.053,D.040,H.097,I.116,C.034,G.075,D.051,K.146,B.022,B.015,A.006"
Masjid Raya (Kubah Besar),1053,1,Premium,"H.102,A.001,M.191,A.003,G.086,A.009,L.171,K.141,C.031,N.196,L.160,D.037,F.065,G.077,G.076,A.004,H.101,D.052,I.110,N.199,L.169,D.042,B.024,M.193,E.061,M.181,I.113,E.057,G.078,M.192,F.072,D.049,B.023,L.173,G.083,H.097,L.152,I.116,E.060,B.020,C.034,C.028,K.146,K.143,B.022,M.183,A.006,D.050"
Jalan Lingkungan (Paving/Beton),606,1,Standar,"B.014,A.004,A.011,B.025,D.047,C.028,D.051,A.009,C.027,B.024,D.048,B.015,D.039,A.007,A.006,C.029,D.050"
Gedung Kampus,943,1,Standar,"A.001,A.009,C.035,H.093,C.027,E.055,K.137,H.099,F.067,D.037,I.121,A.004,D.052,B.024,K.147,K.139,I.122,D.038,A.005,F.068,B.023,D.039,D.040,G.074,G.083,B.017,B.025,E.060,C.034,I.126,G.084,H.092,E.056,A.003"
Gedung Kampus,486,1,Ekonomis,"F.066,D.046,E.059,C.026,K.136,F.070,E.055,K.137,H.087,B.018,D.047,D.052,C.032,A.010,B.021,K.138,G.081,D.045,H.095,B.023,H.106,I.118,D.040,G.083,A.006,A.012,B.017,C.034,I.126,A.002,G.084,I.120,E.056,A.003"
Ruko Standar (2 Lantai),420,2,Standar,"A.001,C.035,C.031,H.093,F.070,A.007,F.067,H.107,B.016,B.024,G.079,A.008,E.061,D.044,K.142,C.033,D.038,H.089,A.005,D.049,I.108,D.039,D.053,I.118,G.083,G.074,E.062,I.124,K.145,K.143,B.019,B.015,E.056,A.003"
Masjid Raya (Kubah Besar),1051,1,Standar,"I.123,A.001,E.059,K.141,C.026,B.013,D.048,B.018,D.036,D.037,G.077,G.076,H.101,G.080,B.016,F.069,A.010,E.063,E.061,K.139,D.044,I.113,F.071,I.122,G.073,D.038,C.030,A.012,K.140,B.020,C.028,G.075,H.092,H.091,A.006,G.085,A.003"
Masjid Musholla (Lingkungan),602,1,Ekonomis,"G.086,A.009,C.035,A.007,D.036,G.077,I.121,A.004,D.047,H.105,D.052,E.064,B.021,A.008,K.148,G.078,G.073,K.142,F.072,F.068,I.108,D.039,D.040,G.083,E.062,A.012,B.014,E.060,B.025,C.028,G.075,K.146,I.119,B.022,H.091,H.097,C.029"
Gudang Konstruksi Baja,942,1,Standar,"A.011,A.003,C.035,C.026,K.141,K.137,I.121,F.065,H.101,C.032,D.042,B.024,A.010,G.079,B.021,K.148,E.058,G.081,D.045,I.122,D.038,F.072,D.049,H.095,I.118,E.062,A.012,G.075,A.002,H.092,B.022,B.015,E.056,D.050"
Pos Keamanan (Pos Satpam),649,1,Standar,"A.011,D.046,H.102,A.001,A.003,G.086,E.059,C.026,C.031,K.136,H.087,B.018,G.076,H.101,F.069,A.010,E.061,E.057,K.138,F.071,I.112,D.045,I.117,D.041,C.030,B.023,D.053,I.124,A.012,B.017,G.075,K.146,B.019,D.050"
Ruko Premium (3 Lantai+),1072,1,Standar,"A.011,A.001,A.003,K.141,E.055,D.048,B.018,E.054,F.067,H.090,A.004,H.105,I.110,C.032,A.010,G.078,K.138,F.071,D.045,C.033,D.049,C.030,I.118,D.040,G.074,H.088,E.060,B.020,G.075,K.143,I.119,B.019,B.015,D.050"
Gudang Konstruksi Baja,262,1,Ekonomis,"G.086,A.009,C.031,K.136,B.018,D.036,E.054,A.007,G.077,H.103,I.121,H.104,I.115,H.107,D.042,A.008,G.081,D.045,C.033,F.072,D.041,F.068,I.108,D.039,E.062,K.145,A.012,B.014,E.060,K.140,B.022,B.015,A.006,C.029"
Rumah Mewah (2 Lantai+),1382,2,Standar,"M.187,A.001,G.086,A.009,K.141,N.196,C.027,E.055,L.161,L.153,B.018,A.007,M.186,D.037,D.043,I.115,M.194,H.101,F.069,E.063,H.094,L.149,M.190,E.057,K.138,G.073,I.120,C.033,F.072,A.005,D.049,I.111,D.039,L.173,A.012,B.014,L.152,C.028,M.177,K.143,G.084,N.197,B.022,B.019,H.091,D.050"
Rumah Mewah (2 Lantai+),860,2,Premium,"A.001,M.188,E.059,C.031,D.048,M.189,L.156,D.036,D.037,G.076,M.184,H.107,N.198,H.101,L.159,B.021,A.008,E.061,M.181,K.138,G.081,F.071,D.038,I.125,A.005,D.049,F.068,L.174,G.083,H.097,A.006,I.124,L.152,B.017,K.140,L.158,C.034,C.028,K.146,N.197,B.022,B.019,M.185,I.120,E.056,A.003"
Gedung Sekolah / Kelas,1320,1,Premium,"M.187,D.046,K.144,A.001,N.196,C.031,F.070,D.048,M.189,L.160,B.018,D.036,E.054,G.077,H.103,G.082,I.115,L.163,N.199,B.016,C.032,E.064,L.169,A.010,K.139,M.190,L.164,M.192,F.071,D.045,I.117,I.109,C.030,H.095,H.106,L.173,D.053,G.074,A.012,E.060,K.146,A.002,B.022,B.015,M.181,A.003"
Masjid Raya (Kubah Besar),1013,1,Premium,"L.166,H.100,A.001,E.059,C.035,C.031,L.155,H.096,L.153,A.007,M.186,D.037,F.065,G.082,I.121,G.076,L.151,D.043,A.004,N.199,B.016,D.042,E.063,G.079,D.044,K.138,M.192,F.071,M.178,K.142,D.038,A.005,I.108,C.030,B.023,I.118,G.083,G.074,E.062,L.158,B.020,M.177,K.143,N.197,B.015,M.185,H.097,G.085,A.003"
Rumah Mewah (2 Lantai+),461,2,Standar,"M.187,A.011,D.046,A.003,A.009,N.196,C.031,B.013,C.027,F.070,H.099,H.103,D.037,G.076,H.107,M.194,N.198,L.162,G.080,I.110,L.159,M.193,B.021,L.149,L.176,K.148,M.190,E.058,D.045,I.122,E.056,F.072,D.049,I.111,L.170,A.012,B.017,E.060,K.140,C.034,G.075,M.177,K.146,B.019,A.006,D.050"
Masjid Musholla (Lingkungan),1037,1,Standar,"F.066,A.001,H.093,C.031,C.027,E.055,K.137,H.087,D.036,G.077,F.065,G.076,D.043,A.004,I.115,D.047,D.042,B.024,G.079,B.021,E.061,E.057,K.138,I.109,H.089,D.049,B.023,G.083,I.124,K.145,A.012,G.075,A.002,B.015,A.006,C.029"
Gedung Sekolah / Kelas,595,1,Premium,"M.187,A.011,M.182,E.059,C.026,F.070,K.137,L.168,B.018,M.186,H.103,G.077,M.184,D.043,A.004,N.198,H.105,L.169,D.042,B.024,L.159,M.193,A.008,E.061,K.148,D.044,E.057,I.114,F.072,B.023,D.039,D.040,I.124,K.140,L.158,L.154,C.028,A.002,G.084,N.197,B.022,I.120,H.097,G.085,C.029,A.003"
Rumah Mewah (2 Lantai+),235,2,Standar,"F.066,A.011,K.144,I.123,M.182,M.188,E.059,L.171,N.196,C.027,K.136,E.055,L.168,L.156,A.007,I.121,G.082,M.195,D.047,H.105,M.180,D.052,N.199,B.016,C.032,D.042,B.021,A.008,H.098,G.078,F.071,G.073,L.165,D.038,D.041,I.111,H.106,L.173,E.062,K.140,B.020,C.028,A.002,M.183,B.019,A.006"
Jalan Lingkungan (Paving/Beton),1255,1,Premium,"M.191,A.009,C.035,N.196,L.153,D.037,D.043,M.179,N.199,C.032,D.042,A.010,B.021,L.149,M.190,D.044,L.164,M.178,C.033,L.173,L.170,A.012,B.014,M.177,D.051,A.002,B.019,B.015,A.003"
Masjid Musholla (Lingkungan),1380,1,Standar,"A.011,K.144,E.059,C.035,B.013,K.137,B.018,G.082,D.043,A.004,H.107,B.016,F.069,A.010,B.021,E.061,D.044,K.138,G.078,I.117,C.033,F.072,D.041,A.005,D.040,G.074,H.088,I.116,E.060,G.075,A.002,H.092,I.120,G.081,G.085,C.029,D.050"
Ruko Premium (3 Lantai+),1274,1,Standar,"E.059,C.035,K.136,D.048,H.087,A.007,F.065,G.082,A.004,H.107,D.042,F.069,E.063,K.138,G.081,G.073,I.122,C.033,D.038,I.109,D.041,I.108,D.039,E.062,A.012,B.014,B.025,C.028,K.143,H.092,B.019,B.015,A.006,A.003"
Gedung Sekolah / Kelas,558,1,Standar,"A.011,A.001,C.026,B.013,F.070,E.055,H.096,K.137,A.007,D.036,H.090,H.107,G.080,I.110,B.016,C.032,D.042,F.069,A.010,E.063,B.021,K.148,D.044,E.057,K.138,I.122,D.049,D.040,G.074,B.025,C.034,I.120,G.081,A.003"
Ruko Standar (2 Lantai),1089,2,Standar,"F.066,G.086,E.055,A.007,D.036,E.054,F.065,G.082,H.090,H.104,H.103,I.121,A.004,D.052,C.032,G.079,A.008,K.148,E.058,I.112,D.045,C.033,I.125,D.041,A.005,B.023,B.014,K.140,C.028,D.051,K.146,A.002,B.022,B.019"
Pos Keamanan (Pos Satpam),1147,1,Standar,"F.066,D.046,A.009,C.031,E.055,D.037,F.065,I.121,H.107,D.047,D.052,I.110,A.010,A.008,E.061,H.098,K.138,I.122,C.033,A.005,B.023,D.040,G.074,G.083,K.145,B.017,E.060,K.140,B.020,C.028,G.075,A.002,B.019,H.091"
Rumah Mewah (2 Lantai+),902,2,Standar,"I.123,A.001,M.182,G.086,L.171,M.188,C.035,C.026,B.013,C.027,K.136,E.055,L.156,A.007,F.067,D.037,H.090,M.195,A.004,L.150,M.194,N.198,B.016,D.042,G.079,M.190,D.044,I.113,E.057,E.058,D.045,F.068,H.095,L.173,D.040,H.097,A.012,B.014,K.140,B.020,G.075,I.126,K.143,N.197,L.157,A.006"
Gedung Sekolah / Kelas,1453,1,Standar,"A.001,A.003,A.009,K.141,F.070,E.055,H.087,A.007,E.054,D.036,G.077,G.082,H.090,D.052,B.024,B.021,H.098,K.139,I.113,D.045,C.033,F.072,I.125,I.108,C.030,B.023,D.040,E.062,K.145,A.012,B.025,G.081,C.029,D.050"
Rumah Subsidi (Type 21-36),1221,1,Ekonomis,"D.046,A.001,E.059,K.141,C.027,K.136,B.018,A.007,E.054,A.004,D.047,H.101,D.042,B.024,E.063,G.079,I.113,G.078,K.138,F.071,H.089,F.068,I.108,C.030,D.040,G.074,I.127,B.017,D.051,A.002,H.092,B.022,C.029,A.003"
Pos Keamanan (Pos Satpam),507,1,Ekonomis,"C.031,C.026,H.099,D.036,A.007,D.037,D.047,E.064,B.024,A.010,A.008,H.098,K.148,D.044,E.058,G.081,F.071,G.073,I.114,K.142,F.072,D.041,I.125,C.030,H.097,E.062,B.014,B.025,K.146,B.019,I.120,A.006,G.085,A.003"
Ruko Standar (2 Lantai),1043,2,Premium,"F.066,D.046,M.191,A.009,L.171,C.035,C.026,K.136,N.196,F.070,E.055,L.168,L.161,L.160,D.036,G.077,M.184,A.004,M.194,D.052,G.080,B.016,I.110,L.169,N.199,E.063,H.094,D.044,D.049,H.095,H.106,K.145,A.012,B.020,C.034,I.126,M.177,K.143,A.002,B.022,M.183,B.019,I.120,E.056,G.085,A.003"
Renovasi Rumah (Minor),1450,1,Ekonomis,"A.011,A.001,H.093,C.026,B.013,F.070,K.137,H.087,B.018,A.007,E.054,D.043,A.004,D.042,B.024,A.010,F.069,K.147,E.058,D.045,G.073,I.117,K.142,I.125,H.089,D.049,D.040,I.127,E.060,C.034,C.028,G.075,B.015,G.081"
Masjid Raya (Kubah Besar),1440,1,Ekonomis,"C.035,C.027,K.136,F.070,D.036,A.007,G.077,G.082,H.104,A.004,B.016,C.032,F.069,A.010,A.008,E.061,K.138,I.122,G.073,D.038,A.005,D.049,D.053,D.040,G.083,E.062,I.127,E.060,B.025,K.140,G.075,I.126,B.022,B.019,H.091,H.097,G.085"
Klinik Pratama,861,1,Standar,"D.046,H.102,K.144,G.086,C.026,C.031,F.070,B.018,A.007,E.054,D.037,H.090,G.082,A.004,G.080,E.063,H.094,K.139,K.148,D.044,I.113,E.057,D.045,I.117,C.033,D.041,F.068,A.012,B.014,I.116,B.020,B.015,A.006,A.003"
Gedung Kampus,268,1,Premium,"H.100,A.001,M.182,M.188,A.009,N.196,C.026,F.070,E.055,K.137,L.161,L.168,B.018,M.186,D.037,H.090,L.151,G.076,A.004,M.194,D.052,C.032,E.063,B.021,E.057,G.078,K.138,I.112,F.072,A.005,D.039,D.053,D.040,I.124,K.145,A.012,B.014,L.152,L.158,C.028,M.177,I.119,H.092,N.197,B.019,G.085"
Gudang Konstruksi Baja,1378,1,Ekonomis,"F.066,D.046,H.100,A.001,A.009,C.031,B.013,D.036,G.076,D.043,A.004,H.107,H.101,D.052,E.064,E.063,A.008,K.138,E.058,F.071,I.114,K.142,I.109,I.111,D.039,G.083,B.025,B.020,C.034,K.146,G.084,B.015,C.029,A.003"
Ruko Standar (2 Lantai),1458,2,Premium,"F.066,M.187,D.046,A.001,N.196,C.026,E.055,L.153,M.189,A.007,F.067,H.103,L.151,G.082,D.043,I.115,L.163,L.150,D.047,M.194,H.101,A.010,B.021,A.008,M.181,M.192,E.058,L.165,C.033,I.109,D.039,B.014,I.127,E.060,K.140,C.034,G.075,D.051,K.146,K.143,H.092,N.197,B.019,B.015,G.081,A.003"
Gedung Sekolah / Kelas,192,1,Standar,"K.144,A.009,C.035,C.026,B.013,K.136,H.087,E.054,F.065,D.043,D.047,H.105,D.052,I.110,E.063,B.021,A.008,E.057,F.071,G.073,K.142,D.038,I.125,A.005,D.040,G.083,H.088,I.116,B.025,B.020,C.034,A.002,G.084,A.006"
Jalan Lingkungan (Paving/Beton),381,1,Standar,"D.043,A.011,D.045,A.001,C.028,C.033,C.026,A.002,B.016,B.013,D.041,A.010,D.042,B.023,A.008,B.015,D.040"
Gedung Sekolah / Kelas,1322,1,Premium,"F.066,A.011,C.026,C.027,L.155,M.189,E.054,L.151,L.163,A.004,H.107,M.194,N.198,H.101,M.180,N.199,E.063,G.079,B.021,A.008,M.190,D.044,I.113,G.078,E.058,K.138,M.178,K.142,C.033,I.125,D.041,A.005,F.068,B.023,D.039,D.053,G.083,L.170,B.017,K.140,L.175,I.119,B.019,H.091,A.006,D.050"
Cafe / Restoran (Interior),226,1,Ekonomis,"F.066,A.011,K.144,H.100,G.086,A.009,C.031,K.136,D.048,B.018,E.054,G.077,A.004,H.101,D.042,A.010,K.148,D.044,D.045,C.033,I.125,F.068,C.030,H.088,I.116,E.060,I.126,A.002,B.022,B.019,B.015,E.056,G.085,D.050"
Ruko Standar (2 Lantai),504,2,Premium,"M.187,D.046,A.001,A.009,C.035,K.141,C.027,L.155,N.196,L.161,D.048,M.189,A.007,H.090,H.107,D.047,M.194,I.110,N.199,E.064,F.069,L.159,L.169,M.193,K.147,E.058,F.071,I.112,D.045,M.178,K.142,H.089,A.005,D.053,B.014,I.127,B.017,L.158,C.034,G.075,A.002,G.084,B.022,B.019,E.056,G.085"
Rumah Subsidi (Type 21-36),1073,1,Standar,"A.001,A.003,C.027,F.070,D.048,D.037,H.090,D.043,I.115,C.032,B.024,A.008,H.098,K.148,E.057,K.138,G.081,F.072,A.005,D.049,H.095,E.062,I.124,K.145,B.014,E.060,B.025,G.075,I.119,B.019,A.006,G.085,C.029,D.050"
Pos Keamanan (Pos Satpam),1477,1,Premium,"M.191,M.182,A.009,C.027,F.070,L.153,A.007,D.036,D.037,E.054,F.065,G.077,M.186,M.184,D.047,N.198,G.080,N.199,B.016,C.032,A.010,H.094,K.147,K.139,L.176,E.057,G.073,M.178,K.142,I.125,D.041,A.005,C.030,H.095,I.118,L.170,H.088,B.014,I.127,B.017,E.060,L.158,D.051,B.015,L.157,A.003"
Masjid Raya (Kubah Besar),1292,1,Standar,"F.066,H.100,G.086,C.031,K.137,H.087,B.018,E.054,D.037,I.121,G.082,G.077,H.101,C.032,E.063,A.008,E.061,K.139,I.113,F.071,C.033,A.005,D.049,D.039,K.145,A.012,B.014,B.017,G.075,D.051,A.002,I.119,B.019,A.006,D.050"
Jalan Lingkungan (Paving/Beton),74,1,Ekonomis,"B.017,D.047,B.020,C.034,D.052,A.002,A.005,C.032,B.024,D.049,C.030,A.008,B.018,D.040,A.006,D.037,A.003"
Renovasi Rumah (Minor),554,1,Ekonomis,"A.011,H.102,A.001,A.009,E.059,C.035,B.013,K.136,E.055,F.067,D.047,D.052,F.069,B.024,G.079,K.147,A.008,I.113,K.138,D.045,I.122,I.114,C.033,D.041,H.095,H.106,D.040,B.017,B.025,E.060,C.034,G.084,A.006,G.085"
